1;1;758;2;2;82;4;6.50
2;1;758;2;2;82;7;3.95
3;2;477;3;5;30;3;1.50
4;2;477;3;5;30;7;3.95
5;3;251;4;5;60;8;4.50
6;3;251;4;5;60;3;1.50
7;3;251;4;5;60;6;2.95
8;4;684;2;1;87;5;2.25
9;4;684;2;1;87;8;4.50
10;5;477;4;2;93;5;2.25
11;5;477;4;2;93;1;12.95
12;5;477;4;2;93;6;2.95
13;6;825;3;1;39;7;3.95
14;6;825;3;1;39;2;18.95
15;7;870;1;3;32;8;4.50
16;8;448;1;2;78;8;4.50
17;8;448;1;2;78;1;12.95
18;9;706;3;5;53;8;4.50
19;9;706;3;5;53;5;2.25
20;10;445;3;2;57;3;1.50
21;10;445;3;2;57;2;18.95
22;11;613;3;3;18;7;3.95
23;12;923;4;5;85;5;2.25
24;12;923;4;5;85;4;6.50
25;12;923;4;5;85;6;2.95
26;13;811;4;5;27;8;4.50
27;13;811;4;5;27;5;2.25
28;14;660;4;5;44;1;12.95
29;14;660;4;5;44;5;2.25
30;14;660;4;5;44;4;6.50
31;15;845;1;4;61;2;18.95
32;16;333;4;1;77;6;2.95
33;17;574;4;3;5;1;12.95
34;17;574;4;3;5;6;2.95
35;17;574;4;3;5;5;2.25
36;18;391;2;5;56;1;12.95
37;19;185;1;2;93;8;4.50
38;19;185;1;2;93;1;12.95
39;19;185;1;2;93;4;6.50
40;20;260;1;4;10;2;18.95
41;20;260;1;4;10;5;2.25
42;21;101;4;1;4;6;2.95
43;21;101;4;1;4;7;3.95
44;22;170;3;5;89;6;2.95
45;23;342;2;3;82;2;18.95
46;23;342;2;3;82;4;6.50
47;24;569;3;2;40;7;3.95
48;24;569;3;2;40;3;1.50
49;25;13;3;2;54;3;1.50
50;26;953;2;2;24;8;4.50
51;26;953;2;2;24;6;2.95
52;27;715;2;3;60;1;12.95
53;27;715;2;3;60;2;18.95
54;28;240;3;2;33;5;2.25
55;28;240;3;2;33;4;6.50
56;28;240;3;2;33;4;6.50
57;29;418;3;1;68;3;1.50
58;29;418;3;1;68;2;18.95
59;30;487;3;4;51;4;6.50
60;30;487;3;4;51;3;1.50
61;30;487;3;4;51;4;6.50
62;31;875;4;1;78;6;2.95
63;31;875;4;1;78;1;12.95
64;31;875;4;1;78;6;2.95
65;32;402;3;2;95;6;2.95
66;33;822;3;1;1;6;2.95
67;34;280;4;1;84;4;6.50
68;34;280;4;1;84;1;12.95
69;34;280;4;1;84;3;1.50
70;35;792;4;1;44;6;2.95
71;35;792;4;1;44;3;1.50
72;36;279;1;1;84;5;2.25
73;36;279;1;1;84;8;4.50
74;36;279;1;1;84;8;4.50
75;37;42;3;4;88;6;2.95
76;37;42;3;4;88;8;4.50
77;38;373;3;2;62;1;12.95
78;38;373;3;2;62;2;18.95
79;39;789;3;2;33;1;12.95
80;39;789;3;2;33;2;18.95
81;40;290;2;3;95;4;6.50
82;41;49;1;3;24;4;6.50
83;42;415;1;5;32;7;3.95
84;42;415;1;5;32;8;4.50
85;43;479;3;3;33;6;2.95
86;44;919;3;2;86;6;2.95
87;44;919;3;2;86;1;12.95
88;44;919;3;2;86;1;12.95
89;45;62;1;2;72;4;6.50
90;45;62;1;2;72;4;6.50
91;46;679;2;2;57;3;1.50
92;46;679;2;2;57;7;3.95
93;46;679;2;2;57;4;6.50
94;47;64;4;4;35;4;6.50
95;47;64;4;4;35;6;2.95
96;47;64;4;4;35;1;12.95
97;48;208;1;5;39;2;18.95
98;49;378;3;1;20;8;4.50
99;49;378;3;1;20;2;18.95
100;49;378;3;1;20;4;6.50
101;50;877;2;5;66;4;6.50
102;51;670;1;4;48;3;1.50
103;52;899;4;1;93;3;1.50
104;53;842;3;4;76;1;12.95
105;53;842;3;4;76;1;12.95
106;53;842;3;4;76;7;3.95
107;54;225;1;1;4;3;1.50
108;54;225;1;1;4;2;18.95
109;54;225;1;1;4;2;18.95
110;55;968;3;5;63;5;2.25
111;55;968;3;5;63;6;2.95
112;56;758;4;4;78;2;18.95
113;56;758;4;4;78;5;2.25
114;56;758;4;4;78;5;2.25
115;57;482;4;2;80;7;3.95
116;57;482;4;2;80;7;3.95
117;58;1;1;3;64;1;12.95
118;59;943;2;3;83;1;12.95
119;59;943;2;3;83;6;2.95
120;59;943;2;3;83;2;18.95
121;60;830;1;1;28;4;6.50
122;60;830;1;1;28;7;3.95
123;61;673;1;5;69;5;2.25
124;61;673;1;5;69;4;6.50
125;62;471;1;1;5;6;2.95
126;62;471;1;1;5;1;12.95
127;63;347;2;4;53;8;4.50
128;63;347;2;4;53;5;2.25
129;64;632;2;1;45;5;2.25
130;64;632;2;1;45;7;3.95
131;64;632;2;1;45;2;18.95
132;65;799;4;5;88;7;3.95
133;65;799;4;5;88;5;2.25
134;65;799;4;5;88;7;3.95
135;66;782;2;4;19;7;3.95
136;66;782;2;4;19;1;12.95
137;67;934;2;5;5;6;2.95
138;67;934;2;5;5;5;2.25
139;67;934;2;5;5;2;18.95
140;68;819;4;4;9;4;6.50
141;68;819;4;4;9;3;1.50
142;68;819;4;4;9;1;12.95
143;69;566;4;5;41;1;12.95
144;69;566;4;5;41;7;3.95
145;70;31;2;4;71;8;4.50
146;71;722;1;1;93;1;12.95
147;71;722;1;1;93;3;1.50
148;72;974;4;1;1;2;18.95
149;72;974;4;1;1;2;18.95
150;72;974;4;1;1;6;2.95
151;73;124;1;2;91;5;2.25
152;74;187;1;2;83;2;18.95
153;74;187;1;2;83;8;4.50
154;74;187;1;2;83;3;1.50
155;75;293;4;5;46;2;18.95
156;75;293;4;5;46;8;4.50
157;76;581;1;5;10;7;3.95
158;76;581;1;5;10;3;1.50
159;76;581;1;5;10;2;18.95
160;77;291;2;1;73;1;12.95
161;78;74;2;3;8;2;18.95
162;78;74;2;3;8;4;6.50
163;78;74;2;3;8;6;2.95
164;79;445;2;5;9;4;6.50
165;80;728;2;2;41;4;6.50
166;81;796;2;3;92;7;3.95
167;81;796;2;3;92;4;6.50
168;81;796;2;3;92;4;6.50
169;82;432;1;3;74;2;18.95
170;82;432;1;3;74;4;6.50
171;82;432;1;3;74;6;2.95
172;83;204;1;4;47;1;12.95
173;83;204;1;4;47;3;1.50
174;84;629;3;1;74;4;6.50
175;84;629;3;1;74;6;2.95
176;84;629;3;1;74;7;3.95
177;85;762;2;5;23;8;4.50
178;86;257;3;3;4;1;12.95
179;86;257;3;3;4;3;1.50
180;87;755;4;3;28;7;3.95
181;88;340;3;2;30;2;18.95
182;88;340;3;2;30;4;6.50
183;88;340;3;2;30;3;1.50
184;89;574;3;3;50;6;2.95
185;89;574;3;3;50;4;6.50
186;90;788;2;2;75;2;18.95
187;90;788;2;2;75;6;2.95
188;91;591;1;4;37;4;6.50
189;91;591;1;4;37;4;6.50
190;92;695;2;4;46;3;1.50
191;93;53;3;1;72;8;4.50
192;93;53;3;1;72;1;12.95
193;94;67;4;4;51;6;2.95
194;94;67;4;4;51;1;12.95
195;94;67;4;4;51;1;12.95
196;95;999;4;4;60;2;18.95
197;95;999;4;4;60;7;3.95
198;95;999;4;4;60;3;1.50
199;96;461;2;1;11;8;4.50
200;96;461;2;1;11;4;6.50
201;97;709;3;1;43;4;6.50
202;97;709;3;1;43;7;3.95
203;97;709;3;1;43;4;6.50
204;98;390;1;1;78;5;2.25
205;98;390;1;1;78;1;12.95
206;98;390;1;1;78;4;6.50
207;99;85;1;1;23;2;18.95
208;99;85;1;1;23;5;2.25
209;100;705;3;2;59;3;1.50
210;100;705;3;2;59;4;6.50
211;100;705;3;2;59;6;2.95
212;101;956;4;5;50;5;2.25
213;101;956;4;5;50;4;6.50
214;101;956;4;5;50;6;2.95
215;102;266;1;1;21;6;2.95
216;103;786;3;5;14;8;4.50
217;103;786;3;5;14;4;6.50
218;104;103;4;4;33;4;6.50
219;105;29;1;2;32;5;2.25
220;106;202;3;4;19;7;3.95
221;107;344;3;1;25;1;12.95
222;107;344;3;1;25;4;6.50
223;107;344;3;1;25;6;2.95
224;108;809;4;3;5;1;12.95
225;109;765;2;5;10;1;12.95
226;109;765;2;5;10;4;6.50
227;110;829;1;1;73;2;18.95
228;110;829;1;1;73;7;3.95
229;111;320;2;3;90;5;2.25
230;112;297;2;4;20;3;1.50
231;112;297;2;4;20;2;18.95
232;113;783;1;4;12;3;1.50
233;114;659;3;3;71;1;12.95
234;114;659;3;3;71;6;2.95
235;114;659;3;3;71;1;12.95
236;115;359;3;4;71;2;18.95
237;115;359;3;4;71;7;3.95
238;116;518;3;2;24;3;1.50
239;116;518;3;2;24;2;18.95
240;117;553;2;3;78;2;18.95
241;118;975;3;1;38;7;3.95
242;118;975;3;1;38;7;3.95
243;118;975;3;1;38;5;2.25
244;119;214;3;5;67;3;1.50
245;119;214;3;5;67;5;2.25
246;119;214;3;5;67;6;2.95
247;120;108;4;3;87;4;6.50
248;120;108;4;3;87;1;12.95
249;121;653;3;3;22;4;6.50
250;121;653;3;3;22;3;1.50
251;121;653;3;3;22;7;3.95
252;122;604;3;5;25;4;6.50
253;122;604;3;5;25;1;12.95
254;122;604;3;5;25;1;12.95
255;123;961;2;3;70;6;2.95
256;123;961;2;3;70;3;1.50
257;123;961;2;3;70;6;2.95
258;124;357;3;4;30;1;12.95
259;125;25;1;2;61;1;12.95
260;125;25;1;2;61;1;12.95
261;126;423;4;2;94;3;1.50
262;126;423;4;2;94;2;18.95
263;127;986;3;2;32;3;1.50
264;127;986;3;2;32;5;2.25
265;128;686;2;1;71;4;6.50
266;128;686;2;1;71;4;6.50
267;128;686;2;1;71;1;12.95
268;129;868;3;4;14;3;1.50
269;130;820;1;1;81;2;18.95
270;130;820;1;1;81;7;3.95
271;130;820;1;1;81;6;2.95
272;131;79;4;3;17;4;6.50
273;131;79;4;3;17;2;18.95
274;132;253;4;4;58;8;4.50
275;133;90;2;1;4;3;1.50
276;134;405;2;3;71;3;1.50
277;134;405;2;3;71;8;4.50
278;135;977;4;3;53;6;2.95
279;136;721;2;3;44;6;2.95
280;137;681;3;4;4;6;2.95
281;138;529;2;5;20;2;18.95
282;138;529;2;5;20;5;2.25
283;138;529;2;5;20;3;1.50
284;139;924;3;4;93;3;1.50
285;139;924;3;4;93;8;4.50
286;139;924;3;4;93;8;4.50
287;140;747;1;5;32;8;4.50
288;140;747;1;5;32;3;1.50
289;141;323;4;4;61;1;12.95
290;141;323;4;4;61;2;18.95
291;141;323;4;4;61;1;12.95
292;142;929;4;3;13;7;3.95
293;142;929;4;3;13;7;3.95
294;142;929;4;3;13;6;2.95
295;143;549;2;5;19;2;18.95
296;144;158;1;3;64;5;2.25
297;144;158;1;3;64;7;3.95
298;144;158;1;3;64;3;1.50
299;145;429;4;4;28;5;2.25
300;145;429;4;4;28;5;2.25
301;145;429;4;4;28;8;4.50
302;146;782;4;5;19;2;18.95
303;146;782;4;5;19;6;2.95
304;146;782;4;5;19;8;4.50
305;147;361;4;3;55;5;2.25
306;147;361;4;3;55;7;3.95
307;148;16;3;5;22;6;2.95
308;148;16;3;5;22;6;2.95
309;148;16;3;5;22;4;6.50
310;149;249;4;2;71;8;4.50
311;149;249;4;2;71;1;12.95
312;149;249;4;2;71;4;6.50
313;150;450;3;5;72;8;4.50
314;150;450;3;5;72;2;18.95
315;150;450;3;5;72;8;4.50
316;151;635;4;2;90;7;3.95
317;151;635;4;2;90;5;2.25
318;151;635;4;2;90;1;12.95
319;152;11;2;4;3;7;3.95
320;152;11;2;4;3;6;2.95
321;153;880;1;3;38;2;18.95
322;153;880;1;3;38;6;2.95
323;153;880;1;3;38;3;1.50
324;154;474;3;1;3;3;1.50
325;154;474;3;1;3;1;12.95
326;155;111;3;1;19;7;3.95
327;155;111;3;1;19;8;4.50
328;155;111;3;1;19;3;1.50
329;156;984;4;2;87;5;2.25
330;156;984;4;2;87;4;6.50
331;156;984;4;2;87;3;1.50
332;157;126;1;3;6;7;3.95
333;157;126;1;3;6;1;12.95
334;158;44;3;4;80;8;4.50
335;158;44;3;4;80;3;1.50
336;159;83;3;5;57;3;1.50
337;160;254;2;5;68;2;18.95
338;160;254;2;5;68;8;4.50
339;160;254;2;5;68;5;2.25
340;161;585;3;1;4;7;3.95
341;161;585;3;1;4;1;12.95
342;161;585;3;1;4;6;2.95
343;162;239;2;1;44;6;2.95
344;162;239;2;1;44;4;6.50
345;163;543;4;2;54;1;12.95
346;163;543;4;2;54;4;6.50
347;163;543;4;2;54;3;1.50
348;164;833;3;5;44;1;12.95
349;164;833;3;5;44;3;1.50
350;164;833;3;5;44;1;12.95
351;165;20;4;1;71;1;12.95
352;165;20;4;1;71;3;1.50
353;166;53;4;4;38;7;3.95
354;166;53;4;4;38;1;12.95
355;167;355;4;4;6;5;2.25
356;167;355;4;4;6;7;3.95
357;167;355;4;4;6;4;6.50
358;168;802;1;2;3;1;12.95
359;168;802;1;2;3;3;1.50
360;169;616;3;1;18;5;2.25
361;169;616;3;1;18;7;3.95
362;170;81;1;5;48;7;3.95
363;170;81;1;5;48;3;1.50
364;170;81;1;5;48;6;2.95
365;171;826;2;5;10;1;12.95
366;171;826;2;5;10;8;4.50
367;172;287;1;2;61;5;2.25
368;173;175;4;4;15;8;4.50
369;174;945;2;5;60;1;12.95
370;174;945;2;5;60;2;18.95
371;174;945;2;5;60;3;1.50
372;175;238;1;5;17;8;4.50
373;175;238;1;5;17;2;18.95
374;176;14;4;1;55;7;3.95
375;176;14;4;1;55;8;4.50
376;177;824;3;1;2;1;12.95
377;177;824;3;1;2;5;2.25
378;177;824;3;1;2;7;3.95
379;178;380;1;3;65;3;1.50
380;178;380;1;3;65;2;18.95
381;178;380;1;3;65;2;18.95
382;179;533;1;3;49;8;4.50
383;179;533;1;3;49;4;6.50
384;180;471;1;2;42;4;6.50
385;180;471;1;2;42;5;2.25
386;181;997;4;2;81;5;2.25
387;182;237;1;2;46;8;4.50
388;182;237;1;2;46;1;12.95
389;182;237;1;2;46;8;4.50
390;183;713;1;3;5;4;6.50
391;183;713;1;3;5;8;4.50
392;183;713;1;3;5;6;2.95
393;184;162;2;3;59;8;4.50
394;184;162;2;3;59;3;1.50
395;185;933;2;4;49;6;2.95
396;185;933;2;4;49;7;3.95
397;185;933;2;4;49;2;18.95
398;186;177;3;2;92;3;1.50
399;186;177;3;2;92;4;6.50
400;187;269;3;2;66;5;2.25
401;188;431;2;1;16;6;2.95
402;188;431;2;1;16;7;3.95
403;188;431;2;1;16;5;2.25
404;189;170;1;2;54;7;3.95
405;189;170;1;2;54;3;1.50
406;190;736;3;2;85;8;4.50
407;191;409;4;5;83;5;2.25
408;191;409;4;5;83;3;1.50
409;192;912;4;4;67;8;4.50
410;193;347;4;3;96;8;4.50
411;193;347;4;3;96;7;3.95
412;193;347;4;3;96;6;2.95
413;194;5;3;4;15;5;2.25
414;194;5;3;4;15;6;2.95
415;194;5;3;4;15;6;2.95
416;195;644;4;1;20;5;2.25
417;195;644;4;1;20;4;6.50
418;195;644;4;1;20;7;3.95
419;196;892;4;3;2;4;6.50
420;197;254;2;4;57;5;2.25
421;197;254;2;4;57;7;3.95
422;197;254;2;4;57;1;12.95
423;198;920;1;5;83;8;4.50
424;198;920;1;5;83;5;2.25
425;198;920;1;5;83;5;2.25
426;199;708;2;1;20;4;6.50
427;200;565;4;5;85;5;2.25
428;201;507;2;3;33;7;3.95
429;202;645;2;1;48;2;18.95
430;202;645;2;1;48;7;3.95
431;203;144;1;1;80;8;4.50
432;203;144;1;1;80;5;2.25
433;204;230;1;1;26;2;18.95
434;204;230;1;1;26;7;3.95
435;204;230;1;1;26;7;3.95
436;205;559;1;5;14;7;3.95
437;205;559;1;5;14;4;6.50
438;206;931;3;5;67;1;12.95
439;206;931;3;5;67;1;12.95
440;207;838;2;2;22;8;4.50
441;207;838;2;2;22;5;2.25
442;208;78;3;2;33;4;6.50
443;208;78;3;2;33;7;3.95
444;209;935;3;3;23;3;1.50
445;209;935;3;3;23;4;6.50
446;209;935;3;3;23;2;18.95
447;210;401;3;3;75;3;1.50
448;210;401;3;3;75;8;4.50
449;211;359;2;4;42;7;3.95
450;211;359;2;4;42;4;6.50
451;211;359;2;4;42;3;1.50
452;212;344;1;1;43;4;6.50
453;212;344;1;1;43;1;12.95
454;212;344;1;1;43;4;6.50
455;213;514;4;5;38;5;2.25
456;213;514;4;5;38;6;2.95
457;214;487;2;4;49;3;1.50
458;215;228;4;5;86;1;12.95
459;215;228;4;5;86;1;12.95
460;216;327;1;4;20;2;18.95
461;216;327;1;4;20;1;12.95
462;217;5;1;4;37;2;18.95
463;217;5;1;4;37;6;2.95
464;217;5;1;4;37;2;18.95
465;218;896;4;1;1;2;18.95
466;219;382;4;3;90;7;3.95
467;219;382;4;3;90;5;2.25
468;220;583;3;5;26;6;2.95
469;220;583;3;5;26;5;2.25
470;220;583;3;5;26;1;12.95
471;221;715;2;4;91;6;2.95
472;221;715;2;4;91;4;6.50
473;222;660;1;3;56;1;12.95
474;223;125;4;3;88;3;1.50
475;223;125;4;3;88;4;6.50
476;224;565;2;5;37;2;18.95
477;225;935;1;4;47;4;6.50
478;226;446;2;2;74;2;18.95
479;226;446;2;2;74;3;1.50
480;227;599;4;5;63;1;12.95
481;227;599;4;5;63;3;1.50
482;228;673;4;1;50;7;3.95
483;229;765;2;4;78;2;18.95
484;229;765;2;4;78;4;6.50
485;230;802;4;5;76;5;2.25
486;230;802;4;5;76;6;2.95
487;230;802;4;5;76;2;18.95
488;231;712;3;3;89;5;2.25
489;231;712;3;3;89;8;4.50
490;232;214;2;2;55;7;3.95
491;232;214;2;2;55;5;2.25
492;232;214;2;2;55;2;18.95
493;233;135;2;4;5;6;2.95
494;234;757;2;4;83;8;4.50
495;234;757;2;4;83;3;1.50
496;234;757;2;4;83;6;2.95
497;235;557;2;3;16;6;2.95
498;235;557;2;3;16;7;3.95
499;236;147;4;4;45;4;6.50
500;236;147;4;4;45;4;6.50
501;236;147;4;4;45;5;2.25
502;237;704;1;2;86;5;2.25
503;237;704;1;2;86;7;3.95
504;237;704;1;2;86;4;6.50
505;238;5;4;1;21;4;6.50
506;238;5;4;1;21;4;6.50
507;239;79;4;3;52;4;6.50
508;240;312;3;4;73;8;4.50
509;241;863;3;1;3;5;2.25
510;242;838;1;2;27;3;1.50
511;242;838;1;2;27;7;3.95
512;243;89;1;4;26;1;12.95
513;243;89;1;4;26;8;4.50
514;244;320;3;1;47;6;2.95
515;244;320;3;1;47;8;4.50
516;245;885;1;3;74;3;1.50
517;246;344;2;5;37;7;3.95
518;247;339;3;1;53;1;12.95
519;247;339;3;1;53;7;3.95
520;248;344;4;4;32;7;3.95
521;248;344;4;4;32;1;12.95
522;249;521;4;3;55;5;2.25
523;249;521;4;3;55;7;3.95
524;250;558;3;5;34;8;4.50
525;250;558;3;5;34;4;6.50
526;250;558;3;5;34;5;2.25
527;251;349;2;5;72;8;4.50
528;251;349;2;5;72;7;3.95
529;252;828;4;2;21;7;3.95
530;252;828;4;2;21;1;12.95
531;253;309;3;5;79;5;2.25
532;254;115;3;5;29;3;1.50
533;254;115;3;5;29;4;6.50
534;255;532;2;1;40;8;4.50
535;255;532;2;1;40;2;18.95
536;255;532;2;1;40;2;18.95
537;256;699;1;5;42;3;1.50
538;256;699;1;5;42;7;3.95
539;257;317;3;5;64;6;2.95
540;258;692;1;3;82;4;6.50
541;258;692;1;3;82;5;2.25
542;258;692;1;3;82;3;1.50
543;259;808;2;3;31;3;1.50
544;260;231;4;2;50;3;1.50
545;261;904;4;1;80;5;2.25
546;261;904;4;1;80;1;12.95
547;261;904;4;1;80;2;18.95
548;262;404;2;5;28;6;2.95
549;263;357;1;2;82;2;18.95
550;264;251;1;2;53;4;6.50
551;264;251;1;2;53;8;4.50
552;264;251;1;2;53;8;4.50
553;265;560;4;3;24;2;18.95
554;266;300;4;4;95;6;2.95
555;266;300;4;4;95;7;3.95
556;266;300;4;4;95;7;3.95
557;267;168;3;2;6;4;6.50
558;267;168;3;2;6;2;18.95
559;268;12;4;1;9;8;4.50
560;268;12;4;1;9;6;2.95
561;268;12;4;1;9;4;6.50
562;269;413;2;2;27;8;4.50
563;269;413;2;2;27;2;18.95
564;269;413;2;2;27;2;18.95
565;270;46;4;3;21;4;6.50
566;271;778;4;1;44;5;2.25
567;271;778;4;1;44;1;12.95
568;272;667;2;5;15;6;2.95
569;272;667;2;5;15;2;18.95
570;273;734;4;1;47;4;6.50
571;273;734;4;1;47;4;6.50
572;274;296;4;5;46;6;2.95
573;274;296;4;5;46;4;6.50
574;275;695;3;4;56;7;3.95
575;275;695;3;4;56;2;18.95
576;275;695;3;4;56;2;18.95
577;276;510;4;3;50;7;3.95
578;276;510;4;3;50;5;2.25
579;276;510;4;3;50;7;3.95
580;277;342;2;3;46;1;12.95
581;277;342;2;3;46;6;2.95
582;278;459;1;2;93;3;1.50
583;279;2;4;5;77;2;18.95
584;280;361;4;1;93;1;12.95
585;280;361;4;1;93;5;2.25
586;280;361;4;1;93;8;4.50
587;281;311;4;2;80;3;1.50
588;281;311;4;2;80;3;1.50
589;282;782;3;4;56;5;2.25
590;283;209;4;1;34;2;18.95
591;284;612;3;3;64;7;3.95
592;284;612;3;3;64;8;4.50
593;284;612;3;3;64;1;12.95
594;285;32;3;5;87;4;6.50
595;285;32;3;5;87;3;1.50
596;286;926;3;4;88;2;18.95
597;286;926;3;4;88;8;4.50
598;287;275;4;4;64;8;4.50
599;288;804;1;1;8;6;2.95
600;289;421;1;5;59;6;2.95
601;289;421;1;5;59;7;3.95
602;289;421;1;5;59;7;3.95
603;290;773;4;4;11;6;2.95
604;290;773;4;4;11;1;12.95
605;291;262;4;4;74;5;2.25
606;291;262;4;4;74;1;12.95
607;292;15;4;1;4;4;6.50
608;293;886;2;5;94;4;6.50
609;294;986;1;3;56;1;12.95
610;294;986;1;3;56;5;2.25
611;294;986;1;3;56;4;6.50
612;295;703;2;5;54;8;4.50
613;295;703;2;5;54;1;12.95
614;295;703;2;5;54;7;3.95
615;296;146;4;1;85;8;4.50
616;297;576;2;2;80;1;12.95
617;297;576;2;2;80;6;2.95
618;298;774;1;1;5;7;3.95
619;299;507;4;1;80;6;2.95
620;300;146;3;1;32;3;1.50
621;300;146;3;1;32;3;1.50
622;301;536;1;2;47;4;6.50
623;301;536;1;2;47;4;6.50
624;302;74;1;4;41;5;2.25
625;302;74;1;4;41;2;18.95
626;302;74;1;4;41;1;12.95
627;303;384;3;4;15;5;2.25
628;303;384;3;4;15;3;1.50
629;304;727;2;5;64;8;4.50
630;304;727;2;5;64;4;6.50
631;304;727;2;5;64;3;1.50
632;305;38;2;5;75;5;2.25
633;305;38;2;5;75;2;18.95
634;306;111;2;4;8;5;2.25
635;306;111;2;4;8;1;12.95
636;307;359;4;1;4;4;6.50
637;308;947;1;4;88;6;2.95
638;309;887;3;5;72;2;18.95
639;309;887;3;5;72;1;12.95
640;309;887;3;5;72;6;2.95
641;310;997;1;2;51;8;4.50
642;311;913;3;5;47;8;4.50
643;311;913;3;5;47;2;18.95
644;312;578;4;3;43;6;2.95
645;312;578;4;3;43;5;2.25
646;312;578;4;3;43;4;6.50
647;313;295;1;5;36;7;3.95
648;313;295;1;5;36;8;4.50
649;314;238;2;4;91;2;18.95
650;315;550;3;4;73;8;4.50
651;316;692;3;4;47;1;12.95
652;316;692;3;4;47;4;6.50
653;316;692;3;4;47;2;18.95
654;317;512;2;3;38;1;12.95
655;317;512;2;3;38;8;4.50
656;317;512;2;3;38;5;2.25
657;318;557;1;3;16;4;6.50
658;318;557;1;3;16;3;1.50
659;318;557;1;3;16;6;2.95
660;319;873;2;5;90;1;12.95
661;320;763;3;3;95;8;4.50
662;321;482;1;4;82;8;4.50
663;321;482;1;4;82;7;3.95
664;321;482;1;4;82;1;12.95
665;322;854;3;2;96;5;2.25
666;322;854;3;2;96;1;12.95
667;322;854;3;2;96;5;2.25
668;323;788;4;4;2;5;2.25
669;324;129;4;5;38;5;2.25
670;324;129;4;5;38;7;3.95
671;324;129;4;5;38;2;18.95
672;325;908;3;2;29;2;18.95
673;326;304;3;2;48;8;4.50
674;327;974;1;5;64;5;2.25
675;328;127;4;2;47;6;2.95
676;328;127;4;2;47;7;3.95
677;328;127;4;2;47;7;3.95
678;329;736;1;1;77;5;2.25
679;330;128;2;1;1;2;18.95
680;331;317;4;2;17;6;2.95
681;331;317;4;2;17;6;2.95
682;332;350;2;3;19;2;18.95
683;332;350;2;3;19;5;2.25
684;332;350;2;3;19;1;12.95
685;333;954;4;1;37;6;2.95
686;333;954;4;1;37;8;4.50
687;333;954;4;1;37;4;6.50
688;334;896;3;4;41;1;12.95
689;335;327;3;2;43;6;2.95
690;335;327;3;2;43;4;6.50
691;335;327;3;2;43;2;18.95
692;336;541;1;1;69;5;2.25
693;336;541;1;1;69;5;2.25
694;337;469;2;1;40;1;12.95
695;337;469;2;1;40;6;2.95
696;338;168;1;2;72;4;6.50
697;338;168;1;2;72;8;4.50
698;339;526;1;1;53;1;12.95
699;339;526;1;1;53;2;18.95
700;339;526;1;1;53;2;18.95
701;340;639;2;2;56;3;1.50
702;340;639;2;2;56;7;3.95
703;341;603;1;2;62;2;18.95
704;341;603;1;2;62;6;2.95
705;341;603;1;2;62;8;4.50
706;342;518;1;1;43;4;6.50
707;343;836;2;2;59;6;2.95
708;343;836;2;2;59;6;2.95
709;343;836;2;2;59;8;4.50
710;344;125;2;4;9;2;18.95
711;344;125;2;4;9;2;18.95
712;345;240;1;2;89;6;2.95
713;345;240;1;2;89;6;2.95
714;346;508;2;4;14;7;3.95
715;346;508;2;4;14;2;18.95
716;347;521;2;4;96;1;12.95
717;347;521;2;4;96;4;6.50
718;348;661;3;5;28;2;18.95
719;348;661;3;5;28;2;18.95
720;349;265;1;5;55;8;4.50
721;350;936;4;2;52;1;12.95
722;350;936;4;2;52;3;1.50
723;351;101;1;1;89;6;2.95
724;351;101;1;1;89;5;2.25
725;351;101;1;1;89;4;6.50
726;352;586;3;4;25;6;2.95
727;353;581;3;3;66;6;2.95
728;353;581;3;3;66;6;2.95
729;353;581;3;3;66;1;12.95
730;354;601;4;1;14;2;18.95
731;354;601;4;1;14;7;3.95
732;355;620;1;2;79;4;6.50
733;356;578;4;4;75;8;4.50
734;357;333;3;2;6;3;1.50
735;358;776;3;1;24;2;18.95
736;358;776;3;1;24;3;1.50
737;358;776;3;1;24;7;3.95
738;359;421;3;5;74;6;2.95
739;359;421;3;5;74;6;2.95
740;359;421;3;5;74;8;4.50
741;360;298;2;4;89;6;2.95
742;361;306;2;3;87;6;2.95
743;361;306;2;3;87;1;12.95
744;362;286;3;3;75;5;2.25
745;362;286;3;3;75;5;2.25
746;363;8;1;2;16;4;6.50
747;364;515;1;3;46;2;18.95
748;364;515;1;3;46;1;12.95
749;364;515;1;3;46;3;1.50
750;365;860;1;1;69;5;2.25
751;366;331;4;1;89;2;18.95
752;366;331;4;1;89;7;3.95
753;367;441;3;2;88;4;6.50
754;367;441;3;2;88;5;2.25
755;367;441;3;2;88;8;4.50
756;368;453;1;5;54;6;2.95
757;368;453;1;5;54;6;2.95
758;369;637;1;1;23;5;2.25
759;369;637;1;1;23;3;1.50
760;369;637;1;1;23;5;2.25
761;370;678;1;1;54;7;3.95
762;371;199;2;4;44;5;2.25
763;371;199;2;4;44;8;4.50
764;372;104;1;4;39;1;12.95
765;373;888;1;4;75;2;18.95
766;373;888;1;4;75;7;3.95
767;373;888;1;4;75;6;2.95
768;374;166;2;5;43;6;2.95
769;375;561;1;1;55;6;2.95
770;376;257;2;3;37;5;2.25
771;376;257;2;3;37;3;1.50
772;377;806;3;5;41;3;1.50
773;377;806;3;5;41;5;2.25
774;378;853;3;5;46;3;1.50
775;378;853;3;5;46;3;1.50
776;378;853;3;5;46;2;18.95
777;379;900;2;1;85;7;3.95
778;379;900;2;1;85;6;2.95
779;380;21;1;4;65;2;18.95
780;380;21;1;4;65;7;3.95
781;380;21;1;4;65;8;4.50
782;381;552;1;3;58;8;4.50
783;381;552;1;3;58;4;6.50
784;382;567;1;5;2;6;2.95
785;382;567;1;5;2;6;2.95
786;383;405;2;1;91;4;6.50
787;384;739;1;4;72;7;3.95
788;384;739;1;4;72;7;3.95
789;384;739;1;4;72;4;6.50
790;385;701;1;1;68;6;2.95
791;385;701;1;1;68;4;6.50
792;386;761;4;2;62;5;2.25
793;386;761;4;2;62;6;2.95
794;386;761;4;2;62;6;2.95
795;387;154;3;3;65;6;2.95
796;387;154;3;3;65;8;4.50
797;387;154;3;3;65;8;4.50
798;388;586;3;3;81;4;6.50
799;388;586;3;3;81;8;4.50
800;389;170;1;3;63;1;12.95
801;389;170;1;3;63;2;18.95
802;390;377;3;1;32;4;6.50
803;390;377;3;1;32;1;12.95
804;390;377;3;1;32;1;12.95
805;391;32;3;1;91;8;4.50
806;391;32;3;1;91;8;4.50
807;392;432;2;3;42;1;12.95
808;392;432;2;3;42;4;6.50
809;392;432;2;3;42;8;4.50
810;393;117;4;2;11;3;1.50
811;393;117;4;2;11;1;12.95
812;393;117;4;2;11;7;3.95
813;394;461;1;4;32;2;18.95
814;394;461;1;4;32;8;4.50
815;394;461;1;4;32;6;2.95
816;395;206;4;3;53;8;4.50
817;396;295;1;1;36;7;3.95
818;397;470;1;1;84;5;2.25
819;397;470;1;1;84;7;3.95
820;397;470;1;1;84;1;12.95
821;398;777;1;5;7;4;6.50
822;398;777;1;5;7;1;12.95
823;398;777;1;5;7;6;2.95
824;399;501;4;3;43;3;1.50
825;400;511;1;3;82;8;4.50
826;401;729;4;5;24;3;1.50
827;401;729;4;5;24;6;2.95
828;402;908;1;4;53;4;6.50
829;403;364;2;2;75;1;12.95
830;403;364;2;2;75;2;18.95
831;404;693;3;1;72;4;6.50
832;405;126;4;5;47;2;18.95
833;405;126;4;5;47;6;2.95
834;405;126;4;5;47;7;3.95
835;406;985;1;4;32;3;1.50
836;407;116;3;2;19;7;3.95
837;407;116;3;2;19;8;4.50
838;407;116;3;2;19;7;3.95
839;408;557;1;2;96;8;4.50
840;408;557;1;2;96;4;6.50
841;409;799;4;1;26;6;2.95
842;409;799;4;1;26;8;4.50
843;409;799;4;1;26;6;2.95
844;410;678;1;5;1;7;3.95
845;410;678;1;5;1;6;2.95
846;410;678;1;5;1;3;1.50
847;411;822;3;1;89;5;2.25
848;412;408;4;4;57;1;12.95
849;413;330;4;2;59;2;18.95
850;413;330;4;2;59;8;4.50
851;414;753;4;3;62;4;6.50
852;414;753;4;3;62;5;2.25
853;415;822;2;4;33;3;1.50
854;416;901;3;4;47;8;4.50
855;416;901;3;4;47;6;2.95
856;417;920;4;1;61;2;18.95
857;417;920;4;1;61;6;2.95
858;417;920;4;1;61;4;6.50
859;418;154;2;5;38;6;2.95
860;418;154;2;5;38;6;2.95
861;418;154;2;5;38;2;18.95
862;419;932;4;1;7;6;2.95
863;419;932;4;1;7;1;12.95
864;419;932;4;1;7;2;18.95
865;420;257;4;3;17;4;6.50
866;420;257;4;3;17;4;6.50
867;421;315;2;2;25;1;12.95
868;421;315;2;2;25;8;4.50
869;422;502;2;4;50;6;2.95
870;422;502;2;4;50;8;4.50
871;422;502;2;4;50;4;6.50
872;423;798;3;1;9;7;3.95
873;423;798;3;1;9;8;4.50
874;424;472;2;4;34;4;6.50
875;424;472;2;4;34;2;18.95
876;424;472;2;4;34;5;2.25
877;425;356;2;1;3;7;3.95
878;426;129;4;2;44;6;2.95
879;426;129;4;2;44;2;18.95
880;427;845;2;4;76;8;4.50
881;427;845;2;4;76;7;3.95
882;427;845;2;4;76;3;1.50
883;428;394;3;5;50;8;4.50
884;429;146;4;1;49;4;6.50
885;430;51;3;3;56;1;12.95
886;430;51;3;3;56;3;1.50
887;431;468;2;2;13;5;2.25
888;431;468;2;2;13;1;12.95
889;431;468;2;2;13;6;2.95
890;432;365;4;4;96;4;6.50
891;432;365;4;4;96;2;18.95
892;433;267;2;4;41;2;18.95
893;433;267;2;4;41;7;3.95
894;433;267;2;4;41;7;3.95
895;434;192;1;1;61;3;1.50
896;435;344;1;5;78;7;3.95
897;435;344;1;5;78;4;6.50
898;435;344;1;5;78;1;12.95
899;436;445;2;1;57;3;1.50
900;437;713;1;2;35;3;1.50
901;437;713;1;2;35;7;3.95
902;437;713;1;2;35;7;3.95
903;438;649;3;1;19;4;6.50
904;438;649;3;1;19;2;18.95
905;439;895;4;1;69;1;12.95
906;439;895;4;1;69;4;6.50
907;440;707;1;1;64;7;3.95
908;440;707;1;1;64;5;2.25
909;441;82;3;2;10;3;1.50
910;441;82;3;2;10;7;3.95
911;441;82;3;2;10;8;4.50
912;442;702;4;4;51;4;6.50
913;442;702;4;4;51;8;4.50
914;443;162;3;2;18;8;4.50
915;443;162;3;2;18;3;1.50
916;444;869;3;1;71;7;3.95
917;444;869;3;1;71;8;4.50
918;445;57;2;3;45;1;12.95
919;445;57;2;3;45;8;4.50
920;445;57;2;3;45;4;6.50
921;446;751;1;1;10;5;2.25
922;447;860;3;4;64;5;2.25
923;447;860;3;4;64;6;2.95
924;448;296;3;4;26;2;18.95
925;449;833;2;1;53;5;2.25
926;450;613;3;4;51;3;1.50
927;450;613;3;4;51;7;3.95
928;450;613;3;4;51;2;18.95
929;451;494;3;4;32;6;2.95
930;452;2;3;1;78;7;3.95
931;453;907;3;4;6;7;3.95
932;453;907;3;4;6;6;2.95
933;453;907;3;4;6;8;4.50
934;454;383;3;3;35;3;1.50
935;454;383;3;3;35;4;6.50
936;454;383;3;3;35;4;6.50
937;455;737;3;5;4;4;6.50
938;455;737;3;5;4;7;3.95
939;455;737;3;5;4;1;12.95
940;456;931;4;2;62;3;1.50
941;457;342;2;2;86;7;3.95
942;458;534;2;2;43;8;4.50
943;458;534;2;2;43;3;1.50
944;459;214;4;3;67;4;6.50
945;460;856;4;1;72;4;6.50
946;460;856;4;1;72;8;4.50
947;460;856;4;1;72;2;18.95
948;461;193;4;2;91;2;18.95
949;461;193;4;2;91;7;3.95
950;461;193;4;2;91;6;2.95
951;462;936;2;1;12;1;12.95
952;462;936;2;1;12;1;12.95
953;462;936;2;1;12;6;2.95
954;463;746;1;5;9;5;2.25
955;464;366;1;3;63;8;4.50
956;464;366;1;3;63;2;18.95
957;465;597;2;2;22;7;3.95
958;466;904;4;1;10;3;1.50
959;466;904;4;1;10;7;3.95
960;466;904;4;1;10;3;1.50
961;467;710;3;4;43;1;12.95
962;467;710;3;4;43;3;1.50
963;468;802;4;3;85;4;6.50
964;469;245;4;1;48;8;4.50
965;470;943;1;5;54;7;3.95
966;470;943;1;5;54;6;2.95
967;471;338;3;5;96;7;3.95
968;471;338;3;5;96;7;3.95
969;471;338;3;5;96;3;1.50
970;472;405;1;5;28;2;18.95
971;472;405;1;5;28;7;3.95
972;472;405;1;5;28;3;1.50
973;473;489;2;4;59;4;6.50
974;473;489;2;4;59;1;12.95
975;473;489;2;4;59;7;3.95
976;474;807;1;3;92;7;3.95
977;474;807;1;3;92;7;3.95
978;474;807;1;3;92;8;4.50
979;475;139;2;5;62;8;4.50
980;476;591;4;1;35;4;6.50
981;477;970;3;1;87;4;6.50
982;477;970;3;1;87;3;1.50
983;477;970;3;1;87;5;2.25
984;478;519;4;1;43;4;6.50
985;478;519;4;1;43;7;3.95
986;478;519;4;1;43;8;4.50
987;479;474;3;3;71;6;2.95
988;479;474;3;3;71;7;3.95
989;480;954;3;2;33;6;2.95
990;481;809;4;2;27;3;1.50
991;481;809;4;2;27;3;1.50
992;482;827;4;1;96;7;3.95
993;482;827;4;1;96;7;3.95
994;482;827;4;1;96;8;4.50
995;483;77;3;3;40;6;2.95
996;484;716;4;4;95;2;18.95
997;484;716;4;4;95;5;2.25
998;484;716;4;4;95;5;2.25
999;485;438;2;3;84;1;12.95
1000;485;438;2;3;84;1;12.95
1001;486;493;3;3;19;8;4.50
1002;486;493;3;3;19;1;12.95
1003;487;545;4;5;36;6;2.95
1004;487;545;4;5;36;8;4.50
1005;488;581;1;3;77;8;4.50
1006;489;346;1;3;80;6;2.95
1007;489;346;1;3;80;7;3.95
1008;490;818;1;2;58;4;6.50
1009;490;818;1;2;58;7;3.95
1010;491;573;3;4;17;1;12.95
1011;492;394;3;4;9;1;12.95
1012;492;394;3;4;9;7;3.95
1013;493;816;1;2;38;6;2.95
1014;493;816;1;2;38;5;2.25
1015;493;816;1;2;38;8;4.50
1016;494;596;3;3;78;6;2.95
1017;494;596;3;3;78;7;3.95
1018;495;458;1;1;20;1;12.95
1019;496;330;2;1;73;4;6.50
1020;496;330;2;1;73;1;12.95
1021;497;807;4;5;37;4;6.50
1022;497;807;4;5;37;7;3.95
1023;497;807;4;5;37;7;3.95
1024;498;387;3;3;40;7;3.95
1025;498;387;3;3;40;8;4.50
1026;499;525;1;2;62;6;2.95
1027;500;154;1;1;52;5;2.25
1028;501;528;4;3;62;7;3.95
1029;502;45;1;3;36;7;3.95
1030;502;45;1;3;36;7;3.95
1031;503;751;3;1;75;6;2.95
1032;503;751;3;1;75;3;1.50
1033;504;294;4;4;36;2;18.95
1034;504;294;4;4;36;3;1.50
1035;505;830;1;2;24;3;1.50
1036;505;830;1;2;24;2;18.95
1037;506;903;1;3;93;4;6.50
1038;507;804;1;2;11;8;4.50
1039;508;422;3;1;49;3;1.50
1040;508;422;3;1;49;7;3.95
1041;508;422;3;1;49;6;2.95
1042;509;486;2;5;29;5;2.25
1043;509;486;2;5;29;6;2.95
1044;509;486;2;5;29;1;12.95
1045;510;358;2;2;77;1;12.95
1046;510;358;2;2;77;8;4.50
1047;510;358;2;2;77;4;6.50
1048;511;507;1;4;61;4;6.50
1049;511;507;1;4;61;7;3.95
1050;512;141;1;4;30;5;2.25
1051;513;113;2;2;7;8;4.50
1052;514;962;4;5;91;4;6.50
1053;514;962;4;5;91;6;2.95
1054;515;228;4;1;51;8;4.50
1055;515;228;4;1;51;5;2.25
1056;516;358;3;3;14;5;2.25
1057;517;971;1;4;85;2;18.95
1058;518;606;1;4;50;8;4.50
1059;518;606;1;4;50;1;12.95
1060;518;606;1;4;50;6;2.95
1061;519;698;4;2;51;1;12.95
1062;519;698;4;2;51;1;12.95
1063;519;698;4;2;51;8;4.50
1064;520;710;1;3;25;6;2.95
1065;520;710;1;3;25;6;2.95
1066;521;803;2;1;87;4;6.50
1067;521;803;2;1;87;6;2.95
1068;521;803;2;1;87;8;4.50
1069;522;444;2;2;33;3;1.50
1070;523;359;4;2;35;8;4.50
1071;524;308;4;1;56;1;12.95
1072;524;308;4;1;56;1;12.95
1073;524;308;4;1;56;2;18.95
1074;525;51;4;2;81;6;2.95
1075;526;565;4;4;24;6;2.95
1076;527;21;2;4;61;2;18.95
1077;527;21;2;4;61;8;4.50
1078;528;865;1;5;2;1;12.95
1079;528;865;1;5;2;7;3.95
1080;528;865;1;5;2;6;2.95
1081;529;496;2;4;84;5;2.25
1082;529;496;2;4;84;8;4.50
1083;529;496;2;4;84;7;3.95
1084;530;925;3;5;48;2;18.95
1085;531;232;1;1;21;5;2.25
1086;531;232;1;1;21;6;2.95
1087;532;453;2;1;60;6;2.95
1088;532;453;2;1;60;6;2.95
1089;533;703;1;4;93;6;2.95
1090;533;703;1;4;93;5;2.25
1091;534;458;3;5;73;6;2.95
1092;535;821;3;5;71;5;2.25
1093;535;821;3;5;71;4;6.50
1094;535;821;3;5;71;1;12.95
1095;536;311;3;4;57;6;2.95
1096;536;311;3;4;57;7;3.95
1097;536;311;3;4;57;7;3.95
1098;537;329;3;3;96;6;2.95
1099;537;329;3;3;96;8;4.50
1100;538;310;2;3;2;4;6.50
1101;538;310;2;3;2;2;18.95
1102;538;310;2;3;2;7;3.95
1103;539;784;2;5;50;4;6.50
1104;539;784;2;5;50;4;6.50
1105;540;758;3;4;32;3;1.50
1106;540;758;3;4;32;3;1.50
1107;541;385;2;2;9;6;2.95
1108;541;385;2;2;9;6;2.95
1109;542;183;4;3;22;1;12.95
1110;542;183;4;3;22;6;2.95
1111;543;53;2;5;17;1;12.95
1112;544;174;2;3;65;3;1.50
1113;544;174;2;3;65;8;4.50
1114;545;627;1;5;73;7;3.95
1115;545;627;1;5;73;7;3.95
1116;545;627;1;5;73;2;18.95
1117;546;295;2;1;87;3;1.50
1118;547;874;1;3;23;7;3.95
1119;547;874;1;3;23;7;3.95
1120;548;678;2;2;32;4;6.50
1121;548;678;2;2;32;6;2.95
1122;548;678;2;2;32;6;2.95
1123;549;265;1;1;54;6;2.95
1124;549;265;1;1;54;7;3.95
1125;550;69;2;2;28;1;12.95
1126;550;69;2;2;28;5;2.25
1127;551;707;3;2;43;8;4.50
1128;552;739;3;1;20;8;4.50
1129;552;739;3;1;20;2;18.95
1130;552;739;3;1;20;6;2.95
1131;553;541;2;3;55;3;1.50
1132;554;849;3;4;65;1;12.95
1133;555;766;4;1;83;3;1.50
1134;555;766;4;1;83;5;2.25
1135;555;766;4;1;83;1;12.95
1136;556;935;4;1;77;5;2.25
1137;557;19;2;4;40;2;18.95
1138;557;19;2;4;40;8;4.50
1139;557;19;2;4;40;3;1.50
1140;558;343;4;4;74;1;12.95
1141;558;343;4;4;74;2;18.95
1142;559;575;4;2;91;5;2.25
1143;559;575;4;2;91;8;4.50
1144;560;923;2;3;49;1;12.95
1145;560;923;2;3;49;2;18.95
1146;561;263;1;3;25;2;18.95
1147;562;180;2;1;83;3;1.50
1148;562;180;2;1;83;6;2.95
1149;562;180;2;1;83;7;3.95
1150;563;207;1;3;40;6;2.95
1151;563;207;1;3;40;5;2.25
1152;564;2;1;3;24;5;2.25
1153;564;2;1;3;24;8;4.50
1154;564;2;1;3;24;7;3.95
1155;565;290;3;3;96;5;2.25
1156;565;290;3;3;96;4;6.50
1157;565;290;3;3;96;8;4.50
1158;566;494;2;3;81;3;1.50
1159;566;494;2;3;81;2;18.95
1160;567;122;3;1;80;2;18.95
1161;567;122;3;1;80;2;18.95
1162;567;122;3;1;80;1;12.95
1163;568;788;2;5;87;2;18.95
1164;568;788;2;5;87;5;2.25
1165;569;696;2;2;3;5;2.25
1166;569;696;2;2;3;8;4.50
1167;569;696;2;2;3;2;18.95
1168;570;852;3;1;1;8;4.50
1169;571;554;4;5;56;7;3.95
1170;571;554;4;5;56;7;3.95
1171;572;480;4;5;92;6;2.95
1172;572;480;4;5;92;2;18.95
1173;573;396;4;2;72;3;1.50
1174;573;396;4;2;72;4;6.50
1175;573;396;4;2;72;4;6.50
1176;574;241;4;5;96;6;2.95
1177;574;241;4;5;96;4;6.50
1178;574;241;4;5;96;8;4.50
1179;575;907;3;2;4;7;3.95
1180;576;271;1;2;10;3;1.50
1181;577;593;1;1;84;3;1.50
1182;577;593;1;1;84;3;1.50
1183;577;593;1;1;84;2;18.95
1184;578;944;2;3;27;5;2.25
1185;578;944;2;3;27;5;2.25
1186;579;108;3;3;26;3;1.50
1187;580;484;2;4;41;1;12.95
1188;580;484;2;4;41;4;6.50
1189;580;484;2;4;41;6;2.95
1190;581;872;4;3;57;7;3.95
1191;581;872;4;3;57;2;18.95
1192;581;872;4;3;57;1;12.95
1193;582;365;1;5;38;8;4.50
1194;582;365;1;5;38;7;3.95
1195;583;399;4;4;78;5;2.25
1196;584;642;2;1;21;8;4.50
1197;584;642;2;1;21;6;2.95
1198;584;642;2;1;21;2;18.95
1199;585;694;1;2;40;8;4.50
1200;586;138;1;4;73;2;18.95
1201;586;138;1;4;73;7;3.95
1202;586;138;1;4;73;4;6.50
1203;587;12;3;3;83;8;4.50
1204;587;12;3;3;83;1;12.95
1205;587;12;3;3;83;7;3.95
1206;588;881;4;5;35;4;6.50
1207;588;881;4;5;35;2;18.95
1208;589;905;1;3;5;1;12.95
1209;590;115;2;5;32;7;3.95
1210;591;65;2;1;76;2;18.95
1211;592;714;1;3;14;4;6.50
1212;592;714;1;3;14;2;18.95
1213;593;98;1;2;60;2;18.95
1214;593;98;1;2;60;6;2.95
1215;594;479;4;4;26;7;3.95
1216;594;479;4;4;26;4;6.50
1217;595;391;1;3;42;7;3.95
1218;595;391;1;3;42;5;2.25
1219;596;859;2;2;34;8;4.50
1220;596;859;2;2;34;2;18.95
1221;596;859;2;2;34;2;18.95
1222;597;25;4;3;56;1;12.95
1223;597;25;4;3;56;7;3.95
1224;597;25;4;3;56;5;2.25
1225;598;49;2;4;3;6;2.95
1226;598;49;2;4;3;8;4.50
1227;599;421;4;1;37;1;12.95
1228;599;421;4;1;37;6;2.95
1229;600;664;3;4;65;6;2.95
1230;601;834;4;1;61;4;6.50
1231;601;834;4;1;61;3;1.50
1232;602;122;1;2;11;5;2.25
1233;602;122;1;2;11;3;1.50
1234;603;522;2;1;20;4;6.50
1235;604;458;1;5;90;2;18.95
1236;604;458;1;5;90;7;3.95
1237;604;458;1;5;90;4;6.50
1238;605;812;3;3;25;4;6.50
1239;605;812;3;3;25;6;2.95
1240;605;812;3;3;25;6;2.95
1241;606;49;2;3;78;5;2.25
1242;606;49;2;3;78;7;3.95
1243;607;640;3;5;32;5;2.25
1244;608;924;4;2;23;4;6.50
1245;608;924;4;2;23;3;1.50
1246;608;924;4;2;23;4;6.50
1247;609;983;4;5;72;2;18.95
1248;610;942;1;2;24;7;3.95
1249;610;942;1;2;24;2;18.95
1250;610;942;1;2;24;5;2.25
1251;611;863;3;3;35;8;4.50
1252;611;863;3;3;35;6;2.95
1253;611;863;3;3;35;7;3.95
1254;612;265;2;1;78;7;3.95
1255;612;265;2;1;78;4;6.50
1256;613;427;3;1;32;6;2.95
1257;613;427;3;1;32;5;2.25
1258;613;427;3;1;32;1;12.95
1259;614;151;3;3;9;7;3.95
1260;615;140;2;4;32;6;2.95
1261;615;140;2;4;32;3;1.50
1262;616;247;1;4;60;3;1.50
1263;616;247;1;4;60;5;2.25
1264;617;807;4;4;37;6;2.95
1265;618;400;1;5;1;6;2.95
1266;619;509;2;2;45;4;6.50
1267;619;509;2;2;45;4;6.50
1268;620;631;4;3;81;6;2.95
1269;620;631;4;3;81;6;2.95
1270;621;559;2;2;71;1;12.95
1271;621;559;2;2;71;8;4.50
1272;621;559;2;2;71;8;4.50
1273;622;887;4;4;87;2;18.95
1274;622;887;4;4;87;4;6.50
1275;622;887;4;4;87;1;12.95
1276;623;435;1;4;35;2;18.95
1277;624;910;4;5;72;5;2.25
1278;625;52;1;3;52;7;3.95
1279;625;52;1;3;52;7;3.95
1280;625;52;1;3;52;4;6.50
1281;626;611;2;2;92;2;18.95
1282;626;611;2;2;92;6;2.95
1283;627;823;1;1;52;2;18.95
1284;627;823;1;1;52;3;1.50
1285;628;354;3;4;34;8;4.50
1286;628;354;3;4;34;1;12.95
1287;629;661;4;3;64;4;6.50
1288;629;661;4;3;64;1;12.95
1289;629;661;4;3;64;1;12.95
1290;630;627;2;1;44;8;4.50
1291;630;627;2;1;44;3;1.50
1292;630;627;2;1;44;3;1.50
1293;631;973;3;3;14;7;3.95
1294;632;666;3;5;19;4;6.50
1295;632;666;3;5;19;6;2.95
1296;632;666;3;5;19;5;2.25
1297;633;540;3;5;14;3;1.50
1298;633;540;3;5;14;5;2.25
1299;634;285;1;1;67;2;18.95
1300;635;43;2;4;29;2;18.95
1301;636;419;4;2;10;3;1.50
1302;636;419;4;2;10;2;18.95
1303;637;215;1;2;9;3;1.50
1304;637;215;1;2;9;8;4.50
1305;637;215;1;2;9;5;2.25
1306;638;568;3;4;73;2;18.95
1307;638;568;3;4;73;2;18.95
1308;638;568;3;4;73;2;18.95
1309;639;79;1;2;23;1;12.95
1310;639;79;1;2;23;5;2.25
1311;640;891;3;3;69;4;6.50
1312;641;803;2;4;59;5;2.25
1313;641;803;2;4;59;1;12.95
1314;642;659;4;2;10;7;3.95
1315;642;659;4;2;10;1;12.95
1316;642;659;4;2;10;6;2.95
1317;643;201;1;5;42;4;6.50
1318;643;201;1;5;42;4;6.50
1319;643;201;1;5;42;2;18.95
1320;644;525;1;3;95;3;1.50
1321;644;525;1;3;95;6;2.95
1322;644;525;1;3;95;1;12.95
1323;645;612;2;1;74;7;3.95
1324;645;612;2;1;74;1;12.95
1325;646;292;2;4;25;5;2.25
1326;646;292;2;4;25;6;2.95
1327;646;292;2;4;25;4;6.50
1328;647;721;3;2;46;1;12.95
1329;647;721;3;2;46;3;1.50
1330;648;981;2;3;73;6;2.95
1331;649;65;3;2;86;6;2.95
1332;650;82;3;5;28;7;3.95
1333;650;82;3;5;28;6;2.95
1334;651;456;3;2;52;6;2.95
1335;652;352;2;4;87;2;18.95
1336;653;652;1;2;74;1;12.95
1337;653;652;1;2;74;8;4.50
1338;654;606;1;2;17;7;3.95
1339;655;892;1;4;95;6;2.95
1340;655;892;1;4;95;1;12.95
1341;655;892;1;4;95;4;6.50
1342;656;646;1;4;32;1;12.95
1343;657;863;4;2;22;3;1.50
1344;658;556;1;4;90;7;3.95
1345;658;556;1;4;90;8;4.50
1346;659;678;4;4;82;5;2.25
1347;660;248;1;1;29;8;4.50
1348;661;530;1;5;49;8;4.50
1349;662;50;4;1;18;6;2.95
1350;663;732;2;4;55;1;12.95
1351;664;827;1;4;23;8;4.50
1352;664;827;1;4;23;1;12.95
1353;664;827;1;4;23;3;1.50
1354;665;762;2;2;6;5;2.25
1355;665;762;2;2;6;8;4.50
1356;665;762;2;2;6;6;2.95
1357;666;135;1;2;11;8;4.50
1358;666;135;1;2;11;1;12.95
1359;666;135;1;2;11;4;6.50
1360;667;799;2;5;91;3;1.50
1361;668;424;3;1;20;5;2.25
1362;669;89;4;3;81;1;12.95
1363;669;89;4;3;81;3;1.50
1364;669;89;4;3;81;4;6.50
1365;670;962;3;5;55;8;4.50
1366;670;962;3;5;55;3;1.50
1367;670;962;3;5;55;7;3.95
1368;671;718;3;4;31;7;3.95
1369;671;718;3;4;31;7;3.95
1370;671;718;3;4;31;4;6.50
1371;672;729;2;3;86;7;3.95
1372;673;375;2;3;36;7;3.95
1373;674;792;1;2;65;2;18.95
1374;675;852;2;1;33;7;3.95
1375;675;852;2;1;33;5;2.25
1376;675;852;2;1;33;1;12.95
1377;676;358;2;2;15;8;4.50
1378;676;358;2;2;15;4;6.50
1379;676;358;2;2;15;2;18.95
1380;677;138;2;3;44;3;1.50
1381;677;138;2;3;44;1;12.95
1382;677;138;2;3;44;8;4.50
1383;678;696;2;2;68;3;1.50
1384;678;696;2;2;68;5;2.25
1385;678;696;2;2;68;1;12.95
1386;679;636;3;4;43;4;6.50
1387;680;76;1;4;7;5;2.25
1388;680;76;1;4;7;3;1.50
1389;680;76;1;4;7;1;12.95
1390;681;850;1;4;67;4;6.50
1391;681;850;1;4;67;6;2.95
1392;682;550;3;4;42;5;2.25
1393;682;550;3;4;42;6;2.95
1394;683;24;2;4;2;5;2.25
1395;683;24;2;4;2;6;2.95
1396;683;24;2;4;2;8;4.50
1397;684;128;2;3;10;4;6.50
1398;685;531;3;5;84;4;6.50
1399;685;531;3;5;84;2;18.95
1400;686;505;1;3;19;4;6.50
1401;686;505;1;3;19;7;3.95
1402;686;505;1;3;19;7;3.95
1403;687;338;3;4;79;2;18.95
1404;688;721;1;3;65;4;6.50
1405;688;721;1;3;65;7;3.95
1406;689;32;4;4;94;2;18.95
1407;689;32;4;4;94;5;2.25
1408;690;948;4;4;52;6;2.95
1409;690;948;4;4;52;7;3.95
1410;690;948;4;4;52;5;2.25
1411;691;437;4;5;68;3;1.50
1412;691;437;4;5;68;2;18.95
1413;691;437;4;5;68;5;2.25
1414;692;397;4;4;36;7;3.95
1415;692;397;4;4;36;4;6.50
1416;692;397;4;4;36;1;12.95
1417;693;789;2;5;41;7;3.95
1418;693;789;2;5;41;7;3.95
1419;694;8;4;2;65;1;12.95
1420;695;419;3;5;83;6;2.95
1421;695;419;3;5;83;6;2.95
1422;695;419;3;5;83;6;2.95
1423;696;116;1;2;41;8;4.50
1424;697;236;3;5;20;3;1.50
1425;697;236;3;5;20;7;3.95
1426;698;649;2;4;16;5;2.25
1427;698;649;2;4;16;1;12.95
1428;699;724;1;5;81;6;2.95
1429;699;724;1;5;81;7;3.95
1430;699;724;1;5;81;8;4.50
1431;700;185;2;5;30;4;6.50
1432;701;178;2;2;82;8;4.50
1433;701;178;2;2;82;4;6.50
1434;702;892;4;2;6;4;6.50
1435;703;439;1;1;62;5;2.25
1436;703;439;1;1;62;6;2.95
1437;703;439;1;1;62;3;1.50
1438;704;341;3;3;42;6;2.95
1439;705;412;1;3;94;3;1.50
1440;705;412;1;3;94;8;4.50
1441;706;470;3;3;92;1;12.95
1442;706;470;3;3;92;3;1.50
1443;706;470;3;3;92;7;3.95
1444;707;538;1;1;19;5;2.25
1445;707;538;1;1;19;3;1.50
1446;708;452;3;1;33;5;2.25
1447;708;452;3;1;33;8;4.50
1448;709;407;2;4;59;6;2.95
1449;709;407;2;4;59;3;1.50
1450;710;978;4;4;24;8;4.50
1451;710;978;4;4;24;3;1.50
1452;710;978;4;4;24;3;1.50
1453;711;717;1;4;89;2;18.95
1454;712;209;2;1;59;5;2.25
1455;712;209;2;1;59;8;4.50
1456;712;209;2;1;59;1;12.95
1457;713;308;1;2;95;3;1.50
1458;713;308;1;2;95;4;6.50
1459;713;308;1;2;95;3;1.50
1460;714;372;4;1;65;8;4.50
1461;714;372;4;1;65;3;1.50
1462;715;773;1;3;52;8;4.50
1463;715;773;1;3;52;5;2.25
1464;715;773;1;3;52;7;3.95
1465;716;681;4;1;52;1;12.95
1466;717;220;3;2;87;3;1.50
1467;717;220;3;2;87;7;3.95
1468;718;741;3;3;11;7;3.95
1469;718;741;3;3;11;5;2.25
1470;719;412;2;3;40;8;4.50
1471;720;337;3;4;83;2;18.95
1472;720;337;3;4;83;6;2.95
1473;721;587;3;3;65;1;12.95
1474;721;587;3;3;65;8;4.50
1475;721;587;3;3;65;1;12.95
1476;722;459;3;1;73;2;18.95
1477;722;459;3;1;73;7;3.95
1478;722;459;3;1;73;8;4.50
1479;723;637;1;3;86;8;4.50
1480;723;637;1;3;86;6;2.95
1481;723;637;1;3;86;2;18.95
1482;724;807;2;2;4;8;4.50
1483;724;807;2;2;4;7;3.95
1484;725;486;4;3;76;8;4.50
1485;725;486;4;3;76;5;2.25
1486;725;486;4;3;76;5;2.25
1487;726;31;3;1;93;8;4.50
1488;726;31;3;1;93;5;2.25
1489;726;31;3;1;93;3;1.50
1490;727;103;4;1;87;7;3.95
1491;727;103;4;1;87;7;3.95
1492;727;103;4;1;87;6;2.95
1493;728;822;1;5;18;7;3.95
1494;728;822;1;5;18;5;2.25
1495;729;923;3;3;2;5;2.25
1496;729;923;3;3;2;7;3.95
1497;730;429;1;3;31;1;12.95
1498;730;429;1;3;31;7;3.95
1499;730;429;1;3;31;2;18.95
1500;731;212;3;4;16;2;18.95
1501;731;212;3;4;16;8;4.50
1502;731;212;3;4;16;2;18.95
1503;732;421;2;4;16;1;12.95
1504;732;421;2;4;16;1;12.95
1505;732;421;2;4;16;5;2.25
1506;733;562;3;4;10;8;4.50
1507;734;458;3;5;25;6;2.95
1508;735;565;1;2;81;6;2.95
1509;736;330;4;1;48;5;2.25
1510;737;379;3;4;38;1;12.95
1511;738;34;1;5;5;2;18.95
1512;739;379;3;2;56;1;12.95
1513;739;379;3;2;56;3;1.50
1514;739;379;3;2;56;4;6.50
1515;740;18;1;1;59;4;6.50
1516;740;18;1;1;59;6;2.95
1517;741;8;1;5;43;7;3.95
1518;741;8;1;5;43;3;1.50
1519;741;8;1;5;43;6;2.95
1520;742;34;2;4;27;8;4.50
1521;743;625;1;1;31;5;2.25
1522;743;625;1;1;31;1;12.95
1523;743;625;1;1;31;4;6.50
1524;744;804;2;3;61;5;2.25
1525;744;804;2;3;61;7;3.95
1526;744;804;2;3;61;5;2.25
1527;745;807;4;1;67;6;2.95
1528;745;807;4;1;67;4;6.50
1529;745;807;4;1;67;3;1.50
1530;746;941;3;5;20;3;1.50
1531;746;941;3;5;20;7;3.95
1532;747;815;3;3;84;6;2.95
1533;747;815;3;3;84;1;12.95
1534;747;815;3;3;84;7;3.95
1535;748;505;1;3;79;7;3.95
1536;748;505;1;3;79;4;6.50
1537;749;424;1;3;84;5;2.25
1538;749;424;1;3;84;8;4.50
1539;749;424;1;3;84;6;2.95
1540;750;923;3;3;67;8;4.50
1541;750;923;3;3;67;8;4.50
1542;750;923;3;3;67;2;18.95
1543;751;638;1;3;48;7;3.95
1544;751;638;1;3;48;1;12.95
1545;752;315;1;2;31;4;6.50
1546;752;315;1;2;31;1;12.95
1547;752;315;1;2;31;7;3.95
1548;753;921;3;3;95;5;2.25
1549;753;921;3;3;95;2;18.95
1550;753;921;3;3;95;6;2.95
1551;754;699;1;2;46;3;1.50
1552;755;351;3;1;68;4;6.50
1553;756;47;1;5;89;1;12.95
1554;757;81;1;3;7;7;3.95
1555;758;334;4;4;91;7;3.95
1556;759;733;3;3;94;1;12.95
1557;759;733;3;3;94;3;1.50
1558;759;733;3;3;94;7;3.95
1559;760;191;1;1;17;7;3.95
1560;760;191;1;1;17;5;2.25
1561;760;191;1;1;17;7;3.95
1562;761;985;3;5;15;1;12.95
1563;762;750;4;1;59;5;2.25
1564;763;297;2;4;79;4;6.50
1565;764;34;2;2;26;5;2.25
1566;764;34;2;2;26;2;18.95
1567;764;34;2;2;26;3;1.50
1568;765;988;2;2;51;1;12.95
1569;766;649;3;5;19;3;1.50
1570;766;649;3;5;19;3;1.50
1571;766;649;3;5;19;8;4.50
1572;767;646;3;5;51;7;3.95
1573;767;646;3;5;51;4;6.50
1574;768;737;3;2;33;1;12.95
1575;768;737;3;2;33;8;4.50
1576;769;72;3;4;4;4;6.50
1577;769;72;3;4;4;8;4.50
1578;769;72;3;4;4;5;2.25
1579;770;296;2;5;9;5;2.25
1580;771;865;2;3;53;2;18.95
1581;771;865;2;3;53;6;2.95
1582;772;241;1;3;44;3;1.50
1583;772;241;1;3;44;4;6.50
1584;772;241;1;3;44;8;4.50
1585;773;591;2;3;34;3;1.50
1586;774;454;4;5;80;2;18.95
1587;775;37;1;2;68;4;6.50
1588;776;487;2;1;92;1;12.95
1589;776;487;2;1;92;2;18.95
1590;777;865;2;2;52;7;3.95
1591;778;899;3;2;50;1;12.95
1592;778;899;3;2;50;1;12.95
1593;779;586;4;2;90;5;2.25
1594;779;586;4;2;90;2;18.95
1595;780;940;4;1;79;8;4.50
1596;780;940;4;1;79;8;4.50
1597;781;886;4;5;48;8;4.50
1598;781;886;4;5;48;6;2.95
1599;781;886;4;5;48;1;12.95
1600;782;221;1;3;21;3;1.50
1601;783;135;2;5;33;7;3.95
1602;783;135;2;5;33;4;6.50
1603;784;348;2;4;96;4;6.50
1604;784;348;2;4;96;4;6.50
1605;784;348;2;4;96;2;18.95
1606;785;256;3;1;60;7;3.95
1607;785;256;3;1;60;4;6.50
1608;786;174;1;2;58;7;3.95
1609;787;966;3;5;27;4;6.50
1610;788;206;4;4;32;5;2.25
1611;789;385;4;3;80;7;3.95
1612;789;385;4;3;80;1;12.95
1613;789;385;4;3;80;7;3.95
1614;790;844;1;2;44;6;2.95
1615;790;844;1;2;44;3;1.50
1616;791;931;2;1;66;1;12.95
1617;791;931;2;1;66;2;18.95
1618;792;277;1;5;64;3;1.50
1619;793;862;4;3;49;5;2.25
1620;793;862;4;3;49;2;18.95
1621;793;862;4;3;49;4;6.50
1622;794;395;2;5;36;6;2.95
1623;794;395;2;5;36;8;4.50
1624;795;728;4;4;12;3;1.50
1625;795;728;4;4;12;1;12.95
1626;795;728;4;4;12;2;18.95
1627;796;495;1;3;81;4;6.50
1628;796;495;1;3;81;1;12.95
1629;797;600;2;4;18;7;3.95
1630;798;323;2;3;55;7;3.95
1631;799;640;3;4;89;6;2.95
1632;800;154;3;5;66;1;12.95
1633;801;307;2;5;10;7;3.95
1634;801;307;2;5;10;2;18.95
1635;802;976;2;5;68;1;12.95
1636;803;860;4;4;4;3;1.50
1637;803;860;4;4;4;7;3.95
1638;803;860;4;4;4;8;4.50
1639;804;799;4;4;58;8;4.50
1640;804;799;4;4;58;2;18.95
1641;804;799;4;4;58;2;18.95
1642;805;881;4;5;60;3;1.50
1643;806;725;3;5;90;3;1.50
1644;806;725;3;5;90;8;4.50
1645;806;725;3;5;90;3;1.50
1646;807;647;1;5;91;8;4.50
1647;807;647;1;5;91;6;2.95
1648;807;647;1;5;91;2;18.95
1649;808;132;3;3;8;4;6.50
1650;808;132;3;3;8;6;2.95
1651;809;650;4;1;52;2;18.95
1652;809;650;4;1;52;8;4.50
1653;809;650;4;1;52;4;6.50
1654;810;973;3;1;41;3;1.50
1655;810;973;3;1;41;4;6.50
1656;810;973;3;1;41;2;18.95
1657;811;642;4;4;96;7;3.95
1658;811;642;4;4;96;8;4.50
1659;811;642;4;4;96;7;3.95
1660;812;667;3;5;92;8;4.50
1661;812;667;3;5;92;1;12.95
1662;812;667;3;5;92;5;2.25
1663;813;649;1;1;93;5;2.25
1664;813;649;1;1;93;4;6.50
1665;814;89;3;2;36;1;12.95
1666;814;89;3;2;36;8;4.50
1667;815;711;4;1;29;3;1.50
1668;815;711;4;1;29;2;18.95
1669;816;754;3;4;64;4;6.50
1670;817;968;2;3;48;2;18.95
1671;817;968;2;3;48;1;12.95
1672;818;931;1;1;86;5;2.25
1673;818;931;1;1;86;1;12.95
1674;818;931;1;1;86;5;2.25
1675;819;260;2;4;78;1;12.95
1676;819;260;2;4;78;3;1.50
1677;820;688;2;2;54;8;4.50
1678;820;688;2;2;54;7;3.95
1679;820;688;2;2;54;4;6.50
1680;821;660;1;2;13;2;18.95
1681;821;660;1;2;13;6;2.95
1682;822;433;4;3;49;5;2.25
1683;822;433;4;3;49;6;2.95
1684;822;433;4;3;49;8;4.50
1685;823;678;1;2;21;3;1.50
1686;823;678;1;2;21;2;18.95
1687;823;678;1;2;21;5;2.25
1688;824;541;1;2;86;3;1.50
1689;825;654;3;1;5;2;18.95
1690;826;962;2;3;83;6;2.95
1691;827;13;1;1;49;7;3.95
1692;827;13;1;1;49;8;4.50
1693;828;959;4;3;58;3;1.50
1694;828;959;4;3;58;2;18.95
1695;829;474;1;1;53;3;1.50
1696;830;902;4;2;44;5;2.25
1697;830;902;4;2;44;8;4.50
1698;830;902;4;2;44;3;1.50
1699;831;595;2;3;43;6;2.95
1700;832;651;3;5;79;1;12.95
1701;832;651;3;5;79;6;2.95
1702;832;651;3;5;79;1;12.95
1703;833;201;1;3;40;6;2.95
1704;834;872;2;5;48;4;6.50
1705;834;872;2;5;48;2;18.95
1706;834;872;2;5;48;2;18.95
1707;835;43;4;2;7;4;6.50
1708;835;43;4;2;7;7;3.95
1709;836;357;3;2;39;4;6.50
1710;836;357;3;2;39;5;2.25
1711;837;254;4;3;39;3;1.50
1712;837;254;4;3;39;6;2.95
1713;838;581;3;2;54;1;12.95
1714;838;581;3;2;54;3;1.50
1715;839;434;1;2;30;7;3.95
1716;839;434;1;2;30;1;12.95
1717;839;434;1;2;30;5;2.25
1718;840;98;3;2;50;3;1.50
1719;840;98;3;2;50;5;2.25
1720;841;842;2;5;81;5;2.25
1721;842;955;2;3;68;3;1.50
1722;842;955;2;3;68;8;4.50
1723;843;147;2;2;34;8;4.50
1724;843;147;2;2;34;6;2.95
1725;843;147;2;2;34;3;1.50
1726;844;152;3;2;28;8;4.50
1727;845;626;1;2;26;3;1.50
1728;846;362;4;4;1;4;6.50
1729;846;362;4;4;1;1;12.95
1730;846;362;4;4;1;2;18.95
1731;847;228;1;2;47;4;6.50
1732;847;228;1;2;47;6;2.95
1733;848;543;1;1;91;1;12.95
1734;848;543;1;1;91;5;2.25
1735;849;290;3;5;69;8;4.50
1736;850;880;2;5;40;7;3.95
1737;850;880;2;5;40;3;1.50
1738;850;880;2;5;40;3;1.50
1739;851;779;2;3;10;1;12.95
1740;852;559;1;1;81;3;1.50
1741;852;559;1;1;81;2;18.95
1742;853;955;2;4;1;6;2.95
1743;853;955;2;4;1;8;4.50
1744;854;657;1;2;32;4;6.50
1745;855;893;3;5;83;1;12.95
1746;855;893;3;5;83;4;6.50
1747;856;225;1;5;69;6;2.95
1748;856;225;1;5;69;8;4.50
1749;857;414;3;3;68;5;2.25
1750;857;414;3;3;68;3;1.50
1751;858;962;4;4;12;8;4.50
1752;858;962;4;4;12;4;6.50
1753;859;925;1;4;62;4;6.50
1754;859;925;1;4;62;5;2.25
1755;859;925;1;4;62;3;1.50
1756;860;336;1;2;90;2;18.95
1757;861;711;2;1;10;3;1.50
1758;861;711;2;1;10;7;3.95
1759;861;711;2;1;10;8;4.50
1760;862;932;4;2;57;1;12.95
1761;862;932;4;2;57;6;2.95
1762;862;932;4;2;57;8;4.50
1763;863;297;3;2;55;4;6.50
1764;864;474;1;1;22;4;6.50
1765;865;40;4;1;29;7;3.95
1766;866;429;4;2;71;7;3.95
1767;866;429;4;2;71;3;1.50
1768;867;437;3;1;78;2;18.95
1769;867;437;3;1;78;5;2.25
1770;868;942;4;2;13;1;12.95
1771;869;577;2;5;96;6;2.95
1772;870;121;2;4;42;3;1.50
1773;871;38;1;1;18;6;2.95
1774;872;495;2;3;85;6;2.95
1775;872;495;2;3;85;2;18.95
1776;872;495;2;3;85;7;3.95
1777;873;502;3;3;87;4;6.50
1778;874;54;4;4;93;4;6.50
1779;874;54;4;4;93;2;18.95
1780;875;944;3;5;59;2;18.95
1781;875;944;3;5;59;7;3.95
1782;875;944;3;5;59;2;18.95
1783;876;161;2;5;91;5;2.25
1784;876;161;2;5;91;6;2.95
1785;877;405;3;3;28;6;2.95
1786;877;405;3;3;28;1;12.95
1787;877;405;3;3;28;6;2.95
1788;878;526;2;4;57;3;1.50
1789;878;526;2;4;57;4;6.50
1790;878;526;2;4;57;6;2.95
1791;879;283;3;5;74;7;3.95
1792;880;827;4;4;68;1;12.95
1793;880;827;4;4;68;5;2.25
1794;881;437;1;4;4;6;2.95
1795;882;85;1;4;64;8;4.50
1796;882;85;1;4;64;3;1.50
1797;882;85;1;4;64;2;18.95
1798;883;473;3;1;92;2;18.95
1799;883;473;3;1;92;8;4.50
1800;883;473;3;1;92;4;6.50
1801;884;603;1;1;16;5;2.25
1802;884;603;1;1;16;6;2.95
1803;885;218;4;3;87;7;3.95
1804;886;560;1;2;38;1;12.95
1805;886;560;1;2;38;2;18.95
1806;887;221;3;5;51;3;1.50
1807;888;939;3;1;7;5;2.25
1808;889;158;4;2;29;4;6.50
1809;889;158;4;2;29;2;18.95
1810;889;158;4;2;29;7;3.95
1811;890;413;3;1;68;7;3.95
1812;890;413;3;1;68;7;3.95
1813;890;413;3;1;68;2;18.95
1814;891;318;2;4;81;6;2.95
1815;891;318;2;4;81;3;1.50
1816;891;318;2;4;81;7;3.95
1817;892;942;3;3;13;4;6.50
1818;893;529;4;5;41;5;2.25
1819;893;529;4;5;41;7;3.95
1820;894;598;2;1;69;2;18.95
1821;894;598;2;1;69;5;2.25
1822;894;598;2;1;69;2;18.95
1823;895;403;3;2;1;7;3.95
1824;896;55;1;4;47;8;4.50
1825;896;55;1;4;47;8;4.50
1826;896;55;1;4;47;4;6.50
1827;897;84;3;4;64;1;12.95
1828;897;84;3;4;64;4;6.50
1829;897;84;3;4;64;3;1.50
1830;898;235;4;3;12;2;18.95
1831;898;235;4;3;12;7;3.95
1832;899;834;2;1;47;5;2.25
1833;900;485;3;2;17;1;12.95
1834;901;495;1;2;78;1;12.95
1835;902;501;4;3;59;7;3.95
1836;902;501;4;3;59;7;3.95
1837;903;98;4;4;32;1;12.95
1838;904;403;1;3;83;8;4.50
1839;904;403;1;3;83;2;18.95
1840;904;403;1;3;83;6;2.95
1841;905;819;3;5;18;7;3.95
1842;905;819;3;5;18;2;18.95
1843;905;819;3;5;18;3;1.50
1844;906;124;1;1;18;3;1.50
1845;906;124;1;1;18;1;12.95
1846;907;702;1;1;19;8;4.50
1847;907;702;1;1;19;1;12.95
1848;907;702;1;1;19;3;1.50
1849;908;581;3;5;35;4;6.50
1850;909;838;1;5;37;4;6.50
1851;909;838;1;5;37;6;2.95
1852;910;45;4;2;19;5;2.25
1853;910;45;4;2;19;5;2.25
1854;910;45;4;2;19;8;4.50
1855;911;383;4;5;30;8;4.50
1856;911;383;4;5;30;5;2.25
1857;911;383;4;5;30;2;18.95
1858;912;883;2;4;82;8;4.50
1859;913;564;3;5;34;3;1.50
1860;913;564;3;5;34;8;4.50
1861;913;564;3;5;34;2;18.95
1862;914;507;2;3;72;5;2.25
1863;915;265;1;5;21;7;3.95
1864;915;265;1;5;21;4;6.50
1865;916;664;2;5;31;6;2.95
1866;916;664;2;5;31;8;4.50
1867;917;342;2;5;82;5;2.25
1868;917;342;2;5;82;5;2.25
1869;917;342;2;5;82;1;12.95
1870;918;119;2;1;21;1;12.95
1871;918;119;2;1;21;3;1.50
1872;919;243;3;2;10;7;3.95
1873;920;882;2;2;52;5;2.25
1874;921;2;3;2;86;8;4.50
1875;921;2;3;2;86;4;6.50
1876;921;2;3;2;86;8;4.50
1877;922;218;2;4;38;6;2.95
1878;922;218;2;4;38;1;12.95
1879;922;218;2;4;38;7;3.95
1880;923;115;1;1;13;2;18.95
1881;924;860;3;4;52;8;4.50
1882;924;860;3;4;52;3;1.50
1883;924;860;3;4;52;8;4.50
1884;925;193;4;1;19;8;4.50
1885;925;193;4;1;19;6;2.95
1886;925;193;4;1;19;6;2.95
1887;926;71;2;4;47;3;1.50
1888;926;71;2;4;47;2;18.95
1889;927;534;3;5;21;6;2.95
1890;927;534;3;5;21;6;2.95
1891;927;534;3;5;21;8;4.50
1892;928;781;2;1;59;7;3.95
1893;928;781;2;1;59;5;2.25
1894;929;208;2;4;48;2;18.95
1895;929;208;2;4;48;8;4.50
1896;930;860;2;5;90;6;2.95
1897;931;345;3;3;4;8;4.50
1898;931;345;3;3;4;8;4.50
1899;932;780;1;4;86;8;4.50
1900;932;780;1;4;86;3;1.50
1901;933;827;2;1;58;3;1.50
1902;933;827;2;1;58;3;1.50
1903;934;859;3;5;94;8;4.50
1904;934;859;3;5;94;3;1.50
1905;935;564;1;3;87;2;18.95
1906;936;169;3;3;76;2;18.95
1907;936;169;3;3;76;6;2.95
1908;937;558;4;5;46;5;2.25
1909;937;558;4;5;46;8;4.50
1910;938;165;3;2;4;5;2.25
1911;938;165;3;2;4;4;6.50
1912;939;318;1;4;57;2;18.95
1913;940;775;1;4;82;7;3.95
1914;940;775;1;4;82;5;2.25
1915;940;775;1;4;82;5;2.25
1916;941;321;3;4;59;1;12.95
1917;941;321;3;4;59;7;3.95
1918;942;442;3;5;29;4;6.50
1919;942;442;3;5;29;1;12.95
1920;943;497;2;4;93;6;2.95
1921;943;497;2;4;93;8;4.50
1922;943;497;2;4;93;7;3.95
1923;944;129;4;3;61;5;2.25
1924;944;129;4;3;61;2;18.95
1925;945;470;4;5;54;5;2.25
1926;945;470;4;5;54;3;1.50
1927;945;470;4;5;54;1;12.95
1928;946;277;1;4;3;7;3.95
1929;946;277;1;4;3;7;3.95
1930;947;482;3;4;46;8;4.50
1931;947;482;3;4;46;3;1.50
1932;948;971;1;1;4;7;3.95
1933;949;656;4;3;31;5;2.25
1934;950;366;1;3;3;6;2.95
1935;951;806;3;1;67;8;4.50
1936;952;662;2;2;67;8;4.50
1937;952;662;2;2;67;2;18.95
1938;952;662;2;2;67;3;1.50
1939;953;985;3;4;31;3;1.50
1940;953;985;3;4;31;6;2.95
1941;954;143;4;4;79;2;18.95
1942;955;522;2;2;91;1;12.95
1943;955;522;2;2;91;8;4.50
1944;956;1;1;3;60;3;1.50
1945;957;786;3;5;84;3;1.50
1946;957;786;3;5;84;8;4.50
1947;958;69;4;3;6;7;3.95
1948;958;69;4;3;6;6;2.95
1949;958;69;4;3;6;8;4.50
1950;959;626;4;2;34;5;2.25
1951;960;398;2;4;42;4;6.50
1952;960;398;2;4;42;6;2.95
1953;961;490;2;3;35;1;12.95
1954;961;490;2;3;35;5;2.25
1955;961;490;2;3;35;2;18.95
1956;962;821;2;5;89;5;2.25
1957;963;790;4;2;34;6;2.95
1958;963;790;4;2;34;3;1.50
1959;964;102;4;3;29;7;3.95
1960;964;102;4;3;29;3;1.50
1961;964;102;4;3;29;2;18.95
1962;965;610;3;1;36;8;4.50
1963;965;610;3;1;36;7;3.95
1964;965;610;3;1;36;2;18.95
1965;966;806;4;4;41;8;4.50
1966;967;815;3;2;29;4;6.50
1967;967;815;3;2;29;5;2.25
1968;968;718;3;4;76;4;6.50
1969;968;718;3;4;76;2;18.95
1970;968;718;3;4;76;6;2.95
1971;969;658;3;2;21;6;2.95
1972;970;753;4;3;94;1;12.95
1973;971;272;4;1;15;1;12.95
1974;971;272;4;1;15;5;2.25
1975;971;272;4;1;15;5;2.25
1976;972;166;2;5;49;3;1.50
1977;973;390;3;3;30;4;6.50
1978;973;390;3;3;30;3;1.50
1979;973;390;3;3;30;1;12.95
1980;974;832;4;3;29;4;6.50
1981;974;832;4;3;29;3;1.50
1982;975;809;2;3;34;8;4.50
1983;976;458;2;1;30;6;2.95
1984;976;458;2;1;30;8;4.50
1985;976;458;2;1;30;1;12.95
1986;977;600;4;4;54;3;1.50
1987;977;600;4;4;54;8;4.50
1988;978;1;3;5;57;2;18.95
1989;979;42;2;3;53;7;3.95
1990;980;801;1;5;10;6;2.95
1991;980;801;1;5;10;5;2.25
1992;981;162;4;1;79;1;12.95
1993;982;276;4;1;44;8;4.50
1994;982;276;4;1;44;5;2.25
1995;982;276;4;1;44;2;18.95
1996;983;87;4;4;1;6;2.95
1997;983;87;4;4;1;1;12.95
1998;983;87;4;4;1;6;2.95
1999;984;626;1;4;31;5;2.25
2000;984;626;1;4;31;5;2.25
2001;984;626;1;4;31;4;6.50
2002;985;509;2;2;50;1;12.95
2003;985;509;2;2;50;1;12.95
2004;986;873;2;2;73;8;4.50
2005;986;873;2;2;73;1;12.95
2006;986;873;2;2;73;2;18.95
2007;987;359;4;1;10;8;4.50
2008;988;317;4;4;55;8;4.50
2009;989;500;3;3;89;6;2.95
2010;989;500;3;3;89;7;3.95
2011;990;543;1;2;44;8;4.50
2012;990;543;1;2;44;5;2.25
2013;991;804;1;3;35;1;12.95
2014;991;804;1;3;35;5;2.25
2015;991;804;1;3;35;7;3.95
2016;992;247;4;4;53;4;6.50
2017;992;247;4;4;53;8;4.50
2018;993;989;3;1;65;6;2.95
2019;993;989;3;1;65;1;12.95
2020;994;645;1;4;15;4;6.50
2021;995;637;1;3;77;2;18.95
2022;995;637;1;3;77;1;12.95
2023;995;637;1;3;77;2;18.95
2024;996;199;4;5;75;7;3.95
2025;996;199;4;5;75;7;3.95
2026;996;199;4;5;75;6;2.95
2027;997;10;2;3;67;7;3.95
2028;997;10;2;3;67;4;6.50
2029;997;10;2;3;67;6;2.95
2030;998;861;1;3;17;7;3.95
2031;999;118;3;1;38;6;2.95
2032;999;118;3;1;38;6;2.95
2033;999;118;3;1;38;3;1.50
2034;1000;413;2;4;92;8;4.50
2035;1000;413;2;4;92;4;6.50
2036;1000;413;2;4;92;6;2.95
2037;1001;927;1;3;9;4;6.50
2038;1002;496;4;3;43;1;12.95
2039;1002;496;4;3;43;3;1.50
2040;1003;308;4;3;79;2;18.95
2041;1004;612;1;5;24;4;6.50
2042;1004;612;1;5;24;8;4.50
2043;1004;612;1;5;24;1;12.95
2044;1005;472;1;4;64;6;2.95
2045;1005;472;1;4;64;2;18.95
2046;1006;242;2;4;8;3;1.50
2047;1006;242;2;4;8;7;3.95
2048;1006;242;2;4;8;6;2.95
2049;1007;974;4;4;21;3;1.50
2050;1007;974;4;4;21;2;18.95
2051;1008;547;2;2;25;5;2.25
2052;1008;547;2;2;25;2;18.95
2053;1008;547;2;2;25;3;1.50
2054;1009;264;4;2;35;1;12.95
2055;1009;264;4;2;35;5;2.25
2056;1009;264;4;2;35;1;12.95
2057;1010;988;1;2;26;3;1.50
2058;1010;988;1;2;26;6;2.95
2059;1011;725;2;3;75;3;1.50
2060;1011;725;2;3;75;3;1.50
2061;1011;725;2;3;75;6;2.95
2062;1012;717;2;5;1;4;6.50
2063;1012;717;2;5;1;4;6.50
2064;1012;717;2;5;1;3;1.50
2065;1013;158;2;2;77;7;3.95
2066;1014;783;1;2;85;3;1.50
2067;1014;783;1;2;85;3;1.50
2068;1015;801;3;5;50;7;3.95
2069;1015;801;3;5;50;5;2.25
2070;1016;117;2;2;20;1;12.95
2071;1016;117;2;2;20;4;6.50
2072;1017;464;4;4;37;1;12.95
2073;1018;505;4;3;14;5;2.25
2074;1018;505;4;3;14;2;18.95
2075;1019;491;1;5;77;1;12.95
2076;1020;545;2;1;1;4;6.50
2077;1021;200;3;2;7;8;4.50
2078;1022;638;4;5;90;6;2.95
2079;1022;638;4;5;90;8;4.50
2080;1023;861;2;5;6;1;12.95
2081;1023;861;2;5;6;5;2.25
2082;1024;551;1;4;90;5;2.25
2083;1024;551;1;4;90;2;18.95
2084;1025;11;4;4;22;4;6.50
2085;1025;11;4;4;22;2;18.95
2086;1025;11;4;4;22;4;6.50
2087;1026;871;3;4;94;5;2.25
2088;1026;871;3;4;94;7;3.95
2089;1027;67;3;3;24;3;1.50
2090;1027;67;3;3;24;6;2.95
2091;1028;604;1;5;83;4;6.50
2092;1029;397;4;3;9;4;6.50
2093;1029;397;4;3;9;4;6.50
2094;1029;397;4;3;9;3;1.50
2095;1030;203;4;5;65;5;2.25
2096;1031;853;1;3;92;8;4.50
2097;1031;853;1;3;92;8;4.50
2098;1032;642;2;2;75;4;6.50
2099;1032;642;2;2;75;6;2.95
2100;1033;886;1;1;41;8;4.50
2101;1033;886;1;1;41;5;2.25
2102;1033;886;1;1;41;5;2.25
2103;1034;810;4;2;56;6;2.95
2104;1034;810;4;2;56;6;2.95
2105;1035;300;3;4;51;8;4.50
2106;1035;300;3;4;51;1;12.95
2107;1035;300;3;4;51;2;18.95
2108;1036;207;1;4;20;2;18.95
2109;1036;207;1;4;20;5;2.25
2110;1037;798;3;3;27;8;4.50
2111;1037;798;3;3;27;5;2.25
2112;1037;798;3;3;27;3;1.50
2113;1038;478;1;2;17;5;2.25
2114;1038;478;1;2;17;2;18.95
2115;1039;474;4;2;38;8;4.50
2116;1039;474;4;2;38;3;1.50
2117;1040;521;4;5;53;5;2.25
2118;1041;47;4;2;71;4;6.50
2119;1041;47;4;2;71;2;18.95
2120;1042;58;3;3;63;6;2.95
2121;1043;247;3;4;48;6;2.95
2122;1043;247;3;4;48;2;18.95
2123;1044;497;2;3;89;1;12.95
2124;1045;849;1;3;25;5;2.25
2125;1045;849;1;3;25;2;18.95
2126;1045;849;1;3;25;4;6.50
2127;1046;119;2;5;40;2;18.95
2128;1047;854;1;5;82;4;6.50
2129;1047;854;1;5;82;2;18.95
2130;1047;854;1;5;82;4;6.50
2131;1048;770;1;2;3;6;2.95
2132;1048;770;1;2;3;2;18.95
2133;1049;590;2;5;37;6;2.95
2134;1049;590;2;5;37;7;3.95
2135;1050;829;2;2;8;4;6.50
2136;1050;829;2;2;8;7;3.95
2137;1050;829;2;2;8;1;12.95
2138;1051;478;3;1;61;6;2.95
2139;1052;113;2;1;96;1;12.95
2140;1052;113;2;1;96;6;2.95
2141;1052;113;2;1;96;4;6.50
2142;1053;374;1;5;52;4;6.50
2143;1054;504;3;1;76;6;2.95
2144;1055;738;3;4;31;4;6.50
2145;1056;193;1;5;82;2;18.95
2146;1056;193;1;5;82;7;3.95
2147;1056;193;1;5;82;2;18.95
2148;1057;689;2;2;77;2;18.95
2149;1057;689;2;2;77;5;2.25
2150;1057;689;2;2;77;2;18.95
2151;1058;101;4;5;90;6;2.95
2152;1058;101;4;5;90;8;4.50
2153;1058;101;4;5;90;1;12.95
2154;1059;528;3;1;35;2;18.95
2155;1059;528;3;1;35;2;18.95
2156;1059;528;3;1;35;1;12.95
2157;1060;216;3;5;86;6;2.95
2158;1060;216;3;5;86;7;3.95
2159;1060;216;3;5;86;1;12.95
2160;1061;417;3;4;63;5;2.25
2161;1062;905;4;1;74;8;4.50
2162;1062;905;4;1;74;5;2.25
2163;1063;240;2;4;8;4;6.50
2164;1063;240;2;4;8;7;3.95
2165;1064;392;4;5;6;1;12.95
2166;1064;392;4;5;6;1;12.95
2167;1064;392;4;5;6;1;12.95
2168;1065;962;4;5;5;2;18.95
2169;1065;962;4;5;5;1;12.95
2170;1066;573;4;2;81;7;3.95
2171;1067;658;1;4;7;8;4.50
2172;1067;658;1;4;7;7;3.95
2173;1067;658;1;4;7;5;2.25
2174;1068;349;3;4;68;4;6.50
2175;1068;349;3;4;68;4;6.50
2176;1069;823;1;5;90;8;4.50
2177;1069;823;1;5;90;2;18.95
2178;1070;490;2;5;82;7;3.95
2179;1070;490;2;5;82;4;6.50
2180;1071;877;2;1;32;6;2.95
2181;1071;877;2;1;32;8;4.50
2182;1072;317;1;3;65;1;12.95
2183;1072;317;1;3;65;7;3.95
2184;1072;317;1;3;65;7;3.95
2185;1073;629;4;4;54;7;3.95
2186;1074;362;4;2;57;8;4.50
2187;1074;362;4;2;57;8;4.50
2188;1075;349;1;4;92;8;4.50
2189;1076;833;4;5;32;3;1.50
2190;1076;833;4;5;32;6;2.95
2191;1077;990;2;3;3;8;4.50
2192;1078;536;3;5;81;1;12.95
2193;1079;56;3;2;24;1;12.95
2194;1079;56;3;2;24;2;18.95
2195;1079;56;3;2;24;5;2.25
2196;1080;767;1;3;17;3;1.50
2197;1080;767;1;3;17;6;2.95
2198;1081;4;1;1;52;3;1.50
2199;1081;4;1;1;52;1;12.95
2200;1082;265;2;5;76;3;1.50
2201;1083;863;1;2;54;7;3.95
2202;1083;863;1;2;54;6;2.95
2203;1084;40;1;5;29;6;2.95
2204;1085;419;3;4;41;1;12.95
2205;1085;419;3;4;41;7;3.95
2206;1086;302;2;5;44;7;3.95
2207;1086;302;2;5;44;8;4.50
2208;1086;302;2;5;44;8;4.50
2209;1087;445;1;4;11;2;18.95
2210;1087;445;1;4;11;2;18.95
2211;1088;93;4;2;90;7;3.95
2212;1088;93;4;2;90;4;6.50
2213;1088;93;4;2;90;5;2.25
2214;1089;278;2;3;4;3;1.50
2215;1089;278;2;3;4;4;6.50
2216;1090;694;1;4;19;2;18.95
2217;1090;694;1;4;19;1;12.95
2218;1090;694;1;4;19;4;6.50
2219;1091;531;4;2;9;4;6.50
2220;1092;879;2;1;69;2;18.95
2221;1092;879;2;1;69;4;6.50
2222;1092;879;2;1;69;2;18.95
2223;1093;778;1;3;34;2;18.95
2224;1093;778;1;3;34;3;1.50
2225;1094;156;4;1;66;5;2.25
2226;1094;156;4;1;66;4;6.50
2227;1095;448;3;4;72;3;1.50
2228;1096;928;2;1;56;1;12.95
2229;1097;593;1;1;12;3;1.50
2230;1098;113;3;2;86;8;4.50
2231;1098;113;3;2;86;2;18.95
2232;1099;772;1;2;33;3;1.50
2233;1100;622;3;2;75;8;4.50
2234;1100;622;3;2;75;1;12.95
2235;1100;622;3;2;75;4;6.50
2236;1101;508;4;4;39;6;2.95
2237;1101;508;4;4;39;6;2.95
2238;1101;508;4;4;39;4;6.50
2239;1102;429;1;4;27;3;1.50
2240;1103;695;4;3;9;7;3.95
2241;1103;695;4;3;9;4;6.50
2242;1104;134;2;4;31;2;18.95
2243;1105;551;2;4;82;2;18.95
2244;1105;551;2;4;82;3;1.50
2245;1106;856;1;5;78;7;3.95
2246;1107;781;4;4;22;4;6.50
2247;1107;781;4;4;22;6;2.95
2248;1108;834;2;4;12;1;12.95
2249;1109;230;4;4;30;7;3.95
2250;1109;230;4;4;30;2;18.95
2251;1109;230;4;4;30;8;4.50
2252;1110;424;4;4;17;1;12.95
2253;1110;424;4;4;17;2;18.95
2254;1111;604;1;2;86;8;4.50
2255;1111;604;1;2;86;2;18.95
2256;1111;604;1;2;86;1;12.95
2257;1112;538;3;4;29;5;2.25
2258;1112;538;3;4;29;8;4.50
2259;1112;538;3;4;29;3;1.50
2260;1113;72;2;3;59;6;2.95
2261;1113;72;2;3;59;6;2.95
2262;1113;72;2;3;59;4;6.50
2263;1114;238;4;5;56;5;2.25
2264;1114;238;4;5;56;5;2.25
2265;1115;57;3;3;80;2;18.95
2266;1115;57;3;3;80;3;1.50
2267;1115;57;3;3;80;4;6.50
2268;1116;988;2;5;57;3;1.50
2269;1116;988;2;5;57;5;2.25
2270;1117;285;3;1;13;8;4.50
2271;1117;285;3;1;13;5;2.25
2272;1117;285;3;1;13;6;2.95
2273;1118;57;1;5;36;1;12.95
2274;1118;57;1;5;36;7;3.95
2275;1119;230;2;5;6;7;3.95
2276;1120;366;4;1;49;6;2.95
2277;1121;740;1;3;47;4;6.50
2278;1122;652;1;3;35;2;18.95
2279;1122;652;1;3;35;4;6.50
2280;1122;652;1;3;35;4;6.50
2281;1123;62;2;5;87;4;6.50
2282;1123;62;2;5;87;1;12.95
2283;1123;62;2;5;87;4;6.50
2284;1124;109;4;4;87;3;1.50
2285;1125;721;2;4;12;2;18.95
2286;1125;721;2;4;12;8;4.50
2287;1126;19;3;2;8;2;18.95
2288;1127;504;1;2;65;1;12.95
2289;1127;504;1;2;65;5;2.25
2290;1127;504;1;2;65;7;3.95
2291;1128;527;3;5;7;7;3.95
2292;1128;527;3;5;7;1;12.95
2293;1129;415;3;4;7;1;12.95
2294;1129;415;3;4;7;4;6.50
2295;1129;415;3;4;7;5;2.25
2296;1130;5;3;2;38;8;4.50
2297;1130;5;3;2;38;7;3.95
2298;1130;5;3;2;38;1;12.95
2299;1131;177;2;5;28;1;12.95
2300;1131;177;2;5;28;6;2.95
2301;1132;961;2;3;19;1;12.95
2302;1133;98;4;2;13;6;2.95
2303;1133;98;4;2;13;4;6.50
2304;1133;98;4;2;13;8;4.50
2305;1134;197;1;1;78;7;3.95
2306;1134;197;1;1;78;4;6.50
2307;1134;197;1;1;78;7;3.95
2308;1135;837;3;5;51;4;6.50
2309;1135;837;3;5;51;3;1.50
2310;1135;837;3;5;51;3;1.50
2311;1136;723;1;3;64;7;3.95
2312;1137;336;1;3;7;4;6.50
2313;1138;512;3;1;30;2;18.95
2314;1139;434;3;5;19;3;1.50
2315;1139;434;3;5;19;7;3.95
2316;1139;434;3;5;19;8;4.50
2317;1140;639;3;4;89;3;1.50
2318;1140;639;3;4;89;3;1.50
2319;1140;639;3;4;89;2;18.95
2320;1141;929;1;1;42;6;2.95
2321;1141;929;1;1;42;3;1.50
2322;1141;929;1;1;42;4;6.50
2323;1142;63;3;2;35;3;1.50
2324;1142;63;3;2;35;4;6.50
2325;1142;63;3;2;35;8;4.50
2326;1143;703;3;4;72;2;18.95
2327;1143;703;3;4;72;6;2.95
2328;1143;703;3;4;72;4;6.50
2329;1144;859;3;4;54;4;6.50
2330;1144;859;3;4;54;1;12.95
2331;1144;859;3;4;54;8;4.50
2332;1145;607;4;4;40;2;18.95
2333;1146;413;3;4;71;6;2.95
2334;1146;413;3;4;71;3;1.50
2335;1146;413;3;4;71;6;2.95
2336;1147;2;4;2;92;6;2.95
2337;1148;221;3;3;23;8;4.50
2338;1148;221;3;3;23;1;12.95
2339;1149;293;4;3;39;5;2.25
2340;1149;293;4;3;39;5;2.25
2341;1150;787;4;4;12;3;1.50
2342;1151;179;4;1;10;2;18.95
2343;1151;179;4;1;10;6;2.95
2344;1152;797;1;2;18;5;2.25
2345;1153;616;3;2;32;3;1.50
2346;1154;987;2;5;11;5;2.25
2347;1154;987;2;5;11;3;1.50
2348;1154;987;2;5;11;5;2.25
2349;1155;242;2;4;78;1;12.95
2350;1155;242;2;4;78;6;2.95
2351;1155;242;2;4;78;4;6.50
2352;1156;763;1;1;64;3;1.50
2353;1157;554;4;3;48;7;3.95
2354;1157;554;4;3;48;8;4.50
2355;1157;554;4;3;48;7;3.95
2356;1158;462;4;2;71;8;4.50
2357;1159;863;2;5;45;1;12.95
2358;1160;822;4;1;45;6;2.95
2359;1161;568;1;3;16;3;1.50
2360;1161;568;1;3;16;4;6.50
2361;1162;60;1;5;91;4;6.50
2362;1162;60;1;5;91;5;2.25
2363;1163;17;4;4;58;8;4.50
2364;1163;17;4;4;58;1;12.95
2365;1163;17;4;4;58;5;2.25
2366;1164;248;1;4;23;8;4.50
2367;1164;248;1;4;23;7;3.95
2368;1164;248;1;4;23;5;2.25
2369;1165;365;2;2;91;1;12.95
2370;1165;365;2;2;91;5;2.25
2371;1166;579;4;4;48;4;6.50
2372;1167;925;3;2;49;1;12.95
2373;1167;925;3;2;49;2;18.95
2374;1167;925;3;2;49;3;1.50
2375;1168;876;1;3;92;8;4.50
2376;1169;728;4;5;60;2;18.95
2377;1169;728;4;5;60;3;1.50
2378;1169;728;4;5;60;7;3.95
2379;1170;768;3;5;82;1;12.95
2380;1170;768;3;5;82;6;2.95
2381;1171;609;3;2;24;4;6.50
2382;1171;609;3;2;24;1;12.95
2383;1172;847;2;3;83;6;2.95
2384;1173;383;4;5;44;7;3.95
2385;1173;383;4;5;44;6;2.95
2386;1173;383;4;5;44;8;4.50
2387;1174;919;2;4;31;4;6.50
2388;1174;919;2;4;31;2;18.95
2389;1175;321;1;2;12;1;12.95
2390;1176;841;3;1;56;3;1.50
2391;1177;729;2;1;30;2;18.95
2392;1177;729;2;1;30;8;4.50
2393;1177;729;2;1;30;1;12.95
2394;1178;511;2;1;79;3;1.50
2395;1179;866;1;1;7;2;18.95
2396;1179;866;1;1;7;3;1.50
2397;1180;866;4;4;84;4;6.50
2398;1180;866;4;4;84;5;2.25
2399;1180;866;4;4;84;5;2.25
2400;1181;918;4;5;93;8;4.50
2401;1182;278;4;5;8;3;1.50
2402;1183;385;1;2;45;1;12.95
2403;1183;385;1;2;45;7;3.95
2404;1183;385;1;2;45;3;1.50
2405;1184;834;3;2;66;6;2.95
2406;1184;834;3;2;66;8;4.50
2407;1184;834;3;2;66;3;1.50
2408;1185;174;4;4;4;6;2.95
2409;1185;174;4;4;4;3;1.50
2410;1186;596;4;1;12;4;6.50
2411;1186;596;4;1;12;5;2.25
2412;1187;843;4;3;91;7;3.95
2413;1187;843;4;3;91;2;18.95
2414;1188;171;1;4;40;6;2.95
2415;1189;937;4;5;79;4;6.50
2416;1189;937;4;5;79;2;18.95
2417;1189;937;4;5;79;1;12.95
2418;1190;164;2;3;15;7;3.95
2419;1191;27;2;2;78;7;3.95
2420;1191;27;2;2;78;5;2.25
2421;1191;27;2;2;78;5;2.25
2422;1192;353;4;1;9;7;3.95
2423;1192;353;4;1;9;5;2.25
2424;1193;406;1;4;66;5;2.25
2425;1193;406;1;4;66;1;12.95
2426;1194;927;4;3;3;1;12.95
2427;1194;927;4;3;3;7;3.95
2428;1195;657;4;3;76;2;18.95
2429;1195;657;4;3;76;1;12.95
2430;1195;657;4;3;76;5;2.25
2431;1196;579;1;2;54;7;3.95
2432;1197;648;4;4;82;7;3.95
2433;1197;648;4;4;82;8;4.50
2434;1197;648;4;4;82;3;1.50
2435;1198;146;3;4;10;7;3.95
2436;1198;146;3;4;10;6;2.95
2437;1199;189;1;2;20;5;2.25
2438;1200;573;3;4;23;7;3.95
2439;1200;573;3;4;23;4;6.50
2440;1201;331;3;3;3;2;18.95
2441;1201;331;3;3;3;1;12.95
2442;1201;331;3;3;3;4;6.50
2443;1202;844;3;4;22;2;18.95
2444;1202;844;3;4;22;4;6.50
2445;1203;242;4;5;82;5;2.25
2446;1203;242;4;5;82;5;2.25
2447;1204;640;4;3;69;1;12.95
2448;1204;640;4;3;69;7;3.95
2449;1204;640;4;3;69;8;4.50
2450;1205;119;3;1;76;5;2.25
2451;1205;119;3;1;76;6;2.95
2452;1206;543;3;5;64;3;1.50
2453;1207;588;1;2;88;4;6.50
2454;1207;588;1;2;88;5;2.25
2455;1208;102;2;5;28;7;3.95
2456;1209;512;3;1;10;8;4.50
2457;1209;512;3;1;10;7;3.95
2458;1210;267;3;4;89;8;4.50
2459;1211;744;1;1;70;8;4.50
2460;1211;744;1;1;70;4;6.50
2461;1212;359;2;2;91;8;4.50
2462;1212;359;2;2;91;3;1.50
2463;1212;359;2;2;91;8;4.50
2464;1213;18;1;1;24;6;2.95
2465;1213;18;1;1;24;1;12.95
2466;1214;260;2;5;56;6;2.95
2467;1214;260;2;5;56;6;2.95
2468;1214;260;2;5;56;8;4.50
2469;1215;842;1;5;55;1;12.95
2470;1216;795;3;5;22;8;4.50
2471;1216;795;3;5;22;7;3.95
2472;1217;857;2;3;42;3;1.50
2473;1218;889;1;5;73;8;4.50
2474;1218;889;1;5;73;6;2.95
2475;1218;889;1;5;73;2;18.95
2476;1219;886;3;3;92;5;2.25
2477;1219;886;3;3;92;5;2.25
2478;1219;886;3;3;92;1;12.95
2479;1220;393;2;5;38;1;12.95
2480;1221;557;2;5;20;5;2.25
2481;1222;287;4;5;78;7;3.95
2482;1222;287;4;5;78;4;6.50
2483;1223;338;3;3;76;4;6.50
2484;1224;717;1;5;40;7;3.95
2485;1224;717;1;5;40;4;6.50
2486;1224;717;1;5;40;8;4.50
2487;1225;892;2;5;55;2;18.95
2488;1226;362;4;1;22;3;1.50
2489;1226;362;4;1;22;4;6.50
2490;1227;397;2;1;29;3;1.50
2491;1227;397;2;1;29;1;12.95
2492;1227;397;2;1;29;7;3.95
2493;1228;725;3;1;21;8;4.50
2494;1228;725;3;1;21;6;2.95
2495;1228;725;3;1;21;1;12.95
2496;1229;192;2;3;67;7;3.95
2497;1230;478;3;4;12;5;2.25
2498;1230;478;3;4;12;8;4.50
2499;1230;478;3;4;12;1;12.95
2500;1231;806;1;3;33;5;2.25
2501;1231;806;1;3;33;2;18.95
2502;1232;978;3;4;74;2;18.95
2503;1233;283;2;3;34;6;2.95
2504;1233;283;2;3;34;2;18.95
2505;1234;236;1;2;16;5;2.25
2506;1235;284;3;2;76;4;6.50
2507;1236;535;4;1;8;2;18.95
2508;1236;535;4;1;8;8;4.50
2509;1237;597;2;3;41;3;1.50
2510;1238;451;3;2;82;6;2.95
2511;1238;451;3;2;82;8;4.50
2512;1238;451;3;2;82;3;1.50
2513;1239;253;2;5;23;1;12.95
2514;1239;253;2;5;23;6;2.95
2515;1239;253;2;5;23;2;18.95
2516;1240;496;3;4;66;5;2.25
2517;1240;496;3;4;66;5;2.25
2518;1241;460;2;2;56;7;3.95
2519;1241;460;2;2;56;7;3.95
2520;1241;460;2;2;56;3;1.50
2521;1242;163;2;4;83;6;2.95
2522;1242;163;2;4;83;6;2.95
2523;1243;472;1;5;63;1;12.95
2524;1244;505;1;3;53;5;2.25
2525;1244;505;1;3;53;6;2.95
2526;1244;505;1;3;53;3;1.50
2527;1245;735;1;1;55;6;2.95
2528;1245;735;1;1;55;6;2.95
2529;1245;735;1;1;55;3;1.50
2530;1246;496;1;1;43;1;12.95
2531;1247;38;2;1;24;3;1.50
2532;1247;38;2;1;24;5;2.25
2533;1248;787;3;3;59;8;4.50
2534;1248;787;3;3;59;8;4.50
2535;1248;787;3;3;59;6;2.95
2536;1249;610;3;4;12;1;12.95
2537;1249;610;3;4;12;7;3.95
2538;1250;578;2;3;45;5;2.25
2539;1251;824;2;1;52;7;3.95
2540;1251;824;2;1;52;3;1.50
2541;1251;824;2;1;52;8;4.50
2542;1252;118;4;1;15;8;4.50
2543;1253;737;2;3;8;2;18.95
2544;1253;737;2;3;8;1;12.95
2545;1254;212;3;1;60;5;2.25
2546;1254;212;3;1;60;8;4.50
2547;1254;212;3;1;60;3;1.50
2548;1255;960;3;1;15;2;18.95
2549;1256;766;2;2;68;8;4.50
2550;1257;27;4;1;66;6;2.95
2551;1258;44;2;2;54;4;6.50
2552;1259;431;3;3;15;7;3.95
2553;1259;431;3;3;15;3;1.50
2554;1259;431;3;3;15;5;2.25
2555;1260;348;2;2;19;6;2.95
2556;1260;348;2;2;19;5;2.25
2557;1260;348;2;2;19;4;6.50
2558;1261;221;1;4;15;7;3.95
2559;1262;731;4;4;45;2;18.95
2560;1262;731;4;4;45;2;18.95
2561;1263;940;3;1;63;8;4.50
2562;1263;940;3;1;63;2;18.95
2563;1263;940;3;1;63;4;6.50
2564;1264;433;2;5;69;5;2.25
2565;1264;433;2;5;69;6;2.95
2566;1264;433;2;5;69;3;1.50
2567;1265;633;2;1;56;3;1.50
2568;1265;633;2;1;56;8;4.50
2569;1265;633;2;1;56;1;12.95
2570;1266;987;1;3;57;4;6.50
2571;1266;987;1;3;57;3;1.50
2572;1267;956;1;1;37;3;1.50
2573;1267;956;1;1;37;6;2.95
2574;1268;527;2;4;83;5;2.25
2575;1269;737;4;5;94;7;3.95
2576;1270;219;2;1;46;5;2.25
2577;1270;219;2;1;46;2;18.95
2578;1271;730;1;3;78;6;2.95
2579;1271;730;1;3;78;5;2.25
2580;1271;730;1;3;78;8;4.50
2581;1272;698;4;1;41;2;18.95
2582;1272;698;4;1;41;8;4.50
2583;1273;793;1;3;51;4;6.50
2584;1274;548;1;3;28;5;2.25
2585;1275;180;4;4;92;7;3.95
2586;1275;180;4;4;92;5;2.25
2587;1275;180;4;4;92;6;2.95
2588;1276;916;3;4;31;6;2.95
2589;1276;916;3;4;31;5;2.25
2590;1277;557;4;3;43;6;2.95
2591;1277;557;4;3;43;1;12.95
2592;1278;897;3;5;82;2;18.95
2593;1278;897;3;5;82;6;2.95
2594;1278;897;3;5;82;5;2.25
2595;1279;450;4;2;70;1;12.95
2596;1280;759;4;4;23;7;3.95
2597;1280;759;4;4;23;4;6.50
2598;1281;772;1;1;93;2;18.95
2599;1281;772;1;1;93;1;12.95
2600;1281;772;1;1;93;4;6.50
2601;1282;503;1;4;71;5;2.25
2602;1282;503;1;4;71;2;18.95
2603;1282;503;1;4;71;1;12.95
2604;1283;187;1;3;81;1;12.95
2605;1283;187;1;3;81;2;18.95
2606;1284;412;4;4;88;2;18.95
2607;1284;412;4;4;88;6;2.95
2608;1284;412;4;4;88;5;2.25
2609;1285;293;1;4;50;1;12.95
2610;1285;293;1;4;50;2;18.95
2611;1285;293;1;4;50;7;3.95
2612;1286;843;2;3;16;4;6.50
2613;1287;818;1;1;94;5;2.25
2614;1287;818;1;1;94;2;18.95
2615;1288;183;1;1;23;5;2.25
2616;1288;183;1;1;23;8;4.50
2617;1288;183;1;1;23;1;12.95
2618;1289;647;4;1;8;4;6.50
2619;1289;647;4;1;8;2;18.95
2620;1290;106;3;3;35;3;1.50
2621;1291;388;2;1;41;1;12.95
2622;1291;388;2;1;41;4;6.50
2623;1291;388;2;1;41;5;2.25
2624;1292;810;1;2;34;8;4.50
2625;1292;810;1;2;34;2;18.95
2626;1292;810;1;2;34;2;18.95
2627;1293;647;2;1;52;4;6.50
2628;1294;871;1;2;56;2;18.95
2629;1294;871;1;2;56;2;18.95
2630;1294;871;1;2;56;2;18.95
2631;1295;669;3;2;45;2;18.95
2632;1295;669;3;2;45;2;18.95
2633;1296;260;3;3;96;8;4.50
2634;1296;260;3;3;96;2;18.95
2635;1296;260;3;3;96;1;12.95
2636;1297;657;3;1;17;2;18.95
2637;1297;657;3;1;17;3;1.50
2638;1298;785;1;5;16;3;1.50
2639;1298;785;1;5;16;8;4.50
2640;1299;279;1;4;35;2;18.95
2641;1300;870;2;1;37;7;3.95
2642;1300;870;2;1;37;3;1.50
2643;1300;870;2;1;37;5;2.25
2644;1301;842;3;4;61;6;2.95
2645;1301;842;3;4;61;6;2.95
2646;1302;652;1;2;73;1;12.95
2647;1302;652;1;2;73;7;3.95
2648;1302;652;1;2;73;3;1.50
2649;1303;959;2;5;17;4;6.50
2650;1304;53;3;5;83;5;2.25
2651;1305;663;4;2;67;2;18.95
2652;1305;663;4;2;67;2;18.95
2653;1306;825;3;1;88;2;18.95
2654;1307;293;3;3;51;3;1.50
2655;1308;469;1;2;72;6;2.95
2656;1309;538;2;2;54;1;12.95
2657;1309;538;2;2;54;1;12.95
2658;1309;538;2;2;54;7;3.95
2659;1310;687;4;4;46;6;2.95
2660;1311;416;2;2;36;6;2.95
2661;1311;416;2;2;36;1;12.95
2662;1312;604;1;4;82;1;12.95
2663;1313;803;2;2;69;4;6.50
2664;1313;803;2;2;69;6;2.95
2665;1313;803;2;2;69;2;18.95
2666;1314;378;1;4;18;1;12.95
2667;1314;378;1;4;18;6;2.95
2668;1314;378;1;4;18;5;2.25
2669;1315;694;4;1;79;8;4.50
2670;1316;268;3;2;74;5;2.25
2671;1316;268;3;2;74;1;12.95
2672;1316;268;3;2;74;6;2.95
2673;1317;426;2;3;50;4;6.50
2674;1318;470;3;2;73;3;1.50
2675;1318;470;3;2;73;2;18.95
2676;1318;470;3;2;73;2;18.95
2677;1319;745;4;5;70;3;1.50
2678;1320;423;1;3;38;8;4.50
2679;1320;423;1;3;38;5;2.25
2680;1321;991;3;5;46;7;3.95
2681;1321;991;3;5;46;2;18.95
2682;1322;181;4;4;79;4;6.50
2683;1323;948;3;4;53;2;18.95
2684;1324;852;4;1;21;4;6.50
2685;1325;514;3;5;57;7;3.95
2686;1326;705;2;1;74;1;12.95
2687;1326;705;2;1;74;7;3.95
2688;1326;705;2;1;74;7;3.95
2689;1327;231;2;2;17;7;3.95
2690;1327;231;2;2;17;3;1.50
2691;1327;231;2;2;17;2;18.95
2692;1328;372;1;5;28;2;18.95
2693;1328;372;1;5;28;3;1.50
2694;1329;366;2;5;12;4;6.50
2695;1329;366;2;5;12;2;18.95
2696;1330;43;3;2;48;8;4.50
2697;1330;43;3;2;48;1;12.95
2698;1330;43;3;2;48;3;1.50
2699;1331;722;4;4;10;3;1.50
2700;1331;722;4;4;10;7;3.95
2701;1331;722;4;4;10;2;18.95
2702;1332;969;4;5;36;4;6.50
2703;1333;822;1;4;64;6;2.95
2704;1333;822;1;4;64;1;12.95
2705;1333;822;1;4;64;7;3.95
2706;1334;76;1;2;26;1;12.95
2707;1335;69;2;4;37;6;2.95
2708;1336;869;3;3;26;1;12.95
2709;1336;869;3;3;26;4;6.50
2710;1336;869;3;3;26;2;18.95
2711;1337;35;4;1;37;5;2.25
2712;1337;35;4;1;37;5;2.25
2713;1337;35;4;1;37;1;12.95
2714;1338;287;4;5;1;8;4.50
2715;1339;426;4;2;66;7;3.95
2716;1339;426;4;2;66;8;4.50
2717;1340;360;1;1;65;3;1.50
2718;1340;360;1;1;65;3;1.50
2719;1341;655;2;2;81;8;4.50
2720;1342;800;2;1;3;3;1.50
2721;1342;800;2;1;3;5;2.25
2722;1343;758;4;5;42;3;1.50
2723;1343;758;4;5;42;2;18.95
2724;1343;758;4;5;42;5;2.25
2725;1344;418;1;4;17;2;18.95
2726;1344;418;1;4;17;2;18.95
2727;1345;604;1;3;46;5;2.25
2728;1345;604;1;3;46;5;2.25
2729;1345;604;1;3;46;3;1.50
2730;1346;162;2;4;49;6;2.95
2731;1346;162;2;4;49;8;4.50
2732;1347;369;4;2;96;8;4.50
2733;1347;369;4;2;96;2;18.95
2734;1347;369;4;2;96;6;2.95
2735;1348;427;2;1;41;3;1.50
2736;1349;147;1;3;41;8;4.50
2737;1350;4;3;3;19;5;2.25
2738;1350;4;3;3;19;4;6.50
2739;1351;326;4;1;44;6;2.95
2740;1351;326;4;1;44;7;3.95
2741;1352;75;1;3;74;8;4.50
2742;1353;389;4;1;71;1;12.95
2743;1353;389;4;1;71;2;18.95
2744;1354;295;2;3;7;2;18.95
2745;1354;295;2;3;7;4;6.50
2746;1355;128;3;2;37;4;6.50
2747;1356;251;2;3;38;2;18.95
2748;1356;251;2;3;38;7;3.95
2749;1357;673;2;3;49;2;18.95
2750;1358;997;1;4;52;5;2.25
2751;1358;997;1;4;52;5;2.25
2752;1359;718;2;3;23;5;2.25
2753;1359;718;2;3;23;1;12.95
2754;1360;718;1;2;75;4;6.50
2755;1360;718;1;2;75;8;4.50
2756;1360;718;1;2;75;1;12.95
2757;1361;789;2;5;59;3;1.50
2758;1362;74;3;4;39;1;12.95
2759;1362;74;3;4;39;3;1.50
2760;1362;74;3;4;39;5;2.25
2761;1363;653;2;5;52;7;3.95
2762;1363;653;2;5;52;1;12.95
2763;1363;653;2;5;52;2;18.95
2764;1364;892;1;2;17;8;4.50
2765;1364;892;1;2;17;7;3.95
2766;1364;892;1;2;17;5;2.25
2767;1365;734;3;4;34;5;2.25
2768;1365;734;3;4;34;4;6.50
2769;1366;61;3;4;84;2;18.95
2770;1366;61;3;4;84;4;6.50
2771;1367;656;2;1;47;5;2.25
2772;1368;161;2;4;72;2;18.95
2773;1368;161;2;4;72;7;3.95
2774;1369;148;4;5;40;6;2.95
2775;1370;501;3;3;64;2;18.95
2776;1370;501;3;3;64;8;4.50
2777;1371;405;1;2;15;3;1.50
2778;1372;704;2;5;10;1;12.95
2779;1372;704;2;5;10;7;3.95
2780;1372;704;2;5;10;8;4.50
2781;1373;273;3;5;82;7;3.95
2782;1373;273;3;5;82;8;4.50
2783;1373;273;3;5;82;6;2.95
2784;1374;922;4;2;90;1;12.95
2785;1375;73;4;5;63;8;4.50
2786;1375;73;4;5;63;7;3.95
2787;1375;73;4;5;63;7;3.95
2788;1376;229;1;3;15;5;2.25
2789;1377;405;2;5;4;2;18.95
2790;1377;405;2;5;4;3;1.50
2791;1377;405;2;5;4;8;4.50
2792;1378;494;2;3;23;3;1.50
2793;1379;87;2;5;2;5;2.25
2794;1380;965;3;3;65;5;2.25
2795;1380;965;3;3;65;1;12.95
2796;1381;184;1;2;43;6;2.95
2797;1381;184;1;2;43;6;2.95
2798;1381;184;1;2;43;8;4.50
2799;1382;837;2;5;25;5;2.25
2800;1382;837;2;5;25;7;3.95
2801;1383;878;4;4;33;1;12.95
2802;1383;878;4;4;33;1;12.95
2803;1383;878;4;4;33;7;3.95
2804;1384;618;1;1;23;3;1.50
2805;1384;618;1;1;23;5;2.25
2806;1385;474;2;4;35;1;12.95
2807;1386;218;3;3;49;4;6.50
2808;1387;395;3;1;79;5;2.25
2809;1388;622;4;3;19;7;3.95
2810;1389;409;2;1;27;6;2.95
2811;1389;409;2;1;27;1;12.95
2812;1390;738;4;5;36;1;12.95
2813;1391;58;4;2;4;3;1.50
2814;1392;911;4;5;60;7;3.95
2815;1392;911;4;5;60;2;18.95
2816;1392;911;4;5;60;4;6.50
2817;1393;335;2;4;14;4;6.50
2818;1393;335;2;4;14;3;1.50
2819;1394;689;3;1;69;5;2.25
2820;1394;689;3;1;69;2;18.95
2821;1394;689;3;1;69;4;6.50
2822;1395;37;4;3;13;6;2.95
2823;1395;37;4;3;13;4;6.50
2824;1396;387;2;4;43;2;18.95
2825;1397;650;4;1;62;1;12.95
2826;1398;79;1;1;91;6;2.95
2827;1399;684;3;5;32;6;2.95
2828;1400;112;1;2;49;2;18.95
2829;1401;211;2;4;46;4;6.50
2830;1401;211;2;4;46;1;12.95
2831;1401;211;2;4;46;8;4.50
2832;1402;945;2;5;36;1;12.95
2833;1403;572;1;2;18;1;12.95
2834;1404;730;4;3;81;1;12.95
2835;1404;730;4;3;81;1;12.95
2836;1405;221;1;3;52;6;2.95
2837;1406;118;2;5;17;6;2.95
2838;1406;118;2;5;17;5;2.25
2839;1406;118;2;5;17;3;1.50
2840;1407;42;4;5;23;3;1.50
2841;1407;42;4;5;23;4;6.50
2842;1407;42;4;5;23;7;3.95
2843;1408;954;2;3;85;2;18.95
2844;1408;954;2;3;85;2;18.95
2845;1408;954;2;3;85;2;18.95
2846;1409;852;4;1;88;8;4.50
2847;1409;852;4;1;88;1;12.95
2848;1409;852;4;1;88;8;4.50
2849;1410;253;2;3;20;3;1.50
2850;1410;253;2;3;20;7;3.95
2851;1410;253;2;3;20;4;6.50
2852;1411;765;2;4;2;4;6.50
2853;1412;916;3;5;56;4;6.50
2854;1412;916;3;5;56;3;1.50
2855;1413;772;1;2;73;2;18.95
2856;1414;338;1;4;53;3;1.50
2857;1415;776;2;3;86;6;2.95
2858;1415;776;2;3;86;8;4.50
2859;1416;2;1;2;75;5;2.25
2860;1416;2;1;2;75;4;6.50
2861;1416;2;1;2;75;7;3.95
2862;1417;746;3;2;50;2;18.95
2863;1417;746;3;2;50;1;12.95
2864;1417;746;3;2;50;5;2.25
2865;1418;464;2;2;2;4;6.50
2866;1418;464;2;2;2;1;12.95
2867;1419;265;4;1;51;5;2.25
2868;1419;265;4;1;51;3;1.50
2869;1419;265;4;1;51;5;2.25
2870;1420;560;4;3;53;6;2.95
2871;1421;782;2;1;9;6;2.95
2872;1422;623;4;1;81;2;18.95
2873;1422;623;4;1;81;8;4.50
2874;1423;5;3;1;94;6;2.95
2875;1424;47;4;1;26;8;4.50
2876;1425;725;2;4;94;7;3.95
2877;1425;725;2;4;94;6;2.95
2878;1426;85;3;4;63;2;18.95
2879;1427;246;4;1;20;2;18.95
2880;1427;246;4;1;20;5;2.25
2881;1428;647;4;2;54;1;12.95
2882;1428;647;4;2;54;5;2.25
2883;1429;391;4;5;7;6;2.95
2884;1429;391;4;5;7;6;2.95
2885;1430;885;3;5;3;5;2.25
2886;1430;885;3;5;3;7;3.95
2887;1431;674;3;3;9;4;6.50
2888;1432;568;2;1;89;1;12.95
2889;1433;553;2;3;26;2;18.95
2890;1433;553;2;3;26;6;2.95
2891;1434;470;2;5;45;2;18.95
2892;1434;470;2;5;45;3;1.50
2893;1434;470;2;5;45;2;18.95
2894;1435;399;1;3;32;5;2.25
2895;1435;399;1;3;32;5;2.25
2896;1435;399;1;3;32;4;6.50
2897;1436;7;3;4;3;5;2.25
2898;1436;7;3;4;3;4;6.50
2899;1437;858;4;1;79;7;3.95
2900;1437;858;4;1;79;3;1.50
2901;1438;554;4;3;25;8;4.50
2902;1438;554;4;3;25;7;3.95
2903;1439;698;3;4;71;1;12.95
2904;1440;962;1;4;23;4;6.50
2905;1441;415;4;5;54;4;6.50
2906;1441;415;4;5;54;5;2.25
2907;1442;977;3;4;42;1;12.95
2908;1443;268;1;2;5;6;2.95
2909;1443;268;1;2;5;8;4.50
2910;1444;630;2;5;68;7;3.95
2911;1444;630;2;5;68;6;2.95
2912;1444;630;2;5;68;6;2.95
2913;1445;563;2;2;77;2;18.95
2914;1445;563;2;2;77;4;6.50
2915;1445;563;2;2;77;1;12.95
2916;1446;488;2;1;53;5;2.25
2917;1447;29;1;3;74;7;3.95
2918;1447;29;1;3;74;6;2.95
2919;1447;29;1;3;74;3;1.50
2920;1448;610;1;2;91;1;12.95
2921;1448;610;1;2;91;8;4.50
2922;1449;530;1;2;41;5;2.25
2923;1449;530;1;2;41;5;2.25
2924;1450;178;3;2;66;6;2.95
2925;1450;178;3;2;66;3;1.50
2926;1451;561;4;4;35;6;2.95
2927;1451;561;4;4;35;5;2.25
2928;1451;561;4;4;35;6;2.95
2929;1452;625;3;1;15;6;2.95
2930;1453;25;3;4;82;4;6.50
2931;1453;25;3;4;82;4;6.50
2932;1453;25;3;4;82;5;2.25
2933;1454;21;2;2;64;7;3.95
2934;1455;575;3;1;38;8;4.50
2935;1456;4;4;5;38;1;12.95
2936;1457;270;1;3;54;7;3.95
2937;1458;234;2;1;54;3;1.50
2938;1459;405;3;4;37;2;18.95
2939;1460;482;3;2;45;6;2.95
2940;1461;727;1;5;6;1;12.95
2941;1462;141;2;5;76;3;1.50
2942;1462;141;2;5;76;1;12.95
2943;1462;141;2;5;76;2;18.95
2944;1463;469;3;3;42;1;12.95
2945;1463;469;3;3;42;5;2.25
2946;1464;328;2;4;76;7;3.95
2947;1464;328;2;4;76;2;18.95
2948;1464;328;2;4;76;3;1.50
2949;1465;980;4;4;95;4;6.50
2950;1466;807;3;4;64;2;18.95
2951;1467;94;3;5;78;5;2.25
2952;1467;94;3;5;78;8;4.50
2953;1468;12;1;4;87;1;12.95
2954;1469;963;4;3;27;5;2.25
2955;1469;963;4;3;27;1;12.95
2956;1469;963;4;3;27;4;6.50
2957;1470;368;3;2;48;2;18.95
2958;1471;579;3;1;30;7;3.95
2959;1471;579;3;1;30;5;2.25
2960;1472;955;4;5;41;1;12.95
2961;1472;955;4;5;41;4;6.50
2962;1473;738;3;5;90;6;2.95
2963;1474;726;3;3;68;3;1.50
2964;1474;726;3;3;68;3;1.50
2965;1475;677;2;3;61;2;18.95
2966;1475;677;2;3;61;8;4.50
2967;1476;699;1;4;73;5;2.25
2968;1476;699;1;4;73;8;4.50
2969;1477;150;3;3;24;4;6.50
2970;1478;398;4;3;86;6;2.95
2971;1478;398;4;3;86;7;3.95
2972;1478;398;4;3;86;3;1.50
2973;1479;984;4;5;87;1;12.95
2974;1479;984;4;5;87;6;2.95
2975;1479;984;4;5;87;8;4.50
2976;1480;178;2;4;55;2;18.95
2977;1480;178;2;4;55;5;2.25
2978;1481;764;1;5;7;8;4.50
2979;1482;995;3;3;88;1;12.95
2980;1482;995;3;3;88;7;3.95
2981;1482;995;3;3;88;7;3.95
2982;1483;387;2;4;49;2;18.95
2983;1483;387;2;4;49;7;3.95
2984;1484;27;3;3;35;5;2.25
2985;1484;27;3;3;35;5;2.25
2986;1484;27;3;3;35;4;6.50
2987;1485;235;2;3;4;4;6.50
2988;1485;235;2;3;4;1;12.95
2989;1486;292;4;4;40;7;3.95
2990;1487;405;3;4;76;7;3.95
2991;1488;876;1;3;87;7;3.95
2992;1489;167;3;4;2;2;18.95
2993;1489;167;3;4;2;2;18.95
2994;1490;653;2;5;29;5;2.25
2995;1491;735;4;5;54;3;1.50
2996;1491;735;4;5;54;3;1.50
2997;1492;91;2;5;65;4;6.50
2998;1493;806;3;3;47;5;2.25
2999;1493;806;3;3;47;1;12.95
3000;1494;802;3;1;75;6;2.95
3001;1495;918;3;5;27;1;12.95
3002;1496;775;1;3;44;7;3.95
3003;1496;775;1;3;44;4;6.50
3004;1497;772;1;2;90;8;4.50
3005;1497;772;1;2;90;1;12.95
3006;1497;772;1;2;90;5;2.25
3007;1498;19;2;2;38;7;3.95
3008;1498;19;2;2;38;3;1.50
3009;1499;996;2;4;86;2;18.95
3010;1499;996;2;4;86;5;2.25
3011;1500;894;2;1;1;7;3.95
3012;1500;894;2;1;1;5;2.25
3013;1500;894;2;1;1;8;4.50
3014;1501;775;1;4;84;3;1.50
3015;1502;863;3;2;26;5;2.25
3016;1503;220;4;2;66;4;6.50
3017;1503;220;4;2;66;3;1.50
3018;1503;220;4;2;66;7;3.95
3019;1504;479;3;2;94;3;1.50
3020;1504;479;3;2;94;6;2.95
3021;1505;534;4;4;88;8;4.50
3022;1506;465;2;4;72;3;1.50
3023;1506;465;2;4;72;5;2.25
3024;1507;417;1;1;2;5;2.25
3025;1507;417;1;1;2;2;18.95
3026;1507;417;1;1;2;7;3.95
3027;1508;254;2;2;53;8;4.50
3028;1508;254;2;2;53;6;2.95
3029;1509;559;3;4;40;5;2.25
3030;1509;559;3;4;40;4;6.50
3031;1509;559;3;4;40;5;2.25
3032;1510;409;1;3;25;4;6.50
3033;1510;409;1;3;25;5;2.25
3034;1511;580;1;4;83;4;6.50
3035;1512;845;2;2;93;2;18.95
3036;1512;845;2;2;93;7;3.95
3037;1513;1;2;1;7;6;2.95
3038;1513;1;2;1;7;1;12.95
3039;1514;273;4;5;89;4;6.50
3040;1514;273;4;5;89;5;2.25
3041;1515;117;1;5;62;2;18.95
3042;1515;117;1;5;62;7;3.95
3043;1516;786;4;3;35;6;2.95
3044;1516;786;4;3;35;1;12.95
3045;1517;223;1;2;86;4;6.50
3046;1517;223;1;2;86;7;3.95
3047;1518;491;2;5;69;5;2.25
3048;1519;532;3;1;67;3;1.50
3049;1520;472;1;1;71;7;3.95
3050;1520;472;1;1;71;3;1.50
3051;1520;472;1;1;71;2;18.95
3052;1521;257;2;3;54;8;4.50
3053;1521;257;2;3;54;4;6.50
3054;1521;257;2;3;54;8;4.50
3055;1522;666;2;1;4;4;6.50
3056;1522;666;2;1;4;2;18.95
3057;1523;23;1;5;67;5;2.25
3058;1524;784;1;2;37;3;1.50
3059;1525;20;3;1;47;5;2.25
3060;1525;20;3;1;47;2;18.95
3061;1526;63;4;5;23;6;2.95
3062;1527;631;4;1;41;8;4.50
3063;1527;631;4;1;41;5;2.25
3064;1527;631;4;1;41;6;2.95
3065;1528;950;2;3;48;4;6.50
3066;1528;950;2;3;48;2;18.95
3067;1529;769;1;2;28;8;4.50
3068;1530;17;4;4;5;1;12.95
3069;1531;724;4;4;22;7;3.95
3070;1532;305;1;4;80;8;4.50
3071;1532;305;1;4;80;5;2.25
3072;1533;640;3;5;46;8;4.50
3073;1533;640;3;5;46;3;1.50
3074;1534;943;2;3;10;3;1.50
3075;1535;561;3;3;59;1;12.95
3076;1535;561;3;3;59;7;3.95
3077;1536;498;2;2;22;3;1.50
3078;1536;498;2;2;22;1;12.95
3079;1536;498;2;2;22;1;12.95
3080;1537;167;3;5;35;8;4.50
3081;1538;522;3;5;4;8;4.50
3082;1538;522;3;5;4;1;12.95
3083;1538;522;3;5;4;4;6.50
3084;1539;539;2;5;71;1;12.95
3085;1539;539;2;5;71;4;6.50
3086;1540;419;1;3;76;2;18.95
3087;1540;419;1;3;76;6;2.95
3088;1541;953;2;5;50;7;3.95
3089;1541;953;2;5;50;6;2.95
3090;1541;953;2;5;50;5;2.25
3091;1542;537;1;2;7;4;6.50
3092;1543;856;1;5;14;8;4.50
3093;1544;16;1;5;52;6;2.95
3094;1545;985;4;3;4;3;1.50
3095;1545;985;4;3;4;4;6.50
3096;1546;868;4;4;66;8;4.50
3097;1547;710;1;4;72;1;12.95
3098;1547;710;1;4;72;1;12.95
3099;1548;600;4;5;55;3;1.50
3100;1549;246;2;1;51;4;6.50
3101;1549;246;2;1;51;8;4.50
3102;1549;246;2;1;51;2;18.95
3103;1550;958;3;3;36;8;4.50
3104;1550;958;3;3;36;5;2.25
3105;1551;643;4;5;10;8;4.50
3106;1552;286;1;1;14;5;2.25
3107;1552;286;1;1;14;2;18.95
3108;1553;876;3;1;66;8;4.50
3109;1553;876;3;1;66;4;6.50
3110;1554;722;2;1;90;1;12.95
3111;1554;722;2;1;90;7;3.95
3112;1555;571;4;1;49;7;3.95
3113;1555;571;4;1;49;3;1.50
3114;1556;762;4;4;89;6;2.95
3115;1556;762;4;4;89;6;2.95
3116;1556;762;4;4;89;2;18.95
3117;1557;31;1;5;63;1;12.95
3118;1557;31;1;5;63;5;2.25
3119;1557;31;1;5;63;4;6.50
3120;1558;392;4;1;17;6;2.95
3121;1558;392;4;1;17;3;1.50
3122;1558;392;4;1;17;6;2.95
3123;1559;908;4;5;92;4;6.50
3124;1559;908;4;5;92;7;3.95
3125;1559;908;4;5;92;6;2.95
