-- phpMyAdmin SQL Dump
-- version 4.5.4.1deb2ubuntu2
-- http://www.phpmyadmin.net
--
-- Host: localhost
-- Generation Time: Oct 24, 2017 at 07:17 PM
-- Server version: 10.0.31-MariaDB-0ubuntu0.16.04.2
-- PHP Version: 7.0.22-0ubuntu0.16.04.1

SET SQL_MODE = "NO_AUTO_VALUE_ON_ZERO";
SET time_zone = "+00:00";


/*!40101 SET @OLD_CHARACTER_SET_CLIENT=@@CHARACTER_SET_CLIENT */;
/*!40101 SET @OLD_CHARACTER_SET_RESULTS=@@CHARACTER_SET_RESULTS */;
/*!40101 SET @OLD_COLLATION_CONNECTION=@@COLLATION_CONNECTION */;
/*!40101 SET NAMES utf8mb4 */;

--
-- Database: `menjaub`
--

-- --------------------------------------------------------

--
-- Table structure for table `booking_origins`
--

CREATE TABLE `booking_origins` (
  `id` int(11) NOT NULL,
  `name` varchar(16) COLLATE utf8_unicode_ci NOT NULL,
  `fee` float NOT NULL
) ENGINE=InnoDB DEFAULT CHARSET=utf8 COLLATE=utf8_unicode_ci;

--
-- Dumping data for table `booking_origins`
--

INSERT INTO `booking_origins` (`id`, `name`, `fee`) VALUES
(1, 'website', 0.95),
(2, 'affiliate', 1.45),
(3, 'coupon', 0.45),
(4, 'referal', 1.95);

-- --------------------------------------------------------

--
-- Table structure for table `customers`
--

CREATE TABLE `customers` (
  `id` int(11) NOT NULL,
  `name` varchar(128) COLLATE utf8_unicode_ci NOT NULL,
  `phone` varchar(16) COLLATE utf8_unicode_ci NOT NULL
) ENGINE=InnoDB DEFAULT CHARSET=utf8 COLLATE=utf8_unicode_ci;

--
-- Dumping data for table `customers`
--

INSERT INTO `customers` (`id`, `name`, `phone`) VALUES
(1, 'Jack Armstrong', '614587379'),
(2, 'Rebecca Reid', '660518423'),
(3, 'Susan Simpson', '620289038'),
(4, 'Philip Bell', '697577464'),
(5, 'Christina Carter', '645153391'),
(6, 'Linda Robinson', '610621782'),
(7, 'Ann Wilson', '608478394'),
(8, 'Linda Bryant', '637226428'),
(9, 'Pamela Thompson', '685920481'),
(10, 'Patrick Richardson', '683739513'),
(11, 'Pamela Adams', '648016676'),
(12, 'Linda Murray', '682436594'),
(13, 'Timothy Nichols', '674689102'),
(14, 'Joan West', '671162096'),
(15, 'Rose Fernandez', '643984822'),
(16, 'Frank Bennett', '667194366'),
(17, 'Melissa Wright', '692892428'),
(18, 'Jeffrey Wagner', '630535926'),
(19, 'Michael Rodriguez', '685815057'),
(20, 'Kathleen Knight', '683657267'),
(21, 'Margaret Dunn', '636714052'),
(22, 'Benjamin Fowler', '620215879'),
(23, 'Willie Ruiz', '627757032'),
(24, 'Donald Cox', '688084084'),
(25, 'Billy Wilson', '608898982'),
(26, 'Kathleen Reid', '637967904'),
(27, 'Rebecca Price', '628050056'),
(28, 'Grace Stevens', '638660189'),
(29, 'Jack Clark', '617962777'),
(30, 'Julie Harvey', '619122105'),
(31, 'Lauren Reed', '671574179'),
(32, 'Tyler Morales', '618092456'),
(33, 'Dennis Ryan', '634114056'),
(34, 'Willie Watkins', '619604120'),
(35, 'Kevin Jordan', '621389516'),
(36, 'Katherine Black', '653443277'),
(37, 'Jack Snyder', '625653749'),
(38, 'Joseph Fields', '611129988'),
(39, 'Steven Gonzalez', '630823369'),
(40, 'Shirley Peterson', '611944518'),
(41, 'Ethan Simmons', '682745168'),
(42, 'Frances Green', '607870884'),
(43, 'Andrea Gordon', '600843923'),
(44, 'Joseph Carpenter', '620578306'),
(45, 'Mark Harvey', '644674212'),
(46, 'Julie Richards', '665619283'),
(47, 'Marie Hanson', '694694250'),
(48, 'Frank Anderson', '628723168'),
(49, 'Lori Morris', '658176584'),
(50, 'Logan Stevens', '675889192'),
(51, 'Madison Boyd', '663241281'),
(52, 'Anthony Alvarez', '612329332'),
(53, 'Jack Hunt', '677495108'),
(54, 'Adam Robertson', '639300020'),
(55, 'Judy Hudson', '648519110'),
(56, 'Diane Freeman', '604474629'),
(57, 'Russell Chavez', '636223256'),
(58, 'Diane Gordon', '691043253'),
(59, 'Catherine Dean', '636111922'),
(60, 'George Wagner', '691074677'),
(61, 'Douglas Cox', '652182356'),
(62, 'Jason Green', '624134226'),
(63, 'Roy Smith', '605517096'),
(64, 'Kelly Gordon', '632534270'),
(65, 'Ralph Ross', '600198212'),
(66, 'Lisa Edwards', '659317953'),
(67, 'Brian Hunter', '643352594'),
(68, 'Vincent Olson', '677076552'),
(69, 'Catherine Greene', '639847379'),
(70, 'Ronald Greene', '699712646'),
(71, 'Ralph Harper', '648277944'),
(72, 'Elizabeth Gardner', '674884974'),
(73, 'Amber Reyes', '688580603'),
(74, 'Julia Hicks', '642382455'),
(75, 'Sandra Armstrong', '604910075'),
(76, 'Robert Washington', '607974086'),
(77, 'Gregory Shaw', '609289185'),
(78, 'Frances Lane', '601873758'),
(79, 'Kathryn Parker', '678616028'),
(80, 'Johnny Cox', '637270214'),
(81, 'Tyler Peters', '686098869'),
(82, 'Joshua Bryant', '603352404'),
(83, 'Noah Reyes', '615155275'),
(84, 'Victoria Burke', '647239253'),
(85, 'Emma Ramos', '685410328'),
(86, 'Madison Holmes', '655036736'),
(87, 'Raymond Patterson', '692021149'),
(88, 'Amy Gonzalez', '606402888'),
(89, 'Susan Webb', '674196338'),
(90, 'Susan Hayes', '685858087'),
(91, 'Olivia Garcia', '655339192'),
(92, 'Kelly Spencer', '610429347'),
(93, 'Diane Taylor', '662394399'),
(94, 'Lori Kelley', '635333437'),
(95, 'Kayla Williams', '610731239'),
(96, 'Sara Powell', '659153619'),
(97, 'Andrea Morales', '662923263'),
(98, 'William Howell', '690952888'),
(99, 'Nicole Harris', '652451573'),
(100, 'Diana Roberts', '666041841'),
(101, 'Donald Lee', '658974846'),
(102, 'Carolyn Bryant', '601786868'),
(103, 'Martha Morgan', '690821509'),
(104, 'Amber Butler', '616722536'),
(105, 'John Mendoza', '603416526'),
(106, 'Adam Howell', '632921991'),
(107, 'Donna Simpson', '646863703'),
(108, 'Joan White', '620812172'),
(109, 'Robert Hunter', '645583952'),
(110, 'Jennifer Mendoza', '689907181'),
(111, 'Victoria Duncan', '690889206'),
(112, 'Diana Wilson', '681282475'),
(113, 'Martha Harper', '695123623'),
(114, 'George Dean', '665681389'),
(115, 'John Hawkins', '675986430'),
(116, 'Harry Wheeler', '653986894'),
(117, 'Janet Ross', '695761925'),
(118, 'Keith Parker', '676203126'),
(119, 'Stephen George', '610035265'),
(120, 'Jason Fuller', '678638606'),
(121, 'Jean Castillo', '660334703'),
(122, 'Barbara Howard', '611580291'),
(123, 'Gerald Chavez', '645453115'),
(124, 'Vincent Johnston', '601588636'),
(125, 'Danielle Bryant', '607390679'),
(126, 'Katherine Larson', '627125107'),
(127, 'Logan Day', '629404667'),
(128, 'Cynthia Stone', '623155091'),
(129, 'Richard Evans', '617730991'),
(130, 'Jane Ferguson', '677187401'),
(131, 'Emma Carr', '617712678'),
(132, 'Judy Henry', '690547036'),
(133, 'John Warren', '654290476'),
(134, 'Raymond Thompson', '623454848'),
(135, 'Rebecca Sanchez', '665702014'),
(136, 'Virginia Henderson', '682403492'),
(137, 'Kenneth Flores', '694108176'),
(138, 'Brittany Harrison', '652962860'),
(139, 'Julie Wallace', '646904056'),
(140, 'Ethan Mills', '604524693'),
(141, 'Heather Powell', '679110506'),
(142, 'Stephen Cruz', '609970826'),
(143, 'Bobby Parker', '601469696'),
(144, 'Donna Nichols', '690522099'),
(145, 'Grace Jenkins', '619822545'),
(146, 'Jose Davis', '604540911'),
(147, 'Dennis Jones', '614595565'),
(148, 'Joseph Vasquez', '624521719'),
(149, 'Rebecca Ramirez', '630181916'),
(150, 'Robert Porter', '625267548'),
(151, 'George Elliott', '695186632'),
(152, 'Vincent Rodriguez', '619542233'),
(153, 'Bryan Andrews', '681167610'),
(154, 'Carol Lynch', '657653860'),
(155, 'Danielle Hayes', '695482902'),
(156, 'Denise Lee', '622006770'),
(157, 'Nathan Payne', '673860254'),
(158, 'Tiffany Ellis', '600575036'),
(159, 'Gary Garcia', '691320982'),
(160, 'Heather Daniels', '659391373'),
(161, 'Theresa Martinez', '610100274'),
(162, 'Benjamin Woods', '607490762'),
(163, 'Terry Bowman', '689379523'),
(164, 'Brenda Robinson', '629028315'),
(165, 'Michael Matthews', '631544180'),
(166, 'Aaron Parker', '613334151'),
(167, 'Christian Nichols', '687392564'),
(168, 'Nicholas Frazier', '656678614'),
(169, 'Dennis Bryant', '653135939'),
(170, 'Jose Perry', '641769487'),
(171, 'Megan Wells', '688319182'),
(172, 'Zachary Daniels', '623755146'),
(173, 'Jerry Montgomery', '644932112'),
(174, 'Grace Hernandez', '606583666'),
(175, 'Vincent Hayes', '614009087'),
(176, 'Victoria Bishop', '641360593'),
(177, 'Larry Marshall', '629839869'),
(178, 'Pamela Hall', '651981958'),
(179, 'Albert Taylor', '626019386'),
(180, 'Christine Mason', '680234943'),
(181, 'Abigail Olson', '651205969'),
(182, 'Gregory Barnes', '658744164'),
(183, 'Ralph Ward', '687845629'),
(184, 'Stephanie Banks', '662837951'),
(185, 'Adam Butler', '608442442'),
(186, 'Juan Bailey', '604789546'),
(187, 'George Lynch', '640727343'),
(188, 'Ralph Johnston', '646733806'),
(189, 'Roger Burton', '641760685'),
(190, 'Samantha Peterson', '684199095'),
(191, 'Stephanie Knight', '615774581'),
(192, 'Arthur Hernandez', '600140578'),
(193, 'Nathan Elliott', '600084114'),
(194, 'Rachel Gardner', '654811617'),
(195, 'Bruce Johnson', '626438607'),
(196, 'Benjamin Morales', '671059832'),
(197, 'Linda Hart', '655395301'),
(198, 'Willie Matthews', '690055120'),
(199, 'Roy Alexander', '674449922'),
(200, 'Marie Fox', '637699208'),
(201, 'Christopher Wagner', '663029489'),
(202, 'Gerald Carr', '664884271'),
(203, 'Martha Wheeler', '636374008'),
(204, 'Melissa Sanchez', '610342001'),
(205, 'Daniel Fuller', '606720042'),
(206, 'Jesse Hansen', '602817079'),
(207, 'Sarah Gardner', '643780045'),
(208, 'Beverly Hughes', '692798816'),
(209, 'Ann Fisher', '679638402'),
(210, 'Juan Jones', '667339968'),
(211, 'Johnny Harvey', '679525343'),
(212, 'Melissa Stewart', '683629002'),
(213, 'Jean Hudson', '644720670'),
(214, 'Christina Bryant', '613619746'),
(215, 'Deborah Brooks', '604526138'),
(216, 'Jack Williamson', '651043426'),
(217, 'James Stephens', '615920626'),
(218, 'Katherine Moreno', '630968941'),
(219, 'Alice Alexander', '663214677'),
(220, 'Virginia Allen', '693724044'),
(221, 'Marie Stevens', '600312226'),
(222, 'Adam Burke', '620073744'),
(223, 'Roy Woods', '651633387'),
(224, 'Brandon Chavez', '614582226'),
(225, 'Julie Peterson', '687811947'),
(226, 'Joseph Kelley', '692789225'),
(227, 'Christine Hanson', '627025070'),
(228, 'Ralph Ryan', '699527369'),
(229, 'Amanda Allen', '612526178'),
(230, 'Donald Hughes', '628202494'),
(231, 'Scott Hernandez', '602957357'),
(232, 'Juan Stephens', '650070521'),
(233, 'Ann Moore', '680824797'),
(234, 'Gloria Andrews', '699739133'),
(235, 'Billy Carroll', '697948734'),
(236, 'Angela Harvey', '640351152'),
(237, 'Larry Baker', '652573937'),
(238, 'Abigail Walker', '611348241'),
(239, 'Tyler Ray', '668824684'),
(240, 'Jason Simpson', '666191346'),
(241, 'Adam Carroll', '603275187'),
(242, 'Stephen Ramos', '677687303'),
(243, 'Adam Lewis', '618028276'),
(244, 'Emily Cunningham', '612213949'),
(245, 'Nicole Allen', '654223951'),
(246, 'Timothy Olson', '636401017'),
(247, 'Ruth Baker', '632744037'),
(248, 'Carolyn Meyer', '643753134'),
(249, 'Judy Gonzalez', '696874908'),
(250, 'Joe Rice', '656848778'),
(251, 'Elizabeth Williams', '664304258'),
(252, 'Melissa Stanley', '630488079'),
(253, 'Jessica Castillo', '675553712'),
(254, 'Jose Bailey', '672389495'),
(255, 'Stephanie Cruz', '683795404'),
(256, 'Amy Carter', '678647917'),
(257, 'Diane Owens', '614167236'),
(258, 'Patricia Berry', '606755914'),
(259, 'Gregory Perkins', '661159168'),
(260, 'William King', '665073875'),
(261, 'Joan Berry', '680567472'),
(262, 'Dennis Oliver', '648653034'),
(263, 'Virginia Walker', '600638966'),
(264, 'Louis Gibson', '616554715'),
(265, 'Harry Patterson', '641592316'),
(266, 'George Perkins', '679535822'),
(267, 'Harold Snyder', '667991468'),
(268, 'Arthur Wells', '635639377'),
(269, 'Arthur Carroll', '612422093'),
(270, 'Carol Chapman', '659627307'),
(271, 'Ann Chavez', '665733155'),
(272, 'Pamela Burke', '678862740'),
(273, 'Sara Davis', '684222658'),
(274, 'Jessica Washington', '691777536'),
(275, 'Billy Mitchell', '699082659'),
(276, 'Frances Torres', '603878140'),
(277, 'Alexander Oliver', '640762493'),
(278, 'Harold Alexander', '619064567'),
(279, 'Christian Brooks', '658373746'),
(280, 'Dorothy Reed', '668585449'),
(281, 'Sharon Gutierrez', '670643293'),
(282, 'Andrea Henderson', '663677002'),
(283, 'Patricia Ward', '654573148'),
(284, 'Eric Day', '656586598'),
(285, 'Christian Jacobs', '657381063'),
(286, 'Ann Lane', '602282230'),
(287, 'Michelle Stanley', '647342876'),
(288, 'Rose Schmidt', '617480141'),
(289, 'Gary Cook', '667027149'),
(290, 'Joseph Hamilton', '611224012'),
(291, 'Mark Boyd', '614173046'),
(292, 'Louis Hall', '622078683'),
(293, 'Alexis Bradley', '686884291'),
(294, 'Terry Harris', '669383182'),
(295, 'Vincent Gonzalez', '607812166'),
(296, 'Cheryl Hawkins', '625046810'),
(297, 'James Gardner', '672201162'),
(298, 'Pamela Gordon', '675336820'),
(299, 'Frances Stone', '624588593'),
(300, 'Margaret Hunt', '620782117'),
(301, 'Victoria Turner', '616989411'),
(302, 'Bryan Rogers', '688641753'),
(303, 'Diana Chavez', '674437423'),
(304, 'Heather Bell', '619490463'),
(305, 'Virginia Jackson', '670839459'),
(306, 'Tyler Greene', '600495207'),
(307, 'Walter Scott', '687548680'),
(308, 'Jordan Stephens', '677354363'),
(309, 'Austin Castillo', '613093323'),
(310, 'John Wagner', '694642735'),
(311, 'Johnny Arnold', '655556923'),
(312, 'Evelyn Murphy', '617906267'),
(313, 'Logan Warren', '673635701'),
(314, 'Ronald Miller', '676112649'),
(315, 'Jennifer Phillips', '699252194'),
(316, 'Dorothy Woods', '652362380'),
(317, 'Pamela Russell', '674647394'),
(318, 'Ruth Morris', '627392213'),
(319, 'Beverly Stevens', '613169393'),
(320, 'Evelyn Dixon', '617391898'),
(321, 'Walter Warren', '671749916'),
(322, 'Eric Moreno', '672813769'),
(323, 'Edward Fuller', '646125522'),
(324, 'Emma Campbell', '659777641'),
(325, 'Roger Burke', '657935598'),
(326, 'Randy Richards', '671055852'),
(327, 'Diane Elliott', '684696990'),
(328, 'Ann West', '670116125'),
(329, 'Jacob Palmer', '676018488'),
(330, 'Virginia Davis', '677335402'),
(331, 'Rachel Hicks', '658561013'),
(332, 'Mark Lynch', '673469101'),
(333, 'Dylan Simpson', '699992364'),
(334, 'Jerry Jackson', '682966935'),
(335, 'Arthur Turner', '601140581'),
(336, 'Paul Smith', '697696835'),
(337, 'Diane Garcia', '649201540'),
(338, 'Beverly Payne', '628619574'),
(339, 'Kathryn Harris', '672624088'),
(340, 'Frank Brown', '676897051'),
(341, 'Kimberly George', '667722216'),
(342, 'Virginia Richards', '678290347'),
(343, 'Ethan Rodriguez', '675418739'),
(344, 'Brandon Berry', '662232028'),
(345, 'Marie Cunningham', '624338417'),
(346, 'Laura James', '660524919'),
(347, 'Megan Patterson', '684016171'),
(348, 'Anna Gilbert', '627156074'),
(349, 'Joseph Boyd', '609951285'),
(350, 'Olivia Olson', '659125311'),
(351, 'Zachary Boyd', '648612313'),
(352, 'Sharon Franklin', '652573679'),
(353, 'Tyler Day', '657887558'),
(354, 'Henry Harris', '610562160'),
(355, 'Kimberly Rogers', '619859743'),
(356, 'Lawrence Henderson', '692616526'),
(357, 'Bobby Watkins', '649529212'),
(358, 'Julie Dixon', '679069523'),
(359, 'Marie Frazier', '657875843'),
(360, 'Wayne Cook', '651296123'),
(361, 'Olivia Edwards', '687672153'),
(362, 'Maria Arnold', '671276031'),
(363, 'Alice Mills', '644342548'),
(364, 'Eric Jones', '622173854'),
(365, 'Anthony Holmes', '640572458'),
(366, 'Stephen Mason', '618150647'),
(367, 'Logan Jones', '678239520'),
(368, 'Joyce Lane', '649805147'),
(369, 'Carol Kelley', '682679180'),
(370, 'Kevin Carroll', '681895250'),
(371, 'Frances Bennett', '684884361'),
(372, 'Dylan Warren', '659936014'),
(373, 'Michelle Chapman', '657045146'),
(374, 'Gary Stone', '608862846'),
(375, 'Carolyn Porter', '646317494'),
(376, 'Mark Frazier', '650416272'),
(377, 'Debra Wilson', '685153748'),
(378, 'Angela Butler', '624477000'),
(379, 'Marilyn Banks', '646192401'),
(380, 'Gloria Owens', '663626442'),
(381, 'Robert Knight', '631088213'),
(382, 'George Pierce', '665506630'),
(383, 'Cynthia Young', '688532757'),
(384, 'Theresa Black', '665402354'),
(385, 'Olivia Kennedy', '652493918'),
(386, 'Cynthia Andrews', '651691518'),
(387, 'Steven Long', '658000526'),
(388, 'Adam Dean', '676701234'),
(389, 'Amber Mitchell', '693694935'),
(390, 'Helen Hunt', '692943165'),
(391, 'Michael Little', '676435909'),
(392, 'Ronald Hall', '625494749'),
(393, 'Amy Johnson', '683667363'),
(394, 'Gregory Alexander', '672999479'),
(395, 'Emily Oliver', '659013835'),
(396, 'Marilyn Davis', '677270997'),
(397, 'Russell Hanson', '697863214'),
(398, 'Diana Hart', '670168462'),
(399, 'Thomas Stephens', '676055604'),
(400, 'Judy Freeman', '661505067'),
(401, 'Laura Jackson', '648800342'),
(402, 'Eric Hansen', '666532147'),
(403, 'Joyce Fox', '646440461'),
(404, 'Cheryl Hamilton', '656133482'),
(405, 'Jesse Gilbert', '656507941'),
(406, 'Sean Spencer', '675349610'),
(407, 'Jesse Brown', '632260829'),
(408, 'James Simmons', '669453135'),
(409, 'David Rogers', '621308902'),
(410, 'Bryan Henderson', '659579067'),
(411, 'Vincent Johnson', '657255116'),
(412, 'Sharon Cole', '657039224'),
(413, 'Alexander Medina', '648373808'),
(414, 'Lisa Owens', '625946355'),
(415, 'Matthew Elliott', '639707536'),
(416, 'Patrick Schmidt', '632677312'),
(417, 'Gerald Harris', '645180973'),
(418, 'Kayla Brooks', '656763275'),
(419, 'Jesse Wagner', '610645508'),
(420, 'Doris Willis', '627304899'),
(421, 'Benjamin Holmes', '608999974'),
(422, 'Julie Dean', '669664546'),
(423, 'Michael Pierce', '626397065'),
(424, 'Carolyn Morales', '643117076'),
(425, 'Aaron Porter', '623430927'),
(426, 'Austin Mills', '674143712'),
(427, 'Ashley Bailey', '631781735'),
(428, 'Gregory Daniels', '638868809'),
(429, 'Julia Cole', '652902933'),
(430, 'Jean Edwards', '623703337'),
(431, 'Shirley Watkins', '692756253'),
(432, 'Gary Lewis', '689428331'),
(433, 'George Little', '634547008'),
(434, 'Walter Griffin', '682960670'),
(435, 'Alice Sullivan', '605311781'),
(436, 'Sara Ferguson', '611421564'),
(437, 'Lisa Garrett', '667354456'),
(438, 'Lauren Simmons', '643305545'),
(439, 'Matthew Stevens', '623867828'),
(440, 'Jordan Shaw', '606723840'),
(441, 'Kevin Black', '642275847'),
(442, 'Debra Riley', '661284065'),
(443, 'Sharon Ramos', '686869668'),
(444, 'Samuel Gray', '665279854'),
(445, 'Pamela Smith', '656680373'),
(446, 'Richard Gordon', '623941451'),
(447, 'Patrick Perkins', '682399659'),
(448, 'Steven Warren', '681197052'),
(449, 'Zachary Montgomery', '605632125'),
(450, 'Paul Ryan', '618254283'),
(451, 'Sarah Ellis', '607608815'),
(452, 'Stephen Bennett', '605152729'),
(453, 'Rebecca Black', '672520863'),
(454, 'Elizabeth Williamson', '649681479'),
(455, 'Michael Carter', '686513127'),
(456, 'Jeffrey Nelson', '689416374'),
(457, 'Bobby Bishop', '606454346'),
(458, 'Ethan Lawson', '615347901'),
(459, 'David Wallace', '638283157'),
(460, 'Jason Edwards', '619880134'),
(461, 'Joe Stone', '694971763'),
(462, 'Julie Spencer', '673494322'),
(463, 'Jack Edwards', '691133833'),
(464, 'Carol Mendoza', '623085302'),
(465, 'George Romero', '605727722'),
(466, 'Alice Kelley', '678536004'),
(467, 'Karen Baker', '695995455'),
(468, 'Gloria Armstrong', '692376140'),
(469, 'Nicole Rodriguez', '641309924'),
(470, 'Theresa Mitchell', '690534977'),
(471, 'Charles Ruiz', '644845909'),
(472, 'Maria Barnes', '672185379'),
(473, 'Beverly Diaz', '608979907'),
(474, 'Jennifer Wilson', '606380945'),
(475, 'Natalie Gutierrez', '658085441'),
(476, 'Sharon Armstrong', '698556819'),
(477, 'Julia King', '644337118'),
(478, 'Jean Hicks', '652748547'),
(479, 'Alice Schmidt', '698484450'),
(480, 'Sara Washington', '699138760'),
(481, 'Deborah Stevens', '656785110'),
(482, 'Amanda Nichols', '606135662'),
(483, 'Matthew Lane', '684977102'),
(484, 'Nathan Miller', '611853757'),
(485, 'Alexis Johnston', '641253910'),
(486, 'Richard Owens', '696766905'),
(487, 'Christina Ross', '678751094'),
(488, 'Nicole Webb', '626556980'),
(489, 'Harry Kelley', '629934081'),
(490, 'Deborah Patterson', '603899509'),
(491, 'Maria Owens', '625842407'),
(492, 'Billy Stone', '617465715'),
(493, 'Michelle Wheeler', '665484519'),
(494, 'Marilyn Richards', '683170805'),
(495, 'Rachel Lawrence', '629642102'),
(496, 'Harold Woods', '646191302'),
(497, 'Catherine Willis', '674021731'),
(498, 'Natalie Wheeler', '670729144'),
(499, 'Jacob Ruiz', '678510986'),
(500, 'Julie George', '694564405'),
(501, 'Jeffrey Boyd', '647736451'),
(502, 'Logan Olson', '657223922'),
(503, 'Brittany Ramos', '697570124'),
(504, 'Nathan Ramos', '628587344'),
(505, 'Logan Welch', '653986696'),
(506, 'Benjamin Kennedy', '695068512'),
(507, 'Bruce Roberts', '638904326'),
(508, 'Kimberly Burke', '650959320'),
(509, 'Larry White', '641289707'),
(510, 'Brian Washington', '697765703'),
(511, 'Roger Howard', '652061441'),
(512, 'Jeremy Ramirez', '619718302'),
(513, 'Sarah Gibson', '673978971'),
(514, 'Jack Nguyen', '607943206'),
(515, 'James Hernandez', '626623524'),
(516, 'Theresa Shaw', '604745929'),
(517, 'Harry Graham', '654554419'),
(518, 'Teresa Morgan', '621177194'),
(519, 'Ralph Alvarez', '669001113'),
(520, 'Christopher Price', '696898509'),
(521, 'Diana Ford', '651788856'),
(522, 'Donna Dean', '666176889'),
(523, 'Harold Gutierrez', '617417401'),
(524, 'Sandra Chapman', '652793284'),
(525, 'Pamela Pierce', '602687959'),
(526, 'Doris Jones', '695970741'),
(527, 'Amy Murphy', '690855674'),
(528, 'Carol Reynolds', '641729533'),
(529, 'Frank Ward', '648329519'),
(530, 'Kayla Lopez', '684607725'),
(531, 'Nathan Harper', '605603752'),
(532, 'Brian Fuller', '601416341'),
(533, 'Louis Wright', '606676064'),
(534, 'William Wells', '613790646'),
(535, 'Nathan Morgan', '673068455'),
(536, 'Joseph Lawrence', '648909405'),
(537, 'Gloria Gray', '656705628'),
(538, 'Angela Hanson', '606556825'),
(539, 'Evelyn James', '665350060'),
(540, 'Denise Jacobs', '614410508'),
(541, 'James Roberts', '640084551'),
(542, 'Kyle Hernandez', '642883540'),
(543, 'Patricia Cook', '674409817'),
(544, 'Joe Hudson', '661979427'),
(545, 'Stephanie Mccoy', '622182717'),
(546, 'Walter Medina', '634728977'),
(547, 'Janet Olson', '609850370'),
(548, 'Carolyn Hansen', '635839063'),
(549, 'John Burke', '645007296'),
(550, 'Joseph Scott', '618916107'),
(551, 'Ashley Ray', '634837760'),
(552, 'John Lynch', '694748041'),
(553, 'Janet Porter', '617038059'),
(554, 'Patricia Hughes', '627228125'),
(555, 'Willie George', '617298851'),
(556, 'Lawrence Hawkins', '665330062'),
(557, 'Randy Murphy', '631630776'),
(558, 'Albert Oliver', '688103040'),
(559, 'Zachary Bryant', '628189998'),
(560, 'Denise Williamson', '692939977'),
(561, 'Benjamin White', '606703626'),
(562, 'Julia Griffin', '650964854'),
(563, 'Jacob Mitchell', '683742430'),
(564, 'Brian Nguyen', '609825779'),
(565, 'John Diaz', '640038033'),
(566, 'Ethan Kim', '623516913'),
(567, 'Joe Hart', '620353981'),
(568, 'Sara Rose', '686668334'),
(569, 'Christina Mendoza', '694565234'),
(570, 'Mark Garrett', '657552773'),
(571, 'Shirley Shaw', '670958228'),
(572, 'Debra Cooper', '636555667'),
(573, 'Ann Ruiz', '609104009'),
(574, 'Beverly Young', '631604005'),
(575, 'Thomas Russell', '698528956'),
(576, 'Jacob George', '683336070'),
(577, 'Thomas Meyer', '624057351'),
(578, 'Terry Campbell', '662346995'),
(579, 'Alice Gonzales', '678922446'),
(580, 'Eugene Wells', '671411459'),
(581, 'Diane Collins', '658255742'),
(582, 'Nancy Edwards', '634361233'),
(583, 'Gloria Crawford', '657622479'),
(584, 'Nancy Miller', '684598101'),
(585, 'Frank Flores', '650221932'),
(586, 'Randy Collins', '695631066'),
(587, 'Gerald Sanchez', '628956756'),
(588, 'Frank Watson', '674608929'),
(589, 'Walter Griffin', '653548179'),
(590, 'Madison Elliott', '677521831'),
(591, 'Doris Warren', '636905419'),
(592, 'Sean Carroll', '692667793'),
(593, 'Tiffany Johnson', '662241906'),
(594, 'Ronald Brown', '659048315'),
(595, 'Emily Bennett', '676784848'),
(596, 'Elizabeth Diaz', '616279474'),
(597, 'Nancy Ray', '626069190'),
(598, 'Ronald Martin', '658489632'),
(599, 'Jerry Bailey', '612970668'),
(600, 'Stephen Sullivan', '664827457'),
(601, 'Kayla Price', '628230432'),
(602, 'Terry Gonzales', '636138030'),
(603, 'Steven Howell', '676856475'),
(604, 'Jordan Clark', '618527369'),
(605, 'Kathleen Johnson', '658914722'),
(606, 'Adam Fernandez', '681825437'),
(607, 'Hannah Dunn', '625735307'),
(608, 'Barbara James', '691482696'),
(609, 'Austin Bryant', '685367172'),
(610, 'Steven Walker', '660067519'),
(611, 'Jordan Torres', '601025793'),
(612, 'Mary Harper', '695080396'),
(613, 'Laura Barnes', '676064447'),
(614, 'Sandra Bennett', '643132145'),
(615, 'Robert Perkins', '613638218'),
(616, 'Joseph Peterson', '675916792'),
(617, 'Jerry Lane', '699660833'),
(618, 'Madison Bowman', '619642137'),
(619, 'George Campbell', '679702465'),
(620, 'Bobby Gilbert', '602803018'),
(621, 'Amanda Schmidt', '650642977'),
(622, 'Nathan Burke', '601457354'),
(623, 'Douglas Medina', '628426156'),
(624, 'Anthony Nichols', '650747239'),
(625, 'Joshua Hunt', '663907655'),
(626, 'Tiffany Ramos', '695284031'),
(627, 'Juan Long', '696244682'),
(628, 'Evelyn Daniels', '658575336'),
(629, 'Philip Cruz', '698379266'),
(630, 'Joan Harvey', '605492005'),
(631, 'Alexander Cox', '682187959'),
(632, 'Diana Bell', '609743390'),
(633, 'Janice Sanders', '619112719'),
(634, 'Christine Hudson', '630627288'),
(635, 'Samuel Rodriguez', '621076268'),
(636, 'Gloria Carroll', '642459645'),
(637, 'Megan Gutierrez', '665875310'),
(638, 'Jessica Reid', '679917285'),
(639, 'Kenneth Romero', '652486617'),
(640, 'Donald Murphy', '617260573'),
(641, 'Sharon Ross', '645262288'),
(642, 'Sharon Crawford', '646997339'),
(643, 'Justin Scott', '669222305'),
(644, 'Theresa Smith', '631300269'),
(645, 'Rachel Long', '644799265'),
(646, 'Frances Burton', '626772179'),
(647, 'George Ford', '630969543'),
(648, 'Joyce Howell', '651678434'),
(649, 'Emma Jordan', '686207836'),
(650, 'Kimberly Cunningham', '668686321'),
(651, 'Patricia Collins', '680113811'),
(652, 'Keith Martinez', '621662922'),
(653, 'Nicholas Carroll', '619019251'),
(654, 'Paul Butler', '632575914'),
(655, 'Martha Simpson', '633787947'),
(656, 'Christian Berry', '662830988'),
(657, 'Terry Perkins', '686628168'),
(658, 'Jeremy Mendoza', '687779671'),
(659, 'Harold George', '600845291'),
(660, 'Judy Sullivan', '640282086'),
(661, 'Jacob Simmons', '684066612'),
(662, 'Alexis Daniels', '623698274'),
(663, 'Rachel Meyer', '602157346'),
(664, 'William Mills', '614253875'),
(665, 'Amanda Perry', '694097427'),
(666, 'David Fisher', '687360884'),
(667, 'Edward Gibson', '687357001'),
(668, 'Wayne Jordan', '623270970'),
(669, 'Nancy Butler', '629310907'),
(670, 'Jordan Bowman', '677306386'),
(671, 'Brandon Ross', '607736015'),
(672, 'Harry Day', '615700431'),
(673, 'Evelyn Murphy', '647680816'),
(674, 'Debra Kelly', '668038428'),
(675, 'Jeremy Nelson', '699978012'),
(676, 'Cynthia Evans', '604253145'),
(677, 'Alexander Watkins', '648697968'),
(678, 'Jane Frazier', '613451281'),
(679, 'Thomas Burton', '617942444'),
(680, 'Stephanie Rodriguez', '630051156'),
(681, 'Nathan Morris', '681869986'),
(682, 'Austin Johnson', '610163795'),
(683, 'Jessica Clark', '650858684'),
(684, 'Maria Matthews', '680253668'),
(685, 'Randy Lee', '665601615'),
(686, 'Sandra Murphy', '699798882'),
(687, 'Dennis Long', '668398395'),
(688, 'Terry Rogers', '665632269'),
(689, 'Paul Brooks', '640927174'),
(690, 'Jean Jacobs', '698697389'),
(691, 'Arthur Holmes', '601454656'),
(692, 'Henry Watson', '665657391'),
(693, 'Alan Cole', '624721856'),
(694, 'Noah Oliver', '660263785'),
(695, 'James Hansen', '631484964'),
(696, 'Steven Green', '625439477'),
(697, 'Vincent Gibson', '653106407'),
(698, 'Carolyn Wright', '664051786'),
(699, 'Diana Evans', '675709429'),
(700, 'Richard Mccoy', '683569409'),
(701, 'Eric Bailey', '630496888'),
(702, 'Marilyn Evans', '675131659'),
(703, 'Ann King', '690863044'),
(704, 'Paul Hayes', '683997901'),
(705, 'Sandra Cruz', '605560725'),
(706, 'Brenda Palmer', '686777594'),
(707, 'Bobby Oliver', '601753966'),
(708, 'Justin Mccoy', '644606676'),
(709, 'Carl Carroll', '625826170'),
(710, 'Gloria Henry', '656266418'),
(711, 'Brittany Alexander', '686081935'),
(712, 'Nathan Armstrong', '631559012'),
(713, 'Emily Butler', '653922189'),
(714, 'Emma Lawson', '671798897'),
(715, 'Deborah Fisher', '675219916'),
(716, 'Tiffany Morales', '676640966'),
(717, 'Rebecca Alvarez', '662436151'),
(718, 'Anthony Marshall', '637793346'),
(719, 'Jason Ramirez', '602387490'),
(720, 'Natalie Ramos', '668952534'),
(721, 'Logan Ford', '688144556'),
(722, 'Jesse Walker', '670318419'),
(723, 'Samuel Andrews', '648028516'),
(724, 'Christina Palmer', '650412840'),
(725, 'Billy Simpson', '682663119'),
(726, 'Patrick Roberts', '694638640'),
(727, 'Rachel Morgan', '649944220'),
(728, 'Evelyn Payne', '647241091'),
(729, 'William Carroll', '646739249'),
(730, 'Joan Williamson', '668967878'),
(731, 'Margaret Mccoy', '629132346'),
(732, 'Denise Lane', '648930181'),
(733, 'Charles Stevens', '697805373'),
(734, 'William Grant', '627909797'),
(735, 'Kevin Nelson', '610691556'),
(736, 'Bobby Wilson', '682214380'),
(737, 'Ruth Kelley', '684636527'),
(738, 'Helen Weaver', '677158658'),
(739, 'Eric Larson', '634288961'),
(740, 'Benjamin Harris', '634704252'),
(741, 'Elizabeth Carroll', '653449259'),
(742, 'Alexander Wagner', '668806592'),
(743, 'Virginia Burns', '640222578'),
(744, 'Gregory Torres', '680172750'),
(745, 'Michael King', '661815851'),
(746, 'Victoria Chapman', '600483376'),
(747, 'Sandra Gibson', '651767909'),
(748, 'Kenneth Turner', '600780896'),
(749, 'Raymond Fowler', '695629694'),
(750, 'Jerry Burke', '651887154'),
(751, 'Julie Webb', '656690031'),
(752, 'Hannah Wagner', '674215122'),
(753, 'James Webb', '603787461'),
(754, 'Amy Turner', '683507317'),
(755, 'Karen Ferguson', '654598808'),
(756, 'Heather Fuller', '600147554'),
(757, 'Rachel Simmons', '616673750'),
(758, 'Martha Stewart', '665568554'),
(759, 'Arthur Kelly', '608292796'),
(760, 'Nicole Bishop', '664208181'),
(761, 'Marie Boyd', '671984105'),
(762, 'Kathryn Bradley', '689818848'),
(763, 'Nathan Ray', '697521646'),
(764, 'Mary Reynolds', '662742957'),
(765, 'Emily Carr', '698403944'),
(766, 'Eric Harvey', '636384890'),
(767, 'Jessica Powell', '665225110'),
(768, 'Wayne Robinson', '637878951'),
(769, 'Matthew Howard', '689161945'),
(770, 'Joseph Garza', '611160661'),
(771, 'Eugene Morris', '690429667'),
(772, 'Heather Tucker', '608065772'),
(773, 'Sharon Crawford', '613289378'),
(774, 'Keith West', '660082289'),
(775, 'Jessica Carr', '607748097'),
(776, 'Christopher Weaver', '686551604'),
(777, 'Jessica Lopez', '676985995'),
(778, 'Alice Black', '673496204'),
(779, 'Susan Kennedy', '619633682'),
(780, 'Brandon Oliver', '659046314'),
(781, 'Frank Willis', '643016967'),
(782, 'Ann Long', '666287165'),
(783, 'Daniel Riley', '681027773'),
(784, 'Joe Young', '683617204'),
(785, 'Jesse Frazier', '680973648'),
(786, 'Kelly Sanchez', '633124520'),
(787, 'Patrick Hayes', '666542836'),
(788, 'Diane Sanders', '687971645'),
(789, 'Alice Hawkins', '648373282'),
(790, 'Natalie Berry', '635229829'),
(791, 'Harry Davis', '659588534'),
(792, 'David Weaver', '690056218'),
(793, 'Donna Kelly', '630088138'),
(794, 'Randy Weaver', '623031316'),
(795, 'Gloria Howell', '668334654'),
(796, 'William Dunn', '635810053'),
(797, 'Jesse Hanson', '608955285'),
(798, 'Julie Dixon', '629198903'),
(799, 'Anna Simmons', '686929422'),
(800, 'Douglas Torres', '665369704'),
(801, 'Joshua Baker', '681487756'),
(802, 'Gary Parker', '660188633'),
(803, 'Jean Baker', '674316056'),
(804, 'Keith Bryant', '633970295'),
(805, 'Sara Robinson', '604085758'),
(806, 'Patricia Morrison', '649006216'),
(807, 'Jessica Jordan', '623731813'),
(808, 'Arthur Fowler', '695332480'),
(809, 'Jordan Price', '690314082'),
(810, 'Gloria Foster', '651721377'),
(811, 'Pamela Stevens', '659578456'),
(812, 'Daniel Richardson', '629782996'),
(813, 'Gabriel Bell', '692195509'),
(814, 'Dennis Scott', '691176139'),
(815, 'Scott Barnes', '678792201'),
(816, 'Edward Cook', '654685524'),
(817, 'Frances Rice', '618953861'),
(818, 'Edward Wheeler', '693455774'),
(819, 'Alan Young', '666260149'),
(820, 'Julia Burns', '683198420'),
(821, 'Logan Frazier', '630916455'),
(822, 'Marie Mills', '614517530'),
(823, 'Albert Gray', '691022995'),
(824, 'Michael Dunn', '610032406'),
(825, 'Dorothy Turner', '671746325'),
(826, 'Noah Johnston', '678787835'),
(827, 'Vincent Burns', '669391604'),
(828, 'Ethan Morgan', '629253792'),
(829, 'Harold Fox', '672071927'),
(830, 'Timothy Richardson', '685350378'),
(831, 'Denise Rivera', '662203626'),
(832, 'Jason Holmes', '630967245'),
(833, 'Katherine Williamson', '637636251'),
(834, 'Shirley Frazier', '688774455'),
(835, 'Stephen Garrett', '625098559'),
(836, 'Sara Castillo', '639354624'),
(837, 'Megan Murray', '681812047'),
(838, 'Gregory Murray', '693175874'),
(839, 'Kimberly Warren', '609314672'),
(840, 'Jessica Gomez', '679135442'),
(841, 'Ralph Webb', '610790040'),
(842, 'Arthur Thomas', '662290918'),
(843, 'Frank Grant', '624475754'),
(844, 'Joyce Tucker', '642391203'),
(845, 'Larry Burns', '657784086'),
(846, 'Madison Matthews', '630141704'),
(847, 'Kyle Berry', '603798268'),
(848, 'Debra Henry', '691767092'),
(849, 'Christine Anderson', '629483159'),
(850, 'Larry Hawkins', '633995512'),
(851, 'Donald Chapman', '603033846'),
(852, 'Justin Bishop', '630316978'),
(853, 'Samantha Smith', '637919436'),
(854, 'Shirley Hamilton', '672281942'),
(855, 'Jeremy Gonzales', '654004927'),
(856, 'Harry Howell', '677781239'),
(857, 'Sean Moore', '606298078'),
(858, 'Janet Lopez', '603826619'),
(859, 'Rachel Alexander', '614477767'),
(860, 'Kelly Cook', '620987585'),
(861, 'Jose Little', '693836125'),
(862, 'Alexis Larson', '629599042'),
(863, 'Megan Stevens', '644532251'),
(864, 'Nathan Burns', '682798120'),
(865, 'Lori Williamson', '690566053'),
(866, 'Pamela Cook', '625589263'),
(867, 'Alexander Armstrong', '603295055'),
(868, 'Gabriel Fisher', '689324535'),
(869, 'Stephanie Alvarez', '668837037'),
(870, 'Ryan Larson', '610361122'),
(871, 'Matthew Stephens', '649420905'),
(872, 'Susan Gilbert', '653291832'),
(873, 'Christina Owens', '661364580'),
(874, 'Tiffany Howard', '680692454'),
(875, 'Karen Phillips', '608148192'),
(876, 'Danielle Berry', '677931155'),
(877, 'Tyler Perez', '647380788'),
(878, 'Kayla Little', '634605539'),
(879, 'Paul Washington', '656420572'),
(880, 'Betty Rodriguez', '618257926'),
(881, 'Gabriel Ryan', '658948811'),
(882, 'Gabriel Freeman', '621557294'),
(883, 'Anna Harvey', '672345586'),
(884, 'Gabriel Hamilton', '658711664'),
(885, 'Kenneth Williams', '697827390'),
(886, 'Rachel Webb', '674871978'),
(887, 'Betty Greene', '689371219'),
(888, 'Tyler Chavez', '660049750'),
(889, 'Ruth Duncan', '629279582'),
(890, 'Ryan Garcia', '632745038'),
(891, 'Albert Tucker', '636820416'),
(892, 'Marie Warren', '653492108'),
(893, 'Lori Marshall', '605379834'),
(894, 'Logan Brown', '679691820'),
(895, 'Sandra Frazier', '644524538'),
(896, 'Nathan Watson', '693296950'),
(897, 'Debra Robinson', '616763072'),
(898, 'Eugene Fowler', '656926228'),
(899, 'Bruce Elliott', '690030969'),
(900, 'Amy Morales', '699242681'),
(901, 'Peter Long', '657320639'),
(902, 'Marilyn Peterson', '670075456'),
(903, 'Douglas Harper', '653183403'),
(904, 'Ruth Elliott', '631283302'),
(905, 'Helen Bishop', '673611052'),
(906, 'Henry Wilson', '647723438'),
(907, 'Sean Johnston', '688505690'),
(908, 'Olivia Robertson', '664065669'),
(909, 'Dylan Allen', '674661462'),
(910, 'Sharon Bennett', '680847837'),
(911, 'Nicholas Nichols', '699975984'),
(912, 'Austin Frazier', '670755131'),
(913, 'Brenda Weaver', '691982679'),
(914, 'James Sullivan', '660302370'),
(915, 'Jerry Banks', '601745914'),
(916, 'Diane Hicks', '612732428'),
(917, 'Beverly Hunter', '613023976'),
(918, 'Janet Reyes', '649898675'),
(919, 'Melissa Butler', '699411096'),
(920, 'Laura Powell', '646639859'),
(921, 'Jonathan Nichols', '652770826'),
(922, 'David Walker', '693093065'),
(923, 'Russell Hamilton', '611502690'),
(924, 'Roger Wheeler', '635918410'),
(925, 'Lori Kim', '614434661'),
(926, 'Virginia Montgomery', '693021957'),
(927, 'Aaron Austin', '662510624'),
(928, 'Elizabeth Nelson', '657140459'),
(929, 'Robert Banks', '693631084'),
(930, 'Linda Torres', '699328079'),
(931, 'Patrick Brooks', '611748813'),
(932, 'Grace Hansen', '624566598'),
(933, 'Melissa Weaver', '600859041'),
(934, 'Logan Bell', '644144317'),
(935, 'Joe Rose', '679931765'),
(936, 'Harry Bell', '638756846'),
(937, 'Catherine Mcdonald', '688933316'),
(938, 'Jessica Lawrence', '628991812'),
(939, 'Roy Olson', '662389017'),
(940, 'Lori Washington', '681608051'),
(941, 'Virginia Cox', '686919917'),
(942, 'Danielle Bailey', '696217902'),
(943, 'Zachary Murphy', '640940028'),
(944, 'Noah Lawson', '612993745'),
(945, 'Maria Stevens', '616188304'),
(946, 'Stephen Warren', '658825974'),
(947, 'Bobby Watkins', '674401355'),
(948, 'Kathryn King', '652948459'),
(949, 'Alice Fields', '617916383'),
(950, 'Alice West', '663040476'),
(951, 'Pamela Fernandez', '609350947'),
(952, 'Thomas Larson', '643510552'),
(953, 'Abigail Green', '669818879'),
(954, 'Anna Andrews', '673591788'),
(955, 'Deborah Green', '651135785'),
(956, 'Billy Turner', '661743851'),
(957, 'Keith Snyder', '625515014'),
(958, 'Samuel Martin', '678149770'),
(959, 'Patrick Watkins', '614263218'),
(960, 'Maria Henderson', '670559223'),
(961, 'Michelle Cunningham', '623472738'),
(962, 'Gregory Franklin', '627290229'),
(963, 'Barbara Tucker', '667075217'),
(964, 'Rachel Ward', '680469551'),
(965, 'Kevin Collins', '656542611'),
(966, 'Adam Baker', '641861609'),
(967, 'Alan Tucker', '636350029'),
(968, 'Carolyn Sullivan', '667431070'),
(969, 'Mary Henderson', '630601224'),
(970, 'Raymond Hamilton', '682990117'),
(971, 'Larry Diaz', '685005876'),
(972, 'Joan Flores', '684380160'),
(973, 'Jacqueline Elliott', '612374828'),
(974, 'Kelly Thompson', '666458058'),
(975, 'Logan Thomas', '690162166'),
(976, 'Walter Warren', '627650270'),
(977, 'Donna Clark', '647994229'),
(978, 'Patrick Garrett', '618229567'),
(979, 'Sean Dixon', '677521581'),
(980, 'Alexis Moreno', '611050084'),
(981, 'Jose Alvarez', '690775802'),
(982, 'Donald Howell', '650945325'),
(983, 'Rose Cunningham', '656135672'),
(984, 'Keith Hart', '603292493'),
(985, 'Alexander Flores', '684002132'),
(986, 'Sara Harper', '685051478'),
(987, 'Catherine Morrison', '644127728'),
(988, 'Sean Hunter', '658260332'),
(989, 'Billy Wheeler', '613417239'),
(990, 'Jennifer Torres', '688111410'),
(991, 'Christian Jones', '635541247'),
(992, 'William Allen', '625917041'),
(993, 'Arthur Watkins', '604993035'),
(994, 'Randy Burke', '656445703'),
(995, 'Jerry Brooks', '604538853'),
(996, 'Tyler Diaz', '641590095'),
(997, 'Peter Fernandez', '605343161'),
(998, 'Beverly Elliott', '628809856'),
(999, 'Michael Ray', '688955955');

-- --------------------------------------------------------

--
-- Table structure for table `dates`
--

CREATE TABLE `dates` (
  `id` int(11) NOT NULL,
  `year` int(11) NOT NULL,
  `quarter` int(11) NOT NULL,
  `month` int(11) NOT NULL,
  `week` int(11) NOT NULL
) ENGINE=InnoDB DEFAULT CHARSET=utf8 COLLATE=utf8_unicode_ci;

--
-- Dumping data for table `dates`
--

INSERT INTO `dates` (`id`, `year`, `quarter`, `month`, `week`) VALUES
(1, 2016, 1, 1, 1),
(2, 2016, 1, 1, 2),
(3, 2016, 1, 1, 3),
(4, 2016, 1, 1, 4),
(5, 2016, 1, 2, 1),
(6, 2016, 1, 2, 2),
(7, 2016, 1, 2, 3),
(8, 2016, 1, 2, 4),
(9, 2016, 1, 3, 1),
(10, 2016, 1, 3, 2),
(11, 2016, 1, 3, 3),
(12, 2016, 1, 3, 4),
(13, 2016, 2, 4, 1),
(14, 2016, 2, 4, 2),
(15, 2016, 2, 4, 3),
(16, 2016, 2, 4, 4),
(17, 2016, 2, 5, 1),
(18, 2016, 2, 5, 2),
(19, 2016, 2, 5, 3),
(20, 2016, 2, 5, 4),
(21, 2016, 2, 6, 1),
(22, 2016, 2, 6, 2),
(23, 2016, 2, 6, 3),
(24, 2016, 2, 6, 4),
(25, 2016, 3, 7, 1),
(26, 2016, 3, 7, 2),
(27, 2016, 3, 7, 3),
(28, 2016, 3, 7, 4),
(29, 2016, 3, 8, 1),
(30, 2016, 3, 8, 2),
(31, 2016, 3, 8, 3),
(32, 2016, 3, 8, 4),
(33, 2016, 3, 9, 1),
(34, 2016, 3, 9, 2),
(35, 2016, 3, 9, 3),
(36, 2016, 3, 9, 4),
(37, 2016, 4, 10, 1),
(38, 2016, 4, 10, 2),
(39, 2016, 4, 10, 3),
(40, 2016, 4, 10, 4),
(41, 2016, 4, 11, 1),
(42, 2016, 4, 11, 2),
(43, 2016, 4, 11, 3),
(44, 2016, 4, 11, 4),
(45, 2016, 4, 12, 1),
(46, 2016, 4, 12, 2),
(47, 2016, 4, 12, 3),
(48, 2016, 4, 12, 4),
(49, 2017, 1, 1, 1),
(50, 2017, 1, 1, 2),
(51, 2017, 1, 1, 3),
(52, 2017, 1, 1, 4),
(53, 2017, 1, 2, 1),
(54, 2017, 1, 2, 2),
(55, 2017, 1, 2, 3),
(56, 2017, 1, 2, 4),
(57, 2017, 1, 3, 1),
(58, 2017, 1, 3, 2),
(59, 2017, 1, 3, 3),
(60, 2017, 1, 3, 4),
(61, 2017, 2, 4, 1),
(62, 2017, 2, 4, 2),
(63, 2017, 2, 4, 3),
(64, 2017, 2, 4, 4),
(65, 2017, 2, 5, 1),
(66, 2017, 2, 5, 2),
(67, 2017, 2, 5, 3),
(68, 2017, 2, 5, 4),
(69, 2017, 2, 6, 1),
(70, 2017, 2, 6, 2),
(71, 2017, 2, 6, 3),
(72, 2017, 2, 6, 4),
(73, 2017, 3, 7, 1),
(74, 2017, 3, 7, 2),
(75, 2017, 3, 7, 3),
(76, 2017, 3, 7, 4),
(77, 2017, 3, 8, 1),
(78, 2017, 3, 8, 2),
(79, 2017, 3, 8, 3),
(80, 2017, 3, 8, 4),
(81, 2017, 3, 9, 1),
(82, 2017, 3, 9, 2),
(83, 2017, 3, 9, 3),
(84, 2017, 3, 9, 4),
(85, 2017, 4, 10, 1),
(86, 2017, 4, 10, 2),
(87, 2017, 4, 10, 3),
(88, 2017, 4, 10, 4),
(89, 2017, 4, 11, 1),
(90, 2017, 4, 11, 2),
(91, 2017, 4, 11, 3),
(92, 2017, 4, 11, 4),
(93, 2017, 4, 12, 1),
(94, 2017, 4, 12, 2),
(95, 2017, 4, 12, 3),
(96, 2017, 4, 12, 4);

-- --------------------------------------------------------

--
-- Table structure for table `fact_bookings`
--

CREATE TABLE `fact_bookings` (
  `id` int(11) NOT NULL,
  `customer_id` int(11) NOT NULL,
  `table_number` int(11) NOT NULL,
  `date_booked` int(11) NOT NULL,
  `date_booking` int(11) NOT NULL,
  `booking_origin` int(11) NOT NULL,
  `booking_fee` float NOT NULL,
  `number_people` int(11) NOT NULL,
  `no_show` int(1) NOT NULL DEFAULT '0'
) ENGINE=InnoDB DEFAULT CHARSET=utf8 COLLATE=utf8_unicode_ci;

--
-- Dumping data for table `fact_bookings`
--

INSERT INTO `fact_bookings` (`id`, `customer_id`, `table_number`, `date_booked`, `date_booking`, `booking_origin`, `booking_fee`, `number_people`, `no_show`) VALUES
(1, 384, 3, 25, 31, 4, 5.85, 3, 1),
(2, 248, 2, 29, 44, 1, 3.8, 4, 0),
(3, 333, 3, 44, 57, 3, 0.9, 2, 0),
(4, 377, 5, 44, 55, 2, 1.45, 1, 0),
(5, 948, 1, 35, 37, 3, 1.8, 4, 0),
(6, 710, 5, 45, 53, 3, 1.35, 3, 0),
(7, 681, 2, 35, 42, 1, 3.8, 4, 1),
(8, 111, 2, 19, 32, 2, 2.9, 2, 0),
(9, 504, 1, 63, 67, 1, 2.85, 3, 0),
(10, 249, 4, 57, 60, 4, 1.95, 1, 0),
(11, 520, 5, 69, 81, 1, 1.9, 2, 0),
(12, 811, 2, 19, 28, 2, 5.8, 4, 0),
(13, 880, 3, 7, 7, 1, 3.8, 4, 0),
(14, 877, 5, 49, 59, 2, 4.35, 3, 0),
(15, 508, 4, 40, 45, 4, 5.85, 3, 0),
(16, 582, 1, 69, 77, 4, 3.9, 2, 0),
(17, 105, 3, 45, 57, 2, 5.8, 4, 0),
(18, 417, 3, 67, 68, 3, 0.45, 1, 0),
(19, 71, 4, 57, 66, 1, 2.85, 3, 0),
(20, 493, 3, 38, 46, 1, 2.85, 3, 0),
(21, 164, 1, 34, 34, 1, 1.9, 2, 0),
(22, 609, 5, 52, 53, 2, 2.9, 2, 0),
(23, 743, 5, 5, 13, 4, 7.8, 4, 0),
(24, 647, 2, 16, 26, 1, 0.95, 1, 0),
(25, 632, 3, 16, 25, 3, 0.9, 2, 0),
(26, 747, 2, 20, 24, 2, 5.8, 4, 0),
(27, 125, 2, 38, 40, 4, 5.85, 3, 0),
(28, 998, 3, 48, 58, 1, 1.9, 2, 0),
(29, 110, 4, 8, 20, 4, 5.85, 3, 0),
(30, 810, 4, 68, 78, 2, 4.35, 3, 0),
(31, 611, 2, 24, 33, 4, 5.85, 3, 0),
(32, 293, 1, 4, 6, 3, 0.45, 1, 0),
(33, 133, 2, 8, 19, 2, 1.45, 1, 0),
(34, 6, 5, 61, 62, 1, 3.8, 4, 0),
(35, 314, 3, 70, 84, 1, 0.95, 1, 0),
(36, 4, 5, 26, 35, 3, 0.9, 2, 0),
(37, 733, 5, 26, 39, 4, 3.9, 2, 0),
(38, 673, 5, 44, 50, 1, 0.95, 1, 1),
(39, 128, 5, 41, 45, 3, 1.8, 4, 0),
(40, 121, 2, 74, 86, 2, 5.8, 4, 0),
(41, 594, 1, 42, 56, 4, 1.95, 1, 0),
(42, 724, 4, 69, 84, 1, 2.85, 3, 0),
(43, 159, 3, 17, 25, 3, 0.9, 2, 0),
(44, 669, 3, 79, 83, 3, 0.45, 1, 0),
(45, 784, 5, 32, 36, 2, 2.9, 2, 0),
(46, 536, 1, 4, 9, 2, 4.35, 3, 0),
(47, 453, 5, 71, 86, 4, 3.9, 2, 0),
(48, 815, 5, 60, 66, 2, 2.9, 2, 1),
(49, 662, 5, 5, 10, 1, 1.9, 2, 1),
(50, 897, 2, 70, 72, 1, 1.9, 2, 0),
(51, 418, 2, 64, 72, 2, 5.8, 4, 0),
(52, 603, 4, 16, 26, 4, 5.85, 3, 0),
(53, 717, 3, 47, 61, 1, 3.8, 4, 0),
(54, 379, 4, 16, 24, 3, 1.35, 3, 0),
(55, 172, 2, 50, 61, 2, 1.45, 1, 0),
(56, 294, 3, 12, 19, 3, 1.35, 3, 0),
(57, 664, 4, 26, 31, 4, 5.85, 3, 0),
(58, 674, 2, 71, 86, 1, 2.85, 3, 0),
(59, 912, 2, 65, 69, 3, 1.8, 4, 0),
(60, 846, 5, 65, 74, 2, 5.8, 4, 0),
(61, 672, 2, 22, 22, 4, 3.9, 2, 0),
(62, 90, 1, 12, 25, 1, 1.9, 2, 1),
(63, 687, 3, 56, 61, 4, 3.9, 2, 1),
(64, 396, 2, 43, 55, 1, 2.85, 3, 0),
(65, 228, 4, 35, 40, 2, 1.45, 1, 0),
(66, 534, 3, 33, 45, 1, 1.9, 2, 0),
(67, 387, 3, 28, 33, 1, 2.85, 3, 0),
(68, 253, 2, 23, 27, 2, 4.35, 3, 0),
(69, 905, 3, 44, 48, 3, 1.8, 4, 0),
(70, 190, 1, 69, 71, 2, 5.8, 4, 0),
(71, 517, 2, 12, 24, 3, 0.45, 1, 0),
(72, 718, 1, 66, 66, 2, 5.8, 4, 0),
(73, 271, 2, 4, 12, 4, 7.8, 4, 0),
(74, 932, 4, 48, 49, 4, 3.9, 2, 0),
(75, 912, 2, 17, 20, 4, 7.8, 4, 0),
(76, 738, 4, 57, 58, 2, 2.9, 2, 0),
(77, 908, 2, 40, 40, 4, 3.9, 2, 0),
(78, 539, 5, 3, 18, 4, 3.9, 2, 0),
(79, 904, 3, 43, 45, 3, 0.45, 1, 1),
(80, 465, 3, 56, 57, 1, 1.9, 2, 0),
(81, 127, 3, 28, 32, 2, 4.35, 3, 0),
(82, 631, 2, 26, 41, 4, 5.85, 3, 1),
(83, 441, 1, 78, 78, 2, 4.35, 3, 0),
(84, 370, 1, 14, 29, 2, 2.9, 2, 1),
(85, 108, 5, 67, 72, 4, 7.8, 4, 1),
(86, 588, 5, 80, 94, 4, 3.9, 2, 0),
(87, 542, 1, 74, 85, 1, 0.95, 1, 0),
(88, 964, 5, 55, 55, 3, 1.35, 3, 0),
(89, 992, 3, 27, 40, 1, 1.9, 2, 0),
(90, 184, 3, 43, 45, 1, 1.9, 2, 0),
(91, 695, 3, 46, 47, 4, 5.85, 3, 0),
(92, 795, 2, 31, 33, 4, 1.95, 1, 0),
(93, 240, 2, 38, 41, 4, 5.85, 3, 0),
(94, 491, 1, 63, 78, 3, 0.9, 2, 0),
(95, 90, 1, 64, 78, 3, 0.45, 1, 0),
(96, 272, 1, 13, 29, 4, 1.95, 1, 0),
(97, 200, 3, 20, 20, 1, 2.85, 3, 0),
(98, 509, 1, 72, 78, 1, 2.85, 3, 0),
(99, 721, 3, 54, 66, 4, 5.85, 3, 1),
(100, 578, 2, 3, 10, 3, 0.9, 2, 0),
(101, 399, 3, 73, 81, 1, 3.8, 4, 0),
(102, 93, 4, 49, 57, 4, 1.95, 1, 0),
(103, 84, 5, 35, 46, 4, 3.9, 2, 0),
(104, 33, 5, 13, 28, 3, 0.45, 1, 1),
(105, 819, 3, 38, 50, 3, 0.45, 1, 0),
(106, 614, 1, 12, 14, 2, 4.35, 3, 1),
(107, 375, 5, 51, 51, 2, 1.45, 1, 0),
(108, 723, 4, 61, 72, 3, 0.45, 1, 0),
(109, 112, 5, 63, 72, 3, 1.8, 4, 1),
(110, 475, 1, 74, 88, 3, 1.8, 4, 0),
(111, 621, 2, 52, 57, 1, 1.9, 2, 0),
(112, 355, 4, 17, 21, 4, 5.85, 3, 1),
(113, 744, 2, 40, 50, 3, 1.35, 3, 1),
(114, 567, 1, 31, 41, 1, 3.8, 4, 0),
(115, 690, 4, 74, 75, 2, 4.35, 3, 0),
(116, 351, 1, 73, 82, 3, 0.45, 1, 0),
(117, 924, 1, 27, 32, 2, 4.35, 3, 0),
(118, 850, 1, 15, 25, 3, 0.45, 1, 0),
(119, 415, 3, 8, 23, 4, 5.85, 3, 0),
(120, 304, 3, 69, 82, 4, 7.8, 4, 0),
(121, 670, 1, 64, 67, 4, 7.8, 4, 0),
(122, 431, 4, 14, 26, 1, 1.9, 2, 1),
(123, 494, 3, 66, 75, 3, 1.35, 3, 0),
(124, 678, 1, 42, 58, 3, 1.8, 4, 0),
(125, 313, 5, 64, 73, 1, 3.8, 4, 0),
(126, 936, 5, 56, 61, 2, 4.35, 3, 0),
(127, 906, 3, 1, 12, 1, 0.95, 1, 0),
(128, 573, 4, 42, 47, 1, 2.85, 3, 0),
(129, 567, 5, 22, 27, 1, 3.8, 4, 0),
(130, 688, 3, 55, 58, 1, 0.95, 1, 1),
(131, 116, 5, 40, 45, 4, 3.9, 2, 0),
(132, 757, 3, 14, 18, 4, 1.95, 1, 0),
(133, 560, 1, 62, 78, 1, 2.85, 3, 0),
(134, 186, 3, 7, 7, 4, 5.85, 3, 0),
(135, 214, 4, 69, 71, 1, 0.95, 1, 0),
(136, 413, 3, 36, 38, 4, 1.95, 1, 0),
(137, 643, 1, 61, 68, 4, 1.95, 1, 1),
(138, 528, 5, 47, 56, 3, 0.45, 1, 0),
(139, 162, 5, 2, 4, 3, 1.8, 4, 0),
(140, 176, 1, 57, 69, 2, 1.45, 1, 0),
(141, 642, 3, 53, 59, 2, 5.8, 4, 0),
(142, 411, 1, 78, 90, 1, 0.95, 1, 0),
(143, 964, 1, 60, 73, 3, 1.35, 3, 1),
(144, 480, 5, 36, 37, 3, 1.35, 3, 0),
(145, 815, 2, 59, 72, 2, 1.45, 1, 0),
(146, 194, 4, 15, 27, 4, 7.8, 4, 1),
(147, 997, 3, 35, 51, 1, 0.95, 1, 0),
(148, 556, 4, 75, 91, 3, 1.35, 3, 1),
(149, 500, 4, 64, 73, 1, 2.85, 3, 0),
(150, 748, 2, 25, 32, 2, 4.35, 3, 0),
(151, 783, 3, 50, 60, 2, 4.35, 3, 0),
(152, 645, 3, 16, 23, 1, 3.8, 4, 0),
(153, 742, 4, 70, 73, 3, 0.45, 1, 0),
(154, 597, 4, 9, 21, 4, 3.9, 2, 0),
(155, 430, 3, 22, 30, 2, 1.45, 1, 0),
(156, 162, 4, 1, 16, 4, 1.95, 1, 0),
(157, 993, 4, 66, 72, 1, 0.95, 1, 0),
(158, 886, 2, 68, 73, 4, 3.9, 2, 0),
(159, 530, 3, 21, 28, 4, 3.9, 2, 0),
(160, 985, 1, 37, 49, 3, 0.45, 1, 0),
(161, 892, 2, 65, 73, 3, 0.45, 1, 0),
(162, 342, 2, 70, 85, 2, 2.9, 2, 0),
(163, 195, 3, 32, 36, 2, 4.35, 3, 1),
(164, 811, 4, 73, 74, 3, 1.8, 4, 0),
(165, 859, 4, 78, 86, 4, 7.8, 4, 0),
(166, 121, 2, 26, 38, 1, 2.85, 3, 1),
(167, 797, 5, 2, 12, 3, 0.45, 1, 0),
(168, 228, 5, 9, 16, 1, 2.85, 3, 0),
(169, 734, 2, 30, 43, 2, 4.35, 3, 0),
(170, 672, 1, 22, 33, 2, 5.8, 4, 0),
(171, 860, 3, 66, 77, 1, 1.9, 2, 0),
(172, 916, 2, 27, 29, 2, 1.45, 1, 0),
(173, 222, 4, 24, 40, 2, 5.8, 4, 0),
(174, 882, 4, 47, 55, 4, 3.9, 2, 0),
(175, 628, 2, 34, 46, 2, 2.9, 2, 0),
(176, 839, 3, 76, 81, 3, 0.45, 1, 1),
(177, 302, 2, 14, 22, 4, 7.8, 4, 0),
(178, 420, 4, 25, 35, 2, 2.9, 2, 0),
(179, 102, 3, 73, 78, 1, 2.85, 3, 0),
(180, 274, 4, 45, 50, 2, 4.35, 3, 0),
(181, 956, 1, 46, 49, 2, 5.8, 4, 0),
(182, 710, 5, 41, 42, 2, 5.8, 4, 0),
(183, 856, 1, 9, 22, 2, 2.9, 2, 0),
(184, 326, 2, 76, 86, 1, 0.95, 1, 0),
(185, 958, 3, 72, 82, 3, 0.45, 1, 0),
(186, 984, 1, 23, 37, 2, 4.35, 3, 1),
(187, 436, 4, 32, 35, 2, 1.45, 1, 0),
(188, 885, 2, 72, 80, 2, 4.35, 3, 1),
(189, 21, 1, 33, 40, 3, 0.45, 1, 1),
(190, 381, 5, 19, 31, 2, 1.45, 1, 0),
(191, 466, 2, 66, 69, 1, 2.85, 3, 1),
(192, 116, 2, 55, 56, 2, 2.9, 2, 0),
(193, 511, 2, 63, 67, 3, 1.8, 4, 0),
(194, 647, 3, 1, 14, 3, 0.45, 1, 0),
(195, 255, 3, 13, 27, 2, 1.45, 1, 0),
(196, 19, 4, 9, 15, 2, 2.9, 2, 1),
(197, 907, 3, 40, 48, 2, 1.45, 1, 0),
(198, 163, 1, 58, 70, 4, 3.9, 2, 0),
(199, 364, 1, 39, 53, 3, 1.35, 3, 0),
(200, 87, 5, 3, 10, 4, 7.8, 4, 0),
(201, 41, 2, 29, 31, 4, 1.95, 1, 0),
(202, 192, 1, 37, 37, 3, 0.9, 2, 0),
(203, 765, 4, 69, 71, 3, 0.9, 2, 1),
(204, 133, 1, 26, 40, 2, 4.35, 3, 0),
(205, 230, 4, 72, 77, 2, 2.9, 2, 1),
(206, 226, 4, 75, 85, 4, 3.9, 2, 0),
(207, 974, 5, 61, 76, 3, 1.35, 3, 1),
(208, 302, 4, 6, 18, 1, 2.85, 3, 0),
(209, 63, 2, 32, 36, 2, 2.9, 2, 0),
(210, 292, 4, 61, 65, 1, 3.8, 4, 0),
(211, 82, 2, 6, 6, 3, 1.35, 3, 0),
(212, 399, 4, 2, 4, 2, 5.8, 4, 0),
(213, 209, 3, 41, 49, 3, 1.8, 4, 0),
(214, 291, 3, 29, 41, 4, 1.95, 1, 1),
(215, 355, 3, 33, 37, 3, 1.8, 4, 0),
(216, 395, 4, 76, 84, 2, 4.35, 3, 0),
(217, 326, 5, 27, 39, 1, 2.85, 3, 0),
(218, 339, 5, 53, 59, 3, 1.35, 3, 1),
(219, 59, 1, 45, 56, 3, 0.45, 1, 0),
(220, 859, 1, 75, 86, 1, 3.8, 4, 0),
(221, 112, 4, 23, 28, 2, 5.8, 4, 0),
(222, 678, 5, 11, 20, 4, 3.9, 2, 0),
(223, 850, 1, 16, 20, 2, 4.35, 3, 0),
(224, 661, 5, 5, 19, 3, 0.45, 1, 0),
(225, 128, 3, 34, 47, 1, 1.9, 2, 0),
(226, 704, 1, 21, 24, 3, 0.45, 1, 0),
(227, 350, 1, 68, 76, 2, 4.35, 3, 1),
(228, 363, 3, 63, 79, 1, 3.8, 4, 0),
(229, 3, 2, 48, 58, 3, 0.45, 1, 0),
(230, 539, 1, 4, 6, 1, 0.95, 1, 1),
(231, 842, 1, 35, 49, 3, 1.35, 3, 0),
(232, 763, 2, 13, 15, 3, 1.35, 3, 0),
(233, 283, 4, 47, 63, 2, 2.9, 2, 0),
(234, 18, 4, 38, 42, 3, 0.9, 2, 0),
(235, 685, 3, 51, 54, 1, 2.85, 3, 0),
(236, 220, 5, 42, 57, 2, 1.45, 1, 0),
(237, 626, 2, 70, 78, 2, 5.8, 4, 0),
(238, 411, 3, 15, 25, 4, 3.9, 2, 0),
(239, 240, 5, 76, 88, 3, 1.8, 4, 0),
(240, 896, 1, 28, 41, 1, 3.8, 4, 1),
(241, 303, 4, 41, 45, 1, 1.9, 2, 1),
(242, 115, 3, 52, 63, 4, 1.95, 1, 0),
(243, 927, 3, 44, 45, 1, 1.9, 2, 0),
(244, 542, 3, 37, 44, 2, 4.35, 3, 0),
(245, 646, 3, 35, 51, 4, 3.9, 2, 0),
(246, 514, 5, 51, 58, 4, 7.8, 4, 0),
(247, 91, 1, 25, 30, 1, 2.85, 3, 0),
(248, 322, 5, 55, 56, 1, 2.85, 3, 0),
(249, 249, 4, 49, 59, 1, 1.9, 2, 1),
(250, 426, 1, 16, 30, 2, 1.45, 1, 0),
(251, 510, 5, 10, 13, 2, 1.45, 1, 0),
(252, 954, 3, 61, 68, 3, 0.9, 2, 0),
(253, 934, 3, 64, 64, 3, 1.35, 3, 0),
(254, 341, 1, 28, 39, 3, 1.8, 4, 0),
(255, 243, 1, 3, 5, 3, 1.35, 3, 0),
(256, 26, 1, 35, 43, 4, 3.9, 2, 1),
(257, 594, 4, 7, 21, 2, 4.35, 3, 0),
(258, 22, 1, 35, 41, 4, 3.9, 2, 0),
(259, 151, 3, 38, 46, 2, 2.9, 2, 1),
(260, 537, 1, 71, 82, 3, 0.45, 1, 0),
(261, 341, 3, 6, 8, 3, 1.8, 4, 0),
(262, 623, 5, 61, 65, 3, 1.35, 3, 0),
(263, 864, 5, 40, 40, 2, 2.9, 2, 0),
(264, 234, 5, 64, 72, 4, 1.95, 1, 0),
(265, 181, 4, 75, 80, 4, 7.8, 4, 0),
(266, 449, 5, 23, 24, 3, 1.35, 3, 0),
(267, 440, 5, 38, 40, 3, 0.9, 2, 0),
(268, 498, 2, 24, 29, 3, 0.9, 2, 0),
(269, 366, 1, 25, 39, 4, 5.85, 3, 0),
(270, 76, 1, 60, 76, 1, 0.95, 1, 0),
(271, 984, 1, 37, 49, 2, 4.35, 3, 0),
(272, 811, 1, 28, 31, 3, 0.9, 2, 0),
(273, 95, 2, 55, 66, 3, 1.8, 4, 0),
(274, 208, 3, 32, 36, 4, 7.8, 4, 0),
(275, 966, 2, 32, 48, 2, 2.9, 2, 0),
(276, 416, 1, 71, 78, 2, 4.35, 3, 0),
(277, 79, 3, 14, 25, 4, 3.9, 2, 0),
(278, 977, 4, 11, 19, 2, 4.35, 3, 0),
(279, 86, 4, 62, 66, 1, 3.8, 4, 1),
(280, 889, 2, 37, 48, 1, 1.9, 2, 0),
(281, 601, 4, 69, 81, 3, 0.9, 2, 0),
(282, 502, 5, 57, 71, 2, 2.9, 2, 0),
(283, 299, 2, 62, 68, 2, 5.8, 4, 0),
(284, 697, 3, 72, 85, 4, 3.9, 2, 0),
(285, 202, 1, 30, 46, 3, 1.35, 3, 0),
(286, 67, 2, 55, 68, 4, 5.85, 3, 0),
(287, 140, 5, 47, 60, 2, 2.9, 2, 0),
(288, 696, 1, 30, 30, 1, 3.8, 4, 0),
(289, 178, 5, 30, 46, 1, 1.9, 2, 0),
(290, 347, 2, 59, 61, 1, 0.95, 1, 0),
(291, 484, 5, 13, 13, 1, 2.85, 3, 0),
(292, 583, 1, 19, 33, 3, 1.35, 3, 1),
(293, 405, 3, 45, 59, 3, 0.45, 1, 0),
(294, 824, 2, 21, 26, 3, 0.45, 1, 0),
(295, 571, 4, 43, 47, 4, 7.8, 4, 0),
(296, 875, 4, 8, 17, 2, 2.9, 2, 0),
(297, 106, 2, 54, 58, 1, 1.9, 2, 0),
(298, 880, 1, 76, 90, 3, 0.45, 1, 0),
(299, 233, 1, 40, 53, 2, 1.45, 1, 1),
(300, 145, 3, 6, 8, 4, 3.9, 2, 1),
(301, 364, 5, 13, 21, 3, 0.9, 2, 0),
(302, 20, 4, 25, 35, 4, 5.85, 3, 1),
(303, 629, 4, 3, 8, 4, 1.95, 1, 0),
(304, 589, 1, 68, 79, 1, 1.9, 2, 0),
(305, 238, 5, 11, 19, 4, 7.8, 4, 0),
(306, 504, 1, 48, 50, 4, 5.85, 3, 0),
(307, 154, 3, 48, 61, 1, 0.95, 1, 0),
(308, 683, 5, 28, 35, 2, 5.8, 4, 0),
(309, 430, 2, 39, 48, 1, 1.9, 2, 0),
(310, 917, 1, 51, 51, 1, 3.8, 4, 0),
(311, 590, 4, 73, 79, 1, 1.9, 2, 0),
(312, 982, 1, 18, 31, 3, 1.35, 3, 0),
(313, 489, 4, 1, 14, 2, 2.9, 2, 0),
(314, 146, 1, 34, 50, 1, 1.9, 2, 0),
(315, 558, 1, 68, 74, 1, 1.9, 2, 0),
(316, 36, 5, 12, 19, 3, 0.45, 1, 0),
(317, 623, 3, 60, 73, 4, 1.95, 1, 0),
(318, 812, 2, 79, 87, 1, 1.9, 2, 0),
(319, 592, 5, 59, 60, 2, 1.45, 1, 0),
(320, 106, 2, 53, 61, 3, 0.9, 2, 0),
(321, 79, 3, 57, 69, 2, 5.8, 4, 0),
(322, 511, 5, 58, 60, 1, 3.8, 4, 0),
(323, 783, 3, 3, 4, 2, 1.45, 1, 0),
(324, 548, 2, 61, 76, 3, 0.45, 1, 1),
(325, 734, 4, 53, 69, 1, 3.8, 4, 0),
(326, 825, 3, 42, 42, 3, 1.8, 4, 0),
(327, 801, 4, 59, 73, 1, 3.8, 4, 0),
(328, 292, 3, 8, 22, 1, 1.9, 2, 1),
(329, 850, 2, 10, 11, 2, 2.9, 2, 0),
(330, 947, 5, 54, 62, 3, 0.45, 1, 0),
(331, 83, 1, 19, 35, 1, 0.95, 1, 0),
(332, 768, 3, 41, 49, 1, 1.9, 2, 0),
(333, 833, 3, 8, 22, 4, 7.8, 4, 0),
(334, 216, 5, 29, 42, 4, 3.9, 2, 0),
(335, 236, 1, 37, 43, 4, 5.85, 3, 0),
(336, 381, 3, 58, 65, 3, 1.35, 3, 0),
(337, 184, 4, 60, 60, 3, 0.9, 2, 0),
(338, 781, 2, 23, 28, 1, 3.8, 4, 0),
(339, 760, 2, 66, 78, 1, 2.85, 3, 0),
(340, 486, 3, 80, 88, 2, 4.35, 3, 0),
(341, 400, 4, 56, 72, 3, 1.8, 4, 0),
(342, 698, 5, 14, 16, 3, 0.9, 2, 0),
(343, 961, 4, 18, 20, 2, 4.35, 3, 1),
(344, 33, 3, 3, 4, 4, 5.85, 3, 0),
(345, 153, 2, 78, 89, 1, 0.95, 1, 0),
(346, 70, 5, 23, 24, 3, 1.8, 4, 0),
(347, 558, 4, 6, 12, 3, 1.8, 4, 0),
(348, 451, 3, 9, 13, 1, 2.85, 3, 0),
(349, 772, 3, 61, 76, 1, 1.9, 2, 1),
(350, 297, 2, 45, 55, 3, 0.45, 1, 1),
(351, 387, 5, 72, 87, 4, 7.8, 4, 0),
(352, 836, 3, 8, 13, 1, 0.95, 1, 0),
(353, 191, 2, 63, 65, 2, 5.8, 4, 0),
(354, 337, 4, 54, 54, 3, 0.9, 2, 0),
(355, 190, 1, 50, 58, 1, 2.85, 3, 0),
(356, 600, 2, 69, 80, 1, 2.85, 3, 0),
(357, 90, 2, 23, 33, 2, 4.35, 3, 0),
(358, 232, 2, 3, 4, 2, 1.45, 1, 0),
(359, 48, 3, 34, 37, 2, 1.45, 1, 0),
(360, 730, 5, 48, 50, 1, 1.9, 2, 0),
(361, 19, 3, 21, 33, 1, 0.95, 1, 1),
(362, 353, 5, 25, 25, 2, 5.8, 4, 0),
(363, 780, 2, 5, 7, 3, 0.9, 2, 1),
(364, 456, 3, 62, 69, 3, 1.8, 4, 0),
(365, 792, 1, 42, 52, 4, 7.8, 4, 1),
(366, 277, 4, 31, 32, 1, 1.9, 2, 0),
(367, 893, 2, 55, 56, 1, 1.9, 2, 0),
(368, 89, 3, 1, 17, 3, 0.45, 1, 0),
(369, 69, 1, 1, 10, 4, 3.9, 2, 0),
(370, 34, 2, 26, 28, 1, 0.95, 1, 0),
(371, 657, 3, 79, 87, 2, 5.8, 4, 0),
(372, 350, 2, 53, 53, 1, 2.85, 3, 0),
(373, 335, 1, 14, 24, 2, 4.35, 3, 0),
(374, 250, 4, 78, 78, 4, 3.9, 2, 0),
(375, 791, 4, 14, 18, 3, 0.45, 1, 0),
(376, 653, 1, 35, 36, 1, 1.9, 2, 0),
(377, 260, 3, 12, 16, 2, 2.9, 2, 0),
(378, 935, 3, 67, 77, 4, 5.85, 3, 0),
(379, 677, 1, 29, 45, 3, 1.35, 3, 1),
(380, 995, 2, 35, 44, 3, 0.9, 2, 0),
(381, 271, 2, 75, 88, 2, 4.35, 3, 0),
(382, 725, 3, 38, 54, 1, 3.8, 4, 0),
(383, 765, 2, 67, 76, 4, 5.85, 3, 0),
(384, 982, 4, 75, 82, 1, 1.9, 2, 0),
(385, 723, 3, 58, 69, 4, 3.9, 2, 0),
(386, 653, 3, 21, 31, 3, 1.8, 4, 0),
(387, 198, 2, 70, 85, 2, 4.35, 3, 0),
(388, 185, 4, 36, 49, 4, 7.8, 4, 0),
(389, 277, 2, 14, 15, 3, 1.8, 4, 0),
(390, 496, 2, 43, 59, 2, 5.8, 4, 0),
(391, 611, 3, 53, 59, 2, 4.35, 3, 0),
(392, 948, 1, 64, 72, 4, 7.8, 4, 0),
(393, 771, 5, 1, 2, 2, 1.45, 1, 0),
(394, 583, 2, 78, 85, 4, 1.95, 1, 0),
(395, 754, 2, 66, 66, 4, 3.9, 2, 0),
(396, 360, 2, 66, 68, 1, 1.9, 2, 0),
(397, 447, 4, 80, 83, 3, 0.45, 1, 0),
(398, 555, 2, 7, 14, 4, 5.85, 3, 0),
(399, 135, 2, 25, 33, 4, 5.85, 3, 0),
(400, 405, 5, 56, 70, 3, 1.35, 3, 0),
(401, 404, 2, 64, 68, 2, 1.45, 1, 1),
(402, 162, 5, 2, 7, 4, 1.95, 1, 0),
(403, 466, 2, 51, 65, 3, 1.35, 3, 0),
(404, 891, 1, 61, 69, 3, 0.9, 2, 0),
(405, 737, 3, 75, 91, 1, 0.95, 1, 0),
(406, 603, 4, 48, 62, 2, 5.8, 4, 0),
(407, 944, 4, 37, 43, 1, 1.9, 2, 0),
(408, 861, 3, 50, 66, 2, 5.8, 4, 1),
(409, 640, 4, 16, 17, 3, 1.8, 4, 0),
(410, 853, 3, 70, 81, 2, 1.45, 1, 0),
(411, 551, 3, 10, 18, 3, 1.8, 4, 1),
(412, 527, 3, 47, 59, 1, 2.85, 3, 1),
(413, 339, 4, 54, 60, 3, 1.35, 3, 1),
(414, 85, 4, 54, 55, 2, 1.45, 1, 0),
(415, 497, 1, 31, 33, 3, 0.9, 2, 0),
(416, 236, 1, 53, 62, 2, 4.35, 3, 0),
(417, 95, 2, 31, 45, 4, 7.8, 4, 0),
(418, 222, 3, 41, 55, 4, 7.8, 4, 0),
(419, 428, 4, 47, 55, 3, 1.35, 3, 0),
(420, 496, 5, 49, 60, 4, 7.8, 4, 0),
(421, 617, 2, 79, 91, 1, 3.8, 4, 0),
(422, 635, 1, 68, 71, 3, 0.45, 1, 0),
(423, 157, 4, 67, 75, 3, 0.9, 2, 0),
(424, 242, 3, 66, 81, 2, 2.9, 2, 0),
(425, 276, 5, 76, 92, 1, 2.85, 3, 1),
(426, 359, 5, 40, 52, 3, 1.8, 4, 1),
(427, 840, 5, 29, 42, 3, 1.35, 3, 1),
(428, 844, 3, 68, 69, 2, 2.9, 2, 0),
(429, 175, 3, 10, 12, 4, 7.8, 4, 1),
(430, 68, 2, 10, 23, 3, 1.35, 3, 0),
(431, 997, 2, 64, 74, 2, 4.35, 3, 0),
(432, 850, 3, 68, 73, 2, 4.35, 3, 0),
(433, 440, 4, 1, 3, 3, 1.8, 4, 0),
(434, 211, 2, 11, 12, 4, 5.85, 3, 1),
(435, 630, 3, 42, 47, 2, 5.8, 4, 1),
(436, 36, 5, 72, 85, 1, 0.95, 1, 0),
(437, 364, 5, 80, 96, 4, 7.8, 4, 0),
(438, 545, 4, 62, 68, 2, 2.9, 2, 0),
(439, 583, 5, 36, 45, 3, 1.35, 3, 1),
(440, 408, 4, 26, 32, 4, 5.85, 3, 0),
(441, 676, 3, 69, 85, 1, 3.8, 4, 0),
(442, 277, 3, 18, 28, 1, 3.8, 4, 0),
(443, 719, 2, 8, 19, 4, 1.95, 1, 0),
(444, 864, 2, 57, 67, 2, 4.35, 3, 0),
(445, 922, 1, 67, 75, 1, 2.85, 3, 1),
(446, 554, 5, 52, 67, 3, 1.35, 3, 0),
(447, 132, 5, 73, 74, 2, 1.45, 1, 0),
(448, 588, 4, 17, 21, 4, 1.95, 1, 0),
(449, 313, 5, 59, 75, 1, 0.95, 1, 0),
(450, 296, 1, 6, 17, 3, 1.35, 3, 0),
(451, 889, 5, 19, 20, 3, 0.45, 1, 0),
(452, 373, 1, 77, 85, 4, 7.8, 4, 0),
(453, 478, 2, 4, 12, 1, 1.9, 2, 0),
(454, 804, 3, 73, 83, 2, 5.8, 4, 0),
(455, 960, 5, 78, 92, 2, 1.45, 1, 0),
(456, 95, 2, 33, 41, 3, 1.8, 4, 0),
(457, 550, 3, 51, 53, 2, 5.8, 4, 0),
(458, 338, 2, 23, 23, 4, 7.8, 4, 0),
(459, 972, 1, 47, 50, 2, 5.8, 4, 0),
(460, 585, 3, 72, 75, 1, 2.85, 3, 0),
(461, 840, 2, 3, 17, 2, 2.9, 2, 0),
(462, 682, 1, 9, 13, 3, 1.35, 3, 1),
(463, 775, 2, 69, 75, 2, 1.45, 1, 0),
(464, 115, 5, 78, 89, 1, 1.9, 2, 1),
(465, 808, 5, 43, 49, 2, 4.35, 3, 0),
(466, 614, 2, 13, 24, 1, 2.85, 3, 0),
(467, 574, 5, 46, 62, 3, 1.35, 3, 0),
(468, 963, 5, 59, 62, 2, 5.8, 4, 0),
(469, 835, 4, 21, 23, 3, 1.8, 4, 0),
(470, 169, 3, 66, 76, 2, 4.35, 3, 0),
(471, 407, 2, 28, 44, 2, 5.8, 4, 0),
(472, 377, 4, 1, 15, 2, 2.9, 2, 1),
(473, 502, 1, 30, 41, 4, 3.9, 2, 0),
(474, 107, 5, 65, 76, 1, 2.85, 3, 0),
(475, 838, 5, 42, 49, 1, 2.85, 3, 0),
(476, 278, 4, 78, 89, 4, 1.95, 1, 0),
(477, 57, 4, 51, 55, 2, 1.45, 1, 0),
(478, 589, 5, 19, 24, 3, 1.35, 3, 1),
(479, 628, 2, 1, 13, 4, 7.8, 4, 1),
(480, 738, 5, 56, 66, 1, 1.9, 2, 0),
(481, 200, 1, 67, 82, 1, 0.95, 1, 0),
(482, 322, 1, 22, 22, 3, 1.8, 4, 0),
(483, 899, 3, 70, 73, 4, 5.85, 3, 1),
(484, 97, 5, 68, 68, 4, 5.85, 3, 0),
(485, 863, 3, 77, 88, 3, 0.45, 1, 0),
(486, 422, 5, 33, 36, 1, 0.95, 1, 0),
(487, 141, 3, 19, 20, 4, 5.85, 3, 0),
(488, 315, 3, 11, 11, 1, 1.9, 2, 0),
(489, 219, 5, 31, 43, 2, 1.45, 1, 0),
(490, 493, 4, 49, 52, 3, 1.8, 4, 0),
(491, 340, 5, 22, 25, 4, 5.85, 3, 1),
(492, 472, 5, 54, 56, 4, 7.8, 4, 0),
(493, 200, 4, 7, 12, 2, 2.9, 2, 1),
(494, 621, 4, 19, 27, 1, 2.85, 3, 0),
(495, 819, 1, 40, 54, 1, 3.8, 4, 0),
(496, 295, 5, 70, 72, 3, 0.45, 1, 0),
(497, 931, 3, 69, 80, 2, 5.8, 4, 0),
(498, 691, 1, 1, 17, 4, 5.85, 3, 1),
(499, 544, 5, 70, 72, 3, 1.8, 4, 1),
(500, 904, 4, 16, 27, 4, 1.95, 1, 0);

-- --------------------------------------------------------

--
-- Table structure for table `fact_order_items`
--

CREATE TABLE `fact_order_items` (
  `id` int(11) NOT NULL,
  `order_id` int(11) NOT NULL,
  `customer_id` int(11) NOT NULL,
  `staff_id` int(11) NOT NULL,
  `table_number` int(11) NOT NULL,
  `date_id` int(11) NOT NULL,
  `menu_item_id` int(11) NOT NULL,
  `price` float NOT NULL
) ENGINE=InnoDB DEFAULT CHARSET=utf8 COLLATE=utf8_unicode_ci;

--
-- Dumping data for table `fact_order_items`
--

INSERT INTO `fact_order_items` (`id`, `order_id`, `customer_id`, `staff_id`, `table_number`, `date_id`, `menu_item_id`, `price`) VALUES
(1, 1, 758, 2, 2, 82, 4, 6.5),
(2, 1, 758, 2, 2, 82, 7, 3.95),
(3, 2, 477, 3, 5, 30, 3, 1.5),
(4, 2, 477, 3, 5, 30, 7, 3.95),
(5, 3, 251, 4, 5, 60, 8, 4.5),
(6, 3, 251, 4, 5, 60, 3, 1.5),
(7, 3, 251, 4, 5, 60, 6, 2.95),
(8, 4, 684, 2, 1, 87, 5, 2.25),
(9, 4, 684, 2, 1, 87, 8, 4.5),
(10, 5, 477, 4, 2, 93, 5, 2.25),
(11, 5, 477, 4, 2, 93, 1, 12.95),
(12, 5, 477, 4, 2, 93, 6, 2.95),
(13, 6, 825, 3, 1, 39, 7, 3.95),
(14, 6, 825, 3, 1, 39, 2, 18.95),
(15, 7, 870, 1, 3, 32, 8, 4.5),
(16, 8, 448, 1, 2, 78, 8, 4.5),
(17, 8, 448, 1, 2, 78, 1, 12.95),
(18, 9, 706, 3, 5, 53, 8, 4.5),
(19, 9, 706, 3, 5, 53, 5, 2.25),
(20, 10, 445, 3, 2, 57, 3, 1.5),
(21, 10, 445, 3, 2, 57, 2, 18.95),
(22, 11, 613, 3, 3, 18, 7, 3.95),
(23, 12, 923, 4, 5, 85, 5, 2.25),
(24, 12, 923, 4, 5, 85, 4, 6.5),
(25, 12, 923, 4, 5, 85, 6, 2.95),
(26, 13, 811, 4, 5, 27, 8, 4.5),
(27, 13, 811, 4, 5, 27, 5, 2.25),
(28, 14, 660, 4, 5, 44, 1, 12.95),
(29, 14, 660, 4, 5, 44, 5, 2.25),
(30, 14, 660, 4, 5, 44, 4, 6.5),
(31, 15, 845, 1, 4, 61, 2, 18.95),
(32, 16, 333, 4, 1, 77, 6, 2.95),
(33, 17, 574, 4, 3, 5, 1, 12.95),
(34, 17, 574, 4, 3, 5, 6, 2.95),
(35, 17, 574, 4, 3, 5, 5, 2.25),
(36, 18, 391, 2, 5, 56, 1, 12.95),
(37, 19, 185, 1, 2, 93, 8, 4.5),
(38, 19, 185, 1, 2, 93, 1, 12.95),
(39, 19, 185, 1, 2, 93, 4, 6.5),
(40, 20, 260, 1, 4, 10, 2, 18.95),
(41, 20, 260, 1, 4, 10, 5, 2.25),
(42, 21, 101, 4, 1, 4, 6, 2.95),
(43, 21, 101, 4, 1, 4, 7, 3.95),
(44, 22, 170, 3, 5, 89, 6, 2.95),
(45, 23, 342, 2, 3, 82, 2, 18.95),
(46, 23, 342, 2, 3, 82, 4, 6.5),
(47, 24, 569, 3, 2, 40, 7, 3.95),
(48, 24, 569, 3, 2, 40, 3, 1.5),
(49, 25, 13, 3, 2, 54, 3, 1.5),
(50, 26, 953, 2, 2, 24, 8, 4.5),
(51, 26, 953, 2, 2, 24, 6, 2.95),
(52, 27, 715, 2, 3, 60, 1, 12.95),
(53, 27, 715, 2, 3, 60, 2, 18.95),
(54, 28, 240, 3, 2, 33, 5, 2.25),
(55, 28, 240, 3, 2, 33, 4, 6.5),
(56, 28, 240, 3, 2, 33, 4, 6.5),
(57, 29, 418, 3, 1, 68, 3, 1.5),
(58, 29, 418, 3, 1, 68, 2, 18.95),
(59, 30, 487, 3, 4, 51, 4, 6.5),
(60, 30, 487, 3, 4, 51, 3, 1.5),
(61, 30, 487, 3, 4, 51, 4, 6.5),
(62, 31, 875, 4, 1, 78, 6, 2.95),
(63, 31, 875, 4, 1, 78, 1, 12.95),
(64, 31, 875, 4, 1, 78, 6, 2.95),
(65, 32, 402, 3, 2, 95, 6, 2.95),
(66, 33, 822, 3, 1, 1, 6, 2.95),
(67, 34, 280, 4, 1, 84, 4, 6.5),
(68, 34, 280, 4, 1, 84, 1, 12.95),
(69, 34, 280, 4, 1, 84, 3, 1.5),
(70, 35, 792, 4, 1, 44, 6, 2.95),
(71, 35, 792, 4, 1, 44, 3, 1.5),
(72, 36, 279, 1, 1, 84, 5, 2.25),
(73, 36, 279, 1, 1, 84, 8, 4.5),
(74, 36, 279, 1, 1, 84, 8, 4.5),
(75, 37, 42, 3, 4, 88, 6, 2.95),
(76, 37, 42, 3, 4, 88, 8, 4.5),
(77, 38, 373, 3, 2, 62, 1, 12.95),
(78, 38, 373, 3, 2, 62, 2, 18.95),
(79, 39, 789, 3, 2, 33, 1, 12.95),
(80, 39, 789, 3, 2, 33, 2, 18.95),
(81, 40, 290, 2, 3, 95, 4, 6.5),
(82, 41, 49, 1, 3, 24, 4, 6.5),
(83, 42, 415, 1, 5, 32, 7, 3.95),
(84, 42, 415, 1, 5, 32, 8, 4.5),
(85, 43, 479, 3, 3, 33, 6, 2.95),
(86, 44, 919, 3, 2, 86, 6, 2.95),
(87, 44, 919, 3, 2, 86, 1, 12.95),
(88, 44, 919, 3, 2, 86, 1, 12.95),
(89, 45, 62, 1, 2, 72, 4, 6.5),
(90, 45, 62, 1, 2, 72, 4, 6.5),
(91, 46, 679, 2, 2, 57, 3, 1.5),
(92, 46, 679, 2, 2, 57, 7, 3.95),
(93, 46, 679, 2, 2, 57, 4, 6.5),
(94, 47, 64, 4, 4, 35, 4, 6.5),
(95, 47, 64, 4, 4, 35, 6, 2.95),
(96, 47, 64, 4, 4, 35, 1, 12.95),
(97, 48, 208, 1, 5, 39, 2, 18.95),
(98, 49, 378, 3, 1, 20, 8, 4.5),
(99, 49, 378, 3, 1, 20, 2, 18.95),
(100, 49, 378, 3, 1, 20, 4, 6.5),
(101, 50, 877, 2, 5, 66, 4, 6.5),
(102, 51, 670, 1, 4, 48, 3, 1.5),
(103, 52, 899, 4, 1, 93, 3, 1.5),
(104, 53, 842, 3, 4, 76, 1, 12.95),
(105, 53, 842, 3, 4, 76, 1, 12.95),
(106, 53, 842, 3, 4, 76, 7, 3.95),
(107, 54, 225, 1, 1, 4, 3, 1.5),
(108, 54, 225, 1, 1, 4, 2, 18.95),
(109, 54, 225, 1, 1, 4, 2, 18.95),
(110, 55, 968, 3, 5, 63, 5, 2.25),
(111, 55, 968, 3, 5, 63, 6, 2.95),
(112, 56, 758, 4, 4, 78, 2, 18.95),
(113, 56, 758, 4, 4, 78, 5, 2.25),
(114, 56, 758, 4, 4, 78, 5, 2.25),
(115, 57, 482, 4, 2, 80, 7, 3.95),
(116, 57, 482, 4, 2, 80, 7, 3.95),
(117, 58, 1, 1, 3, 64, 1, 12.95),
(118, 59, 943, 2, 3, 83, 1, 12.95),
(119, 59, 943, 2, 3, 83, 6, 2.95),
(120, 59, 943, 2, 3, 83, 2, 18.95),
(121, 60, 830, 1, 1, 28, 4, 6.5),
(122, 60, 830, 1, 1, 28, 7, 3.95),
(123, 61, 673, 1, 5, 69, 5, 2.25),
(124, 61, 673, 1, 5, 69, 4, 6.5),
(125, 62, 471, 1, 1, 5, 6, 2.95),
(126, 62, 471, 1, 1, 5, 1, 12.95),
(127, 63, 347, 2, 4, 53, 8, 4.5),
(128, 63, 347, 2, 4, 53, 5, 2.25),
(129, 64, 632, 2, 1, 45, 5, 2.25),
(130, 64, 632, 2, 1, 45, 7, 3.95),
(131, 64, 632, 2, 1, 45, 2, 18.95),
(132, 65, 799, 4, 5, 88, 7, 3.95),
(133, 65, 799, 4, 5, 88, 5, 2.25),
(134, 65, 799, 4, 5, 88, 7, 3.95),
(135, 66, 782, 2, 4, 19, 7, 3.95),
(136, 66, 782, 2, 4, 19, 1, 12.95),
(137, 67, 934, 2, 5, 5, 6, 2.95),
(138, 67, 934, 2, 5, 5, 5, 2.25),
(139, 67, 934, 2, 5, 5, 2, 18.95),
(140, 68, 819, 4, 4, 9, 4, 6.5),
(141, 68, 819, 4, 4, 9, 3, 1.5),
(142, 68, 819, 4, 4, 9, 1, 12.95),
(143, 69, 566, 4, 5, 41, 1, 12.95),
(144, 69, 566, 4, 5, 41, 7, 3.95),
(145, 70, 31, 2, 4, 71, 8, 4.5),
(146, 71, 722, 1, 1, 93, 1, 12.95),
(147, 71, 722, 1, 1, 93, 3, 1.5),
(148, 72, 974, 4, 1, 1, 2, 18.95),
(149, 72, 974, 4, 1, 1, 2, 18.95),
(150, 72, 974, 4, 1, 1, 6, 2.95),
(151, 73, 124, 1, 2, 91, 5, 2.25),
(152, 74, 187, 1, 2, 83, 2, 18.95),
(153, 74, 187, 1, 2, 83, 8, 4.5),
(154, 74, 187, 1, 2, 83, 3, 1.5),
(155, 75, 293, 4, 5, 46, 2, 18.95),
(156, 75, 293, 4, 5, 46, 8, 4.5),
(157, 76, 581, 1, 5, 10, 7, 3.95),
(158, 76, 581, 1, 5, 10, 3, 1.5),
(159, 76, 581, 1, 5, 10, 2, 18.95),
(160, 77, 291, 2, 1, 73, 1, 12.95),
(161, 78, 74, 2, 3, 8, 2, 18.95),
(162, 78, 74, 2, 3, 8, 4, 6.5),
(163, 78, 74, 2, 3, 8, 6, 2.95),
(164, 79, 445, 2, 5, 9, 4, 6.5),
(165, 80, 728, 2, 2, 41, 4, 6.5),
(166, 81, 796, 2, 3, 92, 7, 3.95),
(167, 81, 796, 2, 3, 92, 4, 6.5),
(168, 81, 796, 2, 3, 92, 4, 6.5),
(169, 82, 432, 1, 3, 74, 2, 18.95),
(170, 82, 432, 1, 3, 74, 4, 6.5),
(171, 82, 432, 1, 3, 74, 6, 2.95),
(172, 83, 204, 1, 4, 47, 1, 12.95),
(173, 83, 204, 1, 4, 47, 3, 1.5),
(174, 84, 629, 3, 1, 74, 4, 6.5),
(175, 84, 629, 3, 1, 74, 6, 2.95),
(176, 84, 629, 3, 1, 74, 7, 3.95),
(177, 85, 762, 2, 5, 23, 8, 4.5),
(178, 86, 257, 3, 3, 4, 1, 12.95),
(179, 86, 257, 3, 3, 4, 3, 1.5),
(180, 87, 755, 4, 3, 28, 7, 3.95),
(181, 88, 340, 3, 2, 30, 2, 18.95),
(182, 88, 340, 3, 2, 30, 4, 6.5),
(183, 88, 340, 3, 2, 30, 3, 1.5),
(184, 89, 574, 3, 3, 50, 6, 2.95),
(185, 89, 574, 3, 3, 50, 4, 6.5),
(186, 90, 788, 2, 2, 75, 2, 18.95),
(187, 90, 788, 2, 2, 75, 6, 2.95),
(188, 91, 591, 1, 4, 37, 4, 6.5),
(189, 91, 591, 1, 4, 37, 4, 6.5),
(190, 92, 695, 2, 4, 46, 3, 1.5),
(191, 93, 53, 3, 1, 72, 8, 4.5),
(192, 93, 53, 3, 1, 72, 1, 12.95),
(193, 94, 67, 4, 4, 51, 6, 2.95),
(194, 94, 67, 4, 4, 51, 1, 12.95),
(195, 94, 67, 4, 4, 51, 1, 12.95),
(196, 95, 999, 4, 4, 60, 2, 18.95),
(197, 95, 999, 4, 4, 60, 7, 3.95),
(198, 95, 999, 4, 4, 60, 3, 1.5),
(199, 96, 461, 2, 1, 11, 8, 4.5),
(200, 96, 461, 2, 1, 11, 4, 6.5),
(201, 97, 709, 3, 1, 43, 4, 6.5),
(202, 97, 709, 3, 1, 43, 7, 3.95),
(203, 97, 709, 3, 1, 43, 4, 6.5),
(204, 98, 390, 1, 1, 78, 5, 2.25),
(205, 98, 390, 1, 1, 78, 1, 12.95),
(206, 98, 390, 1, 1, 78, 4, 6.5),
(207, 99, 85, 1, 1, 23, 2, 18.95),
(208, 99, 85, 1, 1, 23, 5, 2.25),
(209, 100, 705, 3, 2, 59, 3, 1.5),
(210, 100, 705, 3, 2, 59, 4, 6.5),
(211, 100, 705, 3, 2, 59, 6, 2.95),
(212, 101, 956, 4, 5, 50, 5, 2.25),
(213, 101, 956, 4, 5, 50, 4, 6.5),
(214, 101, 956, 4, 5, 50, 6, 2.95),
(215, 102, 266, 1, 1, 21, 6, 2.95),
(216, 103, 786, 3, 5, 14, 8, 4.5),
(217, 103, 786, 3, 5, 14, 4, 6.5),
(218, 104, 103, 4, 4, 33, 4, 6.5),
(219, 105, 29, 1, 2, 32, 5, 2.25),
(220, 106, 202, 3, 4, 19, 7, 3.95),
(221, 107, 344, 3, 1, 25, 1, 12.95),
(222, 107, 344, 3, 1, 25, 4, 6.5),
(223, 107, 344, 3, 1, 25, 6, 2.95),
(224, 108, 809, 4, 3, 5, 1, 12.95),
(225, 109, 765, 2, 5, 10, 1, 12.95),
(226, 109, 765, 2, 5, 10, 4, 6.5),
(227, 110, 829, 1, 1, 73, 2, 18.95),
(228, 110, 829, 1, 1, 73, 7, 3.95),
(229, 111, 320, 2, 3, 90, 5, 2.25),
(230, 112, 297, 2, 4, 20, 3, 1.5),
(231, 112, 297, 2, 4, 20, 2, 18.95),
(232, 113, 783, 1, 4, 12, 3, 1.5),
(233, 114, 659, 3, 3, 71, 1, 12.95),
(234, 114, 659, 3, 3, 71, 6, 2.95),
(235, 114, 659, 3, 3, 71, 1, 12.95),
(236, 115, 359, 3, 4, 71, 2, 18.95),
(237, 115, 359, 3, 4, 71, 7, 3.95),
(238, 116, 518, 3, 2, 24, 3, 1.5),
(239, 116, 518, 3, 2, 24, 2, 18.95),
(240, 117, 553, 2, 3, 78, 2, 18.95),
(241, 118, 975, 3, 1, 38, 7, 3.95),
(242, 118, 975, 3, 1, 38, 7, 3.95),
(243, 118, 975, 3, 1, 38, 5, 2.25),
(244, 119, 214, 3, 5, 67, 3, 1.5),
(245, 119, 214, 3, 5, 67, 5, 2.25),
(246, 119, 214, 3, 5, 67, 6, 2.95),
(247, 120, 108, 4, 3, 87, 4, 6.5),
(248, 120, 108, 4, 3, 87, 1, 12.95),
(249, 121, 653, 3, 3, 22, 4, 6.5),
(250, 121, 653, 3, 3, 22, 3, 1.5),
(251, 121, 653, 3, 3, 22, 7, 3.95),
(252, 122, 604, 3, 5, 25, 4, 6.5),
(253, 122, 604, 3, 5, 25, 1, 12.95),
(254, 122, 604, 3, 5, 25, 1, 12.95),
(255, 123, 961, 2, 3, 70, 6, 2.95),
(256, 123, 961, 2, 3, 70, 3, 1.5),
(257, 123, 961, 2, 3, 70, 6, 2.95),
(258, 124, 357, 3, 4, 30, 1, 12.95),
(259, 125, 25, 1, 2, 61, 1, 12.95),
(260, 125, 25, 1, 2, 61, 1, 12.95),
(261, 126, 423, 4, 2, 94, 3, 1.5),
(262, 126, 423, 4, 2, 94, 2, 18.95),
(263, 127, 986, 3, 2, 32, 3, 1.5),
(264, 127, 986, 3, 2, 32, 5, 2.25),
(265, 128, 686, 2, 1, 71, 4, 6.5),
(266, 128, 686, 2, 1, 71, 4, 6.5),
(267, 128, 686, 2, 1, 71, 1, 12.95),
(268, 129, 868, 3, 4, 14, 3, 1.5),
(269, 130, 820, 1, 1, 81, 2, 18.95),
(270, 130, 820, 1, 1, 81, 7, 3.95),
(271, 130, 820, 1, 1, 81, 6, 2.95),
(272, 131, 79, 4, 3, 17, 4, 6.5),
(273, 131, 79, 4, 3, 17, 2, 18.95),
(274, 132, 253, 4, 4, 58, 8, 4.5),
(275, 133, 90, 2, 1, 4, 3, 1.5),
(276, 134, 405, 2, 3, 71, 3, 1.5),
(277, 134, 405, 2, 3, 71, 8, 4.5),
(278, 135, 977, 4, 3, 53, 6, 2.95),
(279, 136, 721, 2, 3, 44, 6, 2.95),
(280, 137, 681, 3, 4, 4, 6, 2.95),
(281, 138, 529, 2, 5, 20, 2, 18.95),
(282, 138, 529, 2, 5, 20, 5, 2.25),
(283, 138, 529, 2, 5, 20, 3, 1.5),
(284, 139, 924, 3, 4, 93, 3, 1.5),
(285, 139, 924, 3, 4, 93, 8, 4.5),
(286, 139, 924, 3, 4, 93, 8, 4.5),
(287, 140, 747, 1, 5, 32, 8, 4.5),
(288, 140, 747, 1, 5, 32, 3, 1.5),
(289, 141, 323, 4, 4, 61, 1, 12.95),
(290, 141, 323, 4, 4, 61, 2, 18.95),
(291, 141, 323, 4, 4, 61, 1, 12.95),
(292, 142, 929, 4, 3, 13, 7, 3.95),
(293, 142, 929, 4, 3, 13, 7, 3.95),
(294, 142, 929, 4, 3, 13, 6, 2.95),
(295, 143, 549, 2, 5, 19, 2, 18.95),
(296, 144, 158, 1, 3, 64, 5, 2.25),
(297, 144, 158, 1, 3, 64, 7, 3.95),
(298, 144, 158, 1, 3, 64, 3, 1.5),
(299, 145, 429, 4, 4, 28, 5, 2.25),
(300, 145, 429, 4, 4, 28, 5, 2.25),
(301, 145, 429, 4, 4, 28, 8, 4.5),
(302, 146, 782, 4, 5, 19, 2, 18.95),
(303, 146, 782, 4, 5, 19, 6, 2.95),
(304, 146, 782, 4, 5, 19, 8, 4.5),
(305, 147, 361, 4, 3, 55, 5, 2.25),
(306, 147, 361, 4, 3, 55, 7, 3.95),
(307, 148, 16, 3, 5, 22, 6, 2.95),
(308, 148, 16, 3, 5, 22, 6, 2.95),
(309, 148, 16, 3, 5, 22, 4, 6.5),
(310, 149, 249, 4, 2, 71, 8, 4.5),
(311, 149, 249, 4, 2, 71, 1, 12.95),
(312, 149, 249, 4, 2, 71, 4, 6.5),
(313, 150, 450, 3, 5, 72, 8, 4.5),
(314, 150, 450, 3, 5, 72, 2, 18.95),
(315, 150, 450, 3, 5, 72, 8, 4.5),
(316, 151, 635, 4, 2, 90, 7, 3.95),
(317, 151, 635, 4, 2, 90, 5, 2.25),
(318, 151, 635, 4, 2, 90, 1, 12.95),
(319, 152, 11, 2, 4, 3, 7, 3.95),
(320, 152, 11, 2, 4, 3, 6, 2.95),
(321, 153, 880, 1, 3, 38, 2, 18.95),
(322, 153, 880, 1, 3, 38, 6, 2.95),
(323, 153, 880, 1, 3, 38, 3, 1.5),
(324, 154, 474, 3, 1, 3, 3, 1.5),
(325, 154, 474, 3, 1, 3, 1, 12.95),
(326, 155, 111, 3, 1, 19, 7, 3.95),
(327, 155, 111, 3, 1, 19, 8, 4.5),
(328, 155, 111, 3, 1, 19, 3, 1.5),
(329, 156, 984, 4, 2, 87, 5, 2.25),
(330, 156, 984, 4, 2, 87, 4, 6.5),
(331, 156, 984, 4, 2, 87, 3, 1.5),
(332, 157, 126, 1, 3, 6, 7, 3.95),
(333, 157, 126, 1, 3, 6, 1, 12.95),
(334, 158, 44, 3, 4, 80, 8, 4.5),
(335, 158, 44, 3, 4, 80, 3, 1.5),
(336, 159, 83, 3, 5, 57, 3, 1.5),
(337, 160, 254, 2, 5, 68, 2, 18.95),
(338, 160, 254, 2, 5, 68, 8, 4.5),
(339, 160, 254, 2, 5, 68, 5, 2.25),
(340, 161, 585, 3, 1, 4, 7, 3.95),
(341, 161, 585, 3, 1, 4, 1, 12.95),
(342, 161, 585, 3, 1, 4, 6, 2.95),
(343, 162, 239, 2, 1, 44, 6, 2.95),
(344, 162, 239, 2, 1, 44, 4, 6.5),
(345, 163, 543, 4, 2, 54, 1, 12.95),
(346, 163, 543, 4, 2, 54, 4, 6.5),
(347, 163, 543, 4, 2, 54, 3, 1.5),
(348, 164, 833, 3, 5, 44, 1, 12.95),
(349, 164, 833, 3, 5, 44, 3, 1.5),
(350, 164, 833, 3, 5, 44, 1, 12.95),
(351, 165, 20, 4, 1, 71, 1, 12.95),
(352, 165, 20, 4, 1, 71, 3, 1.5),
(353, 166, 53, 4, 4, 38, 7, 3.95),
(354, 166, 53, 4, 4, 38, 1, 12.95),
(355, 167, 355, 4, 4, 6, 5, 2.25),
(356, 167, 355, 4, 4, 6, 7, 3.95),
(357, 167, 355, 4, 4, 6, 4, 6.5),
(358, 168, 802, 1, 2, 3, 1, 12.95),
(359, 168, 802, 1, 2, 3, 3, 1.5),
(360, 169, 616, 3, 1, 18, 5, 2.25),
(361, 169, 616, 3, 1, 18, 7, 3.95),
(362, 170, 81, 1, 5, 48, 7, 3.95),
(363, 170, 81, 1, 5, 48, 3, 1.5),
(364, 170, 81, 1, 5, 48, 6, 2.95),
(365, 171, 826, 2, 5, 10, 1, 12.95),
(366, 171, 826, 2, 5, 10, 8, 4.5),
(367, 172, 287, 1, 2, 61, 5, 2.25),
(368, 173, 175, 4, 4, 15, 8, 4.5),
(369, 174, 945, 2, 5, 60, 1, 12.95),
(370, 174, 945, 2, 5, 60, 2, 18.95),
(371, 174, 945, 2, 5, 60, 3, 1.5),
(372, 175, 238, 1, 5, 17, 8, 4.5),
(373, 175, 238, 1, 5, 17, 2, 18.95),
(374, 176, 14, 4, 1, 55, 7, 3.95),
(375, 176, 14, 4, 1, 55, 8, 4.5),
(376, 177, 824, 3, 1, 2, 1, 12.95),
(377, 177, 824, 3, 1, 2, 5, 2.25),
(378, 177, 824, 3, 1, 2, 7, 3.95),
(379, 178, 380, 1, 3, 65, 3, 1.5),
(380, 178, 380, 1, 3, 65, 2, 18.95),
(381, 178, 380, 1, 3, 65, 2, 18.95),
(382, 179, 533, 1, 3, 49, 8, 4.5),
(383, 179, 533, 1, 3, 49, 4, 6.5),
(384, 180, 471, 1, 2, 42, 4, 6.5),
(385, 180, 471, 1, 2, 42, 5, 2.25),
(386, 181, 997, 4, 2, 81, 5, 2.25),
(387, 182, 237, 1, 2, 46, 8, 4.5),
(388, 182, 237, 1, 2, 46, 1, 12.95),
(389, 182, 237, 1, 2, 46, 8, 4.5),
(390, 183, 713, 1, 3, 5, 4, 6.5),
(391, 183, 713, 1, 3, 5, 8, 4.5),
(392, 183, 713, 1, 3, 5, 6, 2.95),
(393, 184, 162, 2, 3, 59, 8, 4.5),
(394, 184, 162, 2, 3, 59, 3, 1.5),
(395, 185, 933, 2, 4, 49, 6, 2.95),
(396, 185, 933, 2, 4, 49, 7, 3.95),
(397, 185, 933, 2, 4, 49, 2, 18.95),
(398, 186, 177, 3, 2, 92, 3, 1.5),
(399, 186, 177, 3, 2, 92, 4, 6.5),
(400, 187, 269, 3, 2, 66, 5, 2.25),
(401, 188, 431, 2, 1, 16, 6, 2.95),
(402, 188, 431, 2, 1, 16, 7, 3.95),
(403, 188, 431, 2, 1, 16, 5, 2.25),
(404, 189, 170, 1, 2, 54, 7, 3.95),
(405, 189, 170, 1, 2, 54, 3, 1.5),
(406, 190, 736, 3, 2, 85, 8, 4.5),
(407, 191, 409, 4, 5, 83, 5, 2.25),
(408, 191, 409, 4, 5, 83, 3, 1.5),
(409, 192, 912, 4, 4, 67, 8, 4.5),
(410, 193, 347, 4, 3, 96, 8, 4.5),
(411, 193, 347, 4, 3, 96, 7, 3.95),
(412, 193, 347, 4, 3, 96, 6, 2.95),
(413, 194, 5, 3, 4, 15, 5, 2.25),
(414, 194, 5, 3, 4, 15, 6, 2.95),
(415, 194, 5, 3, 4, 15, 6, 2.95),
(416, 195, 644, 4, 1, 20, 5, 2.25),
(417, 195, 644, 4, 1, 20, 4, 6.5),
(418, 195, 644, 4, 1, 20, 7, 3.95),
(419, 196, 892, 4, 3, 2, 4, 6.5),
(420, 197, 254, 2, 4, 57, 5, 2.25),
(421, 197, 254, 2, 4, 57, 7, 3.95),
(422, 197, 254, 2, 4, 57, 1, 12.95),
(423, 198, 920, 1, 5, 83, 8, 4.5),
(424, 198, 920, 1, 5, 83, 5, 2.25),
(425, 198, 920, 1, 5, 83, 5, 2.25),
(426, 199, 708, 2, 1, 20, 4, 6.5),
(427, 200, 565, 4, 5, 85, 5, 2.25),
(428, 201, 507, 2, 3, 33, 7, 3.95),
(429, 202, 645, 2, 1, 48, 2, 18.95),
(430, 202, 645, 2, 1, 48, 7, 3.95),
(431, 203, 144, 1, 1, 80, 8, 4.5),
(432, 203, 144, 1, 1, 80, 5, 2.25),
(433, 204, 230, 1, 1, 26, 2, 18.95),
(434, 204, 230, 1, 1, 26, 7, 3.95),
(435, 204, 230, 1, 1, 26, 7, 3.95),
(436, 205, 559, 1, 5, 14, 7, 3.95),
(437, 205, 559, 1, 5, 14, 4, 6.5),
(438, 206, 931, 3, 5, 67, 1, 12.95),
(439, 206, 931, 3, 5, 67, 1, 12.95),
(440, 207, 838, 2, 2, 22, 8, 4.5),
(441, 207, 838, 2, 2, 22, 5, 2.25),
(442, 208, 78, 3, 2, 33, 4, 6.5),
(443, 208, 78, 3, 2, 33, 7, 3.95),
(444, 209, 935, 3, 3, 23, 3, 1.5),
(445, 209, 935, 3, 3, 23, 4, 6.5),
(446, 209, 935, 3, 3, 23, 2, 18.95),
(447, 210, 401, 3, 3, 75, 3, 1.5),
(448, 210, 401, 3, 3, 75, 8, 4.5),
(449, 211, 359, 2, 4, 42, 7, 3.95),
(450, 211, 359, 2, 4, 42, 4, 6.5),
(451, 211, 359, 2, 4, 42, 3, 1.5),
(452, 212, 344, 1, 1, 43, 4, 6.5),
(453, 212, 344, 1, 1, 43, 1, 12.95),
(454, 212, 344, 1, 1, 43, 4, 6.5),
(455, 213, 514, 4, 5, 38, 5, 2.25),
(456, 213, 514, 4, 5, 38, 6, 2.95),
(457, 214, 487, 2, 4, 49, 3, 1.5),
(458, 215, 228, 4, 5, 86, 1, 12.95),
(459, 215, 228, 4, 5, 86, 1, 12.95),
(460, 216, 327, 1, 4, 20, 2, 18.95),
(461, 216, 327, 1, 4, 20, 1, 12.95),
(462, 217, 5, 1, 4, 37, 2, 18.95),
(463, 217, 5, 1, 4, 37, 6, 2.95),
(464, 217, 5, 1, 4, 37, 2, 18.95),
(465, 218, 896, 4, 1, 1, 2, 18.95),
(466, 219, 382, 4, 3, 90, 7, 3.95),
(467, 219, 382, 4, 3, 90, 5, 2.25),
(468, 220, 583, 3, 5, 26, 6, 2.95),
(469, 220, 583, 3, 5, 26, 5, 2.25),
(470, 220, 583, 3, 5, 26, 1, 12.95),
(471, 221, 715, 2, 4, 91, 6, 2.95),
(472, 221, 715, 2, 4, 91, 4, 6.5),
(473, 222, 660, 1, 3, 56, 1, 12.95),
(474, 223, 125, 4, 3, 88, 3, 1.5),
(475, 223, 125, 4, 3, 88, 4, 6.5),
(476, 224, 565, 2, 5, 37, 2, 18.95),
(477, 225, 935, 1, 4, 47, 4, 6.5),
(478, 226, 446, 2, 2, 74, 2, 18.95),
(479, 226, 446, 2, 2, 74, 3, 1.5),
(480, 227, 599, 4, 5, 63, 1, 12.95),
(481, 227, 599, 4, 5, 63, 3, 1.5),
(482, 228, 673, 4, 1, 50, 7, 3.95),
(483, 229, 765, 2, 4, 78, 2, 18.95),
(484, 229, 765, 2, 4, 78, 4, 6.5),
(485, 230, 802, 4, 5, 76, 5, 2.25),
(486, 230, 802, 4, 5, 76, 6, 2.95),
(487, 230, 802, 4, 5, 76, 2, 18.95),
(488, 231, 712, 3, 3, 89, 5, 2.25),
(489, 231, 712, 3, 3, 89, 8, 4.5),
(490, 232, 214, 2, 2, 55, 7, 3.95),
(491, 232, 214, 2, 2, 55, 5, 2.25),
(492, 232, 214, 2, 2, 55, 2, 18.95),
(493, 233, 135, 2, 4, 5, 6, 2.95),
(494, 234, 757, 2, 4, 83, 8, 4.5),
(495, 234, 757, 2, 4, 83, 3, 1.5),
(496, 234, 757, 2, 4, 83, 6, 2.95),
(497, 235, 557, 2, 3, 16, 6, 2.95),
(498, 235, 557, 2, 3, 16, 7, 3.95),
(499, 236, 147, 4, 4, 45, 4, 6.5),
(500, 236, 147, 4, 4, 45, 4, 6.5),
(501, 236, 147, 4, 4, 45, 5, 2.25),
(502, 237, 704, 1, 2, 86, 5, 2.25),
(503, 237, 704, 1, 2, 86, 7, 3.95),
(504, 237, 704, 1, 2, 86, 4, 6.5),
(505, 238, 5, 4, 1, 21, 4, 6.5),
(506, 238, 5, 4, 1, 21, 4, 6.5),
(507, 239, 79, 4, 3, 52, 4, 6.5),
(508, 240, 312, 3, 4, 73, 8, 4.5),
(509, 241, 863, 3, 1, 3, 5, 2.25),
(510, 242, 838, 1, 2, 27, 3, 1.5),
(511, 242, 838, 1, 2, 27, 7, 3.95),
(512, 243, 89, 1, 4, 26, 1, 12.95),
(513, 243, 89, 1, 4, 26, 8, 4.5),
(514, 244, 320, 3, 1, 47, 6, 2.95),
(515, 244, 320, 3, 1, 47, 8, 4.5),
(516, 245, 885, 1, 3, 74, 3, 1.5),
(517, 246, 344, 2, 5, 37, 7, 3.95),
(518, 247, 339, 3, 1, 53, 1, 12.95),
(519, 247, 339, 3, 1, 53, 7, 3.95),
(520, 248, 344, 4, 4, 32, 7, 3.95),
(521, 248, 344, 4, 4, 32, 1, 12.95),
(522, 249, 521, 4, 3, 55, 5, 2.25),
(523, 249, 521, 4, 3, 55, 7, 3.95),
(524, 250, 558, 3, 5, 34, 8, 4.5),
(525, 250, 558, 3, 5, 34, 4, 6.5),
(526, 250, 558, 3, 5, 34, 5, 2.25),
(527, 251, 349, 2, 5, 72, 8, 4.5),
(528, 251, 349, 2, 5, 72, 7, 3.95),
(529, 252, 828, 4, 2, 21, 7, 3.95),
(530, 252, 828, 4, 2, 21, 1, 12.95),
(531, 253, 309, 3, 5, 79, 5, 2.25),
(532, 254, 115, 3, 5, 29, 3, 1.5),
(533, 254, 115, 3, 5, 29, 4, 6.5),
(534, 255, 532, 2, 1, 40, 8, 4.5),
(535, 255, 532, 2, 1, 40, 2, 18.95),
(536, 255, 532, 2, 1, 40, 2, 18.95),
(537, 256, 699, 1, 5, 42, 3, 1.5),
(538, 256, 699, 1, 5, 42, 7, 3.95),
(539, 257, 317, 3, 5, 64, 6, 2.95),
(540, 258, 692, 1, 3, 82, 4, 6.5),
(541, 258, 692, 1, 3, 82, 5, 2.25),
(542, 258, 692, 1, 3, 82, 3, 1.5),
(543, 259, 808, 2, 3, 31, 3, 1.5),
(544, 260, 231, 4, 2, 50, 3, 1.5),
(545, 261, 904, 4, 1, 80, 5, 2.25),
(546, 261, 904, 4, 1, 80, 1, 12.95),
(547, 261, 904, 4, 1, 80, 2, 18.95),
(548, 262, 404, 2, 5, 28, 6, 2.95),
(549, 263, 357, 1, 2, 82, 2, 18.95),
(550, 264, 251, 1, 2, 53, 4, 6.5),
(551, 264, 251, 1, 2, 53, 8, 4.5),
(552, 264, 251, 1, 2, 53, 8, 4.5),
(553, 265, 560, 4, 3, 24, 2, 18.95),
(554, 266, 300, 4, 4, 95, 6, 2.95),
(555, 266, 300, 4, 4, 95, 7, 3.95),
(556, 266, 300, 4, 4, 95, 7, 3.95),
(557, 267, 168, 3, 2, 6, 4, 6.5),
(558, 267, 168, 3, 2, 6, 2, 18.95),
(559, 268, 12, 4, 1, 9, 8, 4.5),
(560, 268, 12, 4, 1, 9, 6, 2.95),
(561, 268, 12, 4, 1, 9, 4, 6.5),
(562, 269, 413, 2, 2, 27, 8, 4.5),
(563, 269, 413, 2, 2, 27, 2, 18.95),
(564, 269, 413, 2, 2, 27, 2, 18.95),
(565, 270, 46, 4, 3, 21, 4, 6.5),
(566, 271, 778, 4, 1, 44, 5, 2.25),
(567, 271, 778, 4, 1, 44, 1, 12.95),
(568, 272, 667, 2, 5, 15, 6, 2.95),
(569, 272, 667, 2, 5, 15, 2, 18.95),
(570, 273, 734, 4, 1, 47, 4, 6.5),
(571, 273, 734, 4, 1, 47, 4, 6.5),
(572, 274, 296, 4, 5, 46, 6, 2.95),
(573, 274, 296, 4, 5, 46, 4, 6.5),
(574, 275, 695, 3, 4, 56, 7, 3.95),
(575, 275, 695, 3, 4, 56, 2, 18.95),
(576, 275, 695, 3, 4, 56, 2, 18.95),
(577, 276, 510, 4, 3, 50, 7, 3.95),
(578, 276, 510, 4, 3, 50, 5, 2.25),
(579, 276, 510, 4, 3, 50, 7, 3.95),
(580, 277, 342, 2, 3, 46, 1, 12.95),
(581, 277, 342, 2, 3, 46, 6, 2.95),
(582, 278, 459, 1, 2, 93, 3, 1.5),
(583, 279, 2, 4, 5, 77, 2, 18.95),
(584, 280, 361, 4, 1, 93, 1, 12.95),
(585, 280, 361, 4, 1, 93, 5, 2.25),
(586, 280, 361, 4, 1, 93, 8, 4.5),
(587, 281, 311, 4, 2, 80, 3, 1.5),
(588, 281, 311, 4, 2, 80, 3, 1.5),
(589, 282, 782, 3, 4, 56, 5, 2.25),
(590, 283, 209, 4, 1, 34, 2, 18.95),
(591, 284, 612, 3, 3, 64, 7, 3.95),
(592, 284, 612, 3, 3, 64, 8, 4.5),
(593, 284, 612, 3, 3, 64, 1, 12.95),
(594, 285, 32, 3, 5, 87, 4, 6.5),
(595, 285, 32, 3, 5, 87, 3, 1.5),
(596, 286, 926, 3, 4, 88, 2, 18.95),
(597, 286, 926, 3, 4, 88, 8, 4.5),
(598, 287, 275, 4, 4, 64, 8, 4.5),
(599, 288, 804, 1, 1, 8, 6, 2.95),
(600, 289, 421, 1, 5, 59, 6, 2.95),
(601, 289, 421, 1, 5, 59, 7, 3.95),
(602, 289, 421, 1, 5, 59, 7, 3.95),
(603, 290, 773, 4, 4, 11, 6, 2.95),
(604, 290, 773, 4, 4, 11, 1, 12.95),
(605, 291, 262, 4, 4, 74, 5, 2.25),
(606, 291, 262, 4, 4, 74, 1, 12.95),
(607, 292, 15, 4, 1, 4, 4, 6.5),
(608, 293, 886, 2, 5, 94, 4, 6.5),
(609, 294, 986, 1, 3, 56, 1, 12.95),
(610, 294, 986, 1, 3, 56, 5, 2.25),
(611, 294, 986, 1, 3, 56, 4, 6.5),
(612, 295, 703, 2, 5, 54, 8, 4.5),
(613, 295, 703, 2, 5, 54, 1, 12.95),
(614, 295, 703, 2, 5, 54, 7, 3.95),
(615, 296, 146, 4, 1, 85, 8, 4.5),
(616, 297, 576, 2, 2, 80, 1, 12.95),
(617, 297, 576, 2, 2, 80, 6, 2.95),
(618, 298, 774, 1, 1, 5, 7, 3.95),
(619, 299, 507, 4, 1, 80, 6, 2.95),
(620, 300, 146, 3, 1, 32, 3, 1.5),
(621, 300, 146, 3, 1, 32, 3, 1.5),
(622, 301, 536, 1, 2, 47, 4, 6.5),
(623, 301, 536, 1, 2, 47, 4, 6.5),
(624, 302, 74, 1, 4, 41, 5, 2.25),
(625, 302, 74, 1, 4, 41, 2, 18.95),
(626, 302, 74, 1, 4, 41, 1, 12.95),
(627, 303, 384, 3, 4, 15, 5, 2.25),
(628, 303, 384, 3, 4, 15, 3, 1.5),
(629, 304, 727, 2, 5, 64, 8, 4.5),
(630, 304, 727, 2, 5, 64, 4, 6.5),
(631, 304, 727, 2, 5, 64, 3, 1.5),
(632, 305, 38, 2, 5, 75, 5, 2.25),
(633, 305, 38, 2, 5, 75, 2, 18.95),
(634, 306, 111, 2, 4, 8, 5, 2.25),
(635, 306, 111, 2, 4, 8, 1, 12.95),
(636, 307, 359, 4, 1, 4, 4, 6.5),
(637, 308, 947, 1, 4, 88, 6, 2.95),
(638, 309, 887, 3, 5, 72, 2, 18.95),
(639, 309, 887, 3, 5, 72, 1, 12.95),
(640, 309, 887, 3, 5, 72, 6, 2.95),
(641, 310, 997, 1, 2, 51, 8, 4.5),
(642, 311, 913, 3, 5, 47, 8, 4.5),
(643, 311, 913, 3, 5, 47, 2, 18.95),
(644, 312, 578, 4, 3, 43, 6, 2.95),
(645, 312, 578, 4, 3, 43, 5, 2.25),
(646, 312, 578, 4, 3, 43, 4, 6.5),
(647, 313, 295, 1, 5, 36, 7, 3.95),
(648, 313, 295, 1, 5, 36, 8, 4.5),
(649, 314, 238, 2, 4, 91, 2, 18.95),
(650, 315, 550, 3, 4, 73, 8, 4.5),
(651, 316, 692, 3, 4, 47, 1, 12.95),
(652, 316, 692, 3, 4, 47, 4, 6.5),
(653, 316, 692, 3, 4, 47, 2, 18.95),
(654, 317, 512, 2, 3, 38, 1, 12.95),
(655, 317, 512, 2, 3, 38, 8, 4.5),
(656, 317, 512, 2, 3, 38, 5, 2.25),
(657, 318, 557, 1, 3, 16, 4, 6.5),
(658, 318, 557, 1, 3, 16, 3, 1.5),
(659, 318, 557, 1, 3, 16, 6, 2.95),
(660, 319, 873, 2, 5, 90, 1, 12.95),
(661, 320, 763, 3, 3, 95, 8, 4.5),
(662, 321, 482, 1, 4, 82, 8, 4.5),
(663, 321, 482, 1, 4, 82, 7, 3.95),
(664, 321, 482, 1, 4, 82, 1, 12.95),
(665, 322, 854, 3, 2, 96, 5, 2.25),
(666, 322, 854, 3, 2, 96, 1, 12.95),
(667, 322, 854, 3, 2, 96, 5, 2.25),
(668, 323, 788, 4, 4, 2, 5, 2.25),
(669, 324, 129, 4, 5, 38, 5, 2.25),
(670, 324, 129, 4, 5, 38, 7, 3.95),
(671, 324, 129, 4, 5, 38, 2, 18.95),
(672, 325, 908, 3, 2, 29, 2, 18.95),
(673, 326, 304, 3, 2, 48, 8, 4.5),
(674, 327, 974, 1, 5, 64, 5, 2.25),
(675, 328, 127, 4, 2, 47, 6, 2.95),
(676, 328, 127, 4, 2, 47, 7, 3.95),
(677, 328, 127, 4, 2, 47, 7, 3.95),
(678, 329, 736, 1, 1, 77, 5, 2.25),
(679, 330, 128, 2, 1, 1, 2, 18.95),
(680, 331, 317, 4, 2, 17, 6, 2.95),
(681, 331, 317, 4, 2, 17, 6, 2.95),
(682, 332, 350, 2, 3, 19, 2, 18.95),
(683, 332, 350, 2, 3, 19, 5, 2.25),
(684, 332, 350, 2, 3, 19, 1, 12.95),
(685, 333, 954, 4, 1, 37, 6, 2.95),
(686, 333, 954, 4, 1, 37, 8, 4.5),
(687, 333, 954, 4, 1, 37, 4, 6.5),
(688, 334, 896, 3, 4, 41, 1, 12.95),
(689, 335, 327, 3, 2, 43, 6, 2.95),
(690, 335, 327, 3, 2, 43, 4, 6.5),
(691, 335, 327, 3, 2, 43, 2, 18.95),
(692, 336, 541, 1, 1, 69, 5, 2.25),
(693, 336, 541, 1, 1, 69, 5, 2.25),
(694, 337, 469, 2, 1, 40, 1, 12.95),
(695, 337, 469, 2, 1, 40, 6, 2.95),
(696, 338, 168, 1, 2, 72, 4, 6.5),
(697, 338, 168, 1, 2, 72, 8, 4.5),
(698, 339, 526, 1, 1, 53, 1, 12.95),
(699, 339, 526, 1, 1, 53, 2, 18.95),
(700, 339, 526, 1, 1, 53, 2, 18.95),
(701, 340, 639, 2, 2, 56, 3, 1.5),
(702, 340, 639, 2, 2, 56, 7, 3.95),
(703, 341, 603, 1, 2, 62, 2, 18.95),
(704, 341, 603, 1, 2, 62, 6, 2.95),
(705, 341, 603, 1, 2, 62, 8, 4.5),
(706, 342, 518, 1, 1, 43, 4, 6.5),
(707, 343, 836, 2, 2, 59, 6, 2.95),
(708, 343, 836, 2, 2, 59, 6, 2.95),
(709, 343, 836, 2, 2, 59, 8, 4.5),
(710, 344, 125, 2, 4, 9, 2, 18.95),
(711, 344, 125, 2, 4, 9, 2, 18.95),
(712, 345, 240, 1, 2, 89, 6, 2.95),
(713, 345, 240, 1, 2, 89, 6, 2.95),
(714, 346, 508, 2, 4, 14, 7, 3.95),
(715, 346, 508, 2, 4, 14, 2, 18.95),
(716, 347, 521, 2, 4, 96, 1, 12.95),
(717, 347, 521, 2, 4, 96, 4, 6.5),
(718, 348, 661, 3, 5, 28, 2, 18.95),
(719, 348, 661, 3, 5, 28, 2, 18.95),
(720, 349, 265, 1, 5, 55, 8, 4.5),
(721, 350, 936, 4, 2, 52, 1, 12.95),
(722, 350, 936, 4, 2, 52, 3, 1.5),
(723, 351, 101, 1, 1, 89, 6, 2.95),
(724, 351, 101, 1, 1, 89, 5, 2.25),
(725, 351, 101, 1, 1, 89, 4, 6.5),
(726, 352, 586, 3, 4, 25, 6, 2.95),
(727, 353, 581, 3, 3, 66, 6, 2.95),
(728, 353, 581, 3, 3, 66, 6, 2.95),
(729, 353, 581, 3, 3, 66, 1, 12.95),
(730, 354, 601, 4, 1, 14, 2, 18.95),
(731, 354, 601, 4, 1, 14, 7, 3.95),
(732, 355, 620, 1, 2, 79, 4, 6.5),
(733, 356, 578, 4, 4, 75, 8, 4.5),
(734, 357, 333, 3, 2, 6, 3, 1.5),
(735, 358, 776, 3, 1, 24, 2, 18.95),
(736, 358, 776, 3, 1, 24, 3, 1.5),
(737, 358, 776, 3, 1, 24, 7, 3.95),
(738, 359, 421, 3, 5, 74, 6, 2.95),
(739, 359, 421, 3, 5, 74, 6, 2.95),
(740, 359, 421, 3, 5, 74, 8, 4.5),
(741, 360, 298, 2, 4, 89, 6, 2.95),
(742, 361, 306, 2, 3, 87, 6, 2.95),
(743, 361, 306, 2, 3, 87, 1, 12.95),
(744, 362, 286, 3, 3, 75, 5, 2.25),
(745, 362, 286, 3, 3, 75, 5, 2.25),
(746, 363, 8, 1, 2, 16, 4, 6.5),
(747, 364, 515, 1, 3, 46, 2, 18.95),
(748, 364, 515, 1, 3, 46, 1, 12.95),
(749, 364, 515, 1, 3, 46, 3, 1.5),
(750, 365, 860, 1, 1, 69, 5, 2.25),
(751, 366, 331, 4, 1, 89, 2, 18.95),
(752, 366, 331, 4, 1, 89, 7, 3.95),
(753, 367, 441, 3, 2, 88, 4, 6.5),
(754, 367, 441, 3, 2, 88, 5, 2.25),
(755, 367, 441, 3, 2, 88, 8, 4.5),
(756, 368, 453, 1, 5, 54, 6, 2.95),
(757, 368, 453, 1, 5, 54, 6, 2.95),
(758, 369, 637, 1, 1, 23, 5, 2.25),
(759, 369, 637, 1, 1, 23, 3, 1.5),
(760, 369, 637, 1, 1, 23, 5, 2.25),
(761, 370, 678, 1, 1, 54, 7, 3.95),
(762, 371, 199, 2, 4, 44, 5, 2.25),
(763, 371, 199, 2, 4, 44, 8, 4.5),
(764, 372, 104, 1, 4, 39, 1, 12.95),
(765, 373, 888, 1, 4, 75, 2, 18.95),
(766, 373, 888, 1, 4, 75, 7, 3.95),
(767, 373, 888, 1, 4, 75, 6, 2.95),
(768, 374, 166, 2, 5, 43, 6, 2.95),
(769, 375, 561, 1, 1, 55, 6, 2.95),
(770, 376, 257, 2, 3, 37, 5, 2.25),
(771, 376, 257, 2, 3, 37, 3, 1.5),
(772, 377, 806, 3, 5, 41, 3, 1.5),
(773, 377, 806, 3, 5, 41, 5, 2.25),
(774, 378, 853, 3, 5, 46, 3, 1.5),
(775, 378, 853, 3, 5, 46, 3, 1.5),
(776, 378, 853, 3, 5, 46, 2, 18.95),
(777, 379, 900, 2, 1, 85, 7, 3.95),
(778, 379, 900, 2, 1, 85, 6, 2.95),
(779, 380, 21, 1, 4, 65, 2, 18.95),
(780, 380, 21, 1, 4, 65, 7, 3.95),
(781, 380, 21, 1, 4, 65, 8, 4.5),
(782, 381, 552, 1, 3, 58, 8, 4.5),
(783, 381, 552, 1, 3, 58, 4, 6.5),
(784, 382, 567, 1, 5, 2, 6, 2.95),
(785, 382, 567, 1, 5, 2, 6, 2.95),
(786, 383, 405, 2, 1, 91, 4, 6.5),
(787, 384, 739, 1, 4, 72, 7, 3.95),
(788, 384, 739, 1, 4, 72, 7, 3.95),
(789, 384, 739, 1, 4, 72, 4, 6.5),
(790, 385, 701, 1, 1, 68, 6, 2.95),
(791, 385, 701, 1, 1, 68, 4, 6.5),
(792, 386, 761, 4, 2, 62, 5, 2.25),
(793, 386, 761, 4, 2, 62, 6, 2.95),
(794, 386, 761, 4, 2, 62, 6, 2.95),
(795, 387, 154, 3, 3, 65, 6, 2.95),
(796, 387, 154, 3, 3, 65, 8, 4.5),
(797, 387, 154, 3, 3, 65, 8, 4.5),
(798, 388, 586, 3, 3, 81, 4, 6.5),
(799, 388, 586, 3, 3, 81, 8, 4.5),
(800, 389, 170, 1, 3, 63, 1, 12.95),
(801, 389, 170, 1, 3, 63, 2, 18.95),
(802, 390, 377, 3, 1, 32, 4, 6.5),
(803, 390, 377, 3, 1, 32, 1, 12.95),
(804, 390, 377, 3, 1, 32, 1, 12.95),
(805, 391, 32, 3, 1, 91, 8, 4.5),
(806, 391, 32, 3, 1, 91, 8, 4.5),
(807, 392, 432, 2, 3, 42, 1, 12.95),
(808, 392, 432, 2, 3, 42, 4, 6.5),
(809, 392, 432, 2, 3, 42, 8, 4.5),
(810, 393, 117, 4, 2, 11, 3, 1.5),
(811, 393, 117, 4, 2, 11, 1, 12.95),
(812, 393, 117, 4, 2, 11, 7, 3.95),
(813, 394, 461, 1, 4, 32, 2, 18.95),
(814, 394, 461, 1, 4, 32, 8, 4.5),
(815, 394, 461, 1, 4, 32, 6, 2.95),
(816, 395, 206, 4, 3, 53, 8, 4.5),
(817, 396, 295, 1, 1, 36, 7, 3.95),
(818, 397, 470, 1, 1, 84, 5, 2.25),
(819, 397, 470, 1, 1, 84, 7, 3.95),
(820, 397, 470, 1, 1, 84, 1, 12.95),
(821, 398, 777, 1, 5, 7, 4, 6.5),
(822, 398, 777, 1, 5, 7, 1, 12.95),
(823, 398, 777, 1, 5, 7, 6, 2.95),
(824, 399, 501, 4, 3, 43, 3, 1.5),
(825, 400, 511, 1, 3, 82, 8, 4.5),
(826, 401, 729, 4, 5, 24, 3, 1.5),
(827, 401, 729, 4, 5, 24, 6, 2.95),
(828, 402, 908, 1, 4, 53, 4, 6.5),
(829, 403, 364, 2, 2, 75, 1, 12.95),
(830, 403, 364, 2, 2, 75, 2, 18.95),
(831, 404, 693, 3, 1, 72, 4, 6.5),
(832, 405, 126, 4, 5, 47, 2, 18.95),
(833, 405, 126, 4, 5, 47, 6, 2.95),
(834, 405, 126, 4, 5, 47, 7, 3.95),
(835, 406, 985, 1, 4, 32, 3, 1.5),
(836, 407, 116, 3, 2, 19, 7, 3.95),
(837, 407, 116, 3, 2, 19, 8, 4.5),
(838, 407, 116, 3, 2, 19, 7, 3.95),
(839, 408, 557, 1, 2, 96, 8, 4.5),
(840, 408, 557, 1, 2, 96, 4, 6.5),
(841, 409, 799, 4, 1, 26, 6, 2.95),
(842, 409, 799, 4, 1, 26, 8, 4.5),
(843, 409, 799, 4, 1, 26, 6, 2.95),
(844, 410, 678, 1, 5, 1, 7, 3.95),
(845, 410, 678, 1, 5, 1, 6, 2.95),
(846, 410, 678, 1, 5, 1, 3, 1.5),
(847, 411, 822, 3, 1, 89, 5, 2.25),
(848, 412, 408, 4, 4, 57, 1, 12.95),
(849, 413, 330, 4, 2, 59, 2, 18.95),
(850, 413, 330, 4, 2, 59, 8, 4.5),
(851, 414, 753, 4, 3, 62, 4, 6.5),
(852, 414, 753, 4, 3, 62, 5, 2.25),
(853, 415, 822, 2, 4, 33, 3, 1.5),
(854, 416, 901, 3, 4, 47, 8, 4.5),
(855, 416, 901, 3, 4, 47, 6, 2.95),
(856, 417, 920, 4, 1, 61, 2, 18.95),
(857, 417, 920, 4, 1, 61, 6, 2.95),
(858, 417, 920, 4, 1, 61, 4, 6.5),
(859, 418, 154, 2, 5, 38, 6, 2.95),
(860, 418, 154, 2, 5, 38, 6, 2.95),
(861, 418, 154, 2, 5, 38, 2, 18.95),
(862, 419, 932, 4, 1, 7, 6, 2.95),
(863, 419, 932, 4, 1, 7, 1, 12.95),
(864, 419, 932, 4, 1, 7, 2, 18.95),
(865, 420, 257, 4, 3, 17, 4, 6.5),
(866, 420, 257, 4, 3, 17, 4, 6.5),
(867, 421, 315, 2, 2, 25, 1, 12.95),
(868, 421, 315, 2, 2, 25, 8, 4.5),
(869, 422, 502, 2, 4, 50, 6, 2.95),
(870, 422, 502, 2, 4, 50, 8, 4.5),
(871, 422, 502, 2, 4, 50, 4, 6.5),
(872, 423, 798, 3, 1, 9, 7, 3.95),
(873, 423, 798, 3, 1, 9, 8, 4.5),
(874, 424, 472, 2, 4, 34, 4, 6.5),
(875, 424, 472, 2, 4, 34, 2, 18.95),
(876, 424, 472, 2, 4, 34, 5, 2.25),
(877, 425, 356, 2, 1, 3, 7, 3.95),
(878, 426, 129, 4, 2, 44, 6, 2.95),
(879, 426, 129, 4, 2, 44, 2, 18.95),
(880, 427, 845, 2, 4, 76, 8, 4.5),
(881, 427, 845, 2, 4, 76, 7, 3.95),
(882, 427, 845, 2, 4, 76, 3, 1.5),
(883, 428, 394, 3, 5, 50, 8, 4.5),
(884, 429, 146, 4, 1, 49, 4, 6.5),
(885, 430, 51, 3, 3, 56, 1, 12.95),
(886, 430, 51, 3, 3, 56, 3, 1.5),
(887, 431, 468, 2, 2, 13, 5, 2.25),
(888, 431, 468, 2, 2, 13, 1, 12.95),
(889, 431, 468, 2, 2, 13, 6, 2.95),
(890, 432, 365, 4, 4, 96, 4, 6.5),
(891, 432, 365, 4, 4, 96, 2, 18.95),
(892, 433, 267, 2, 4, 41, 2, 18.95),
(893, 433, 267, 2, 4, 41, 7, 3.95),
(894, 433, 267, 2, 4, 41, 7, 3.95),
(895, 434, 192, 1, 1, 61, 3, 1.5),
(896, 435, 344, 1, 5, 78, 7, 3.95),
(897, 435, 344, 1, 5, 78, 4, 6.5),
(898, 435, 344, 1, 5, 78, 1, 12.95),
(899, 436, 445, 2, 1, 57, 3, 1.5),
(900, 437, 713, 1, 2, 35, 3, 1.5),
(901, 437, 713, 1, 2, 35, 7, 3.95),
(902, 437, 713, 1, 2, 35, 7, 3.95),
(903, 438, 649, 3, 1, 19, 4, 6.5),
(904, 438, 649, 3, 1, 19, 2, 18.95),
(905, 439, 895, 4, 1, 69, 1, 12.95),
(906, 439, 895, 4, 1, 69, 4, 6.5),
(907, 440, 707, 1, 1, 64, 7, 3.95),
(908, 440, 707, 1, 1, 64, 5, 2.25),
(909, 441, 82, 3, 2, 10, 3, 1.5),
(910, 441, 82, 3, 2, 10, 7, 3.95),
(911, 441, 82, 3, 2, 10, 8, 4.5),
(912, 442, 702, 4, 4, 51, 4, 6.5),
(913, 442, 702, 4, 4, 51, 8, 4.5),
(914, 443, 162, 3, 2, 18, 8, 4.5),
(915, 443, 162, 3, 2, 18, 3, 1.5),
(916, 444, 869, 3, 1, 71, 7, 3.95),
(917, 444, 869, 3, 1, 71, 8, 4.5),
(918, 445, 57, 2, 3, 45, 1, 12.95),
(919, 445, 57, 2, 3, 45, 8, 4.5),
(920, 445, 57, 2, 3, 45, 4, 6.5),
(921, 446, 751, 1, 1, 10, 5, 2.25),
(922, 447, 860, 3, 4, 64, 5, 2.25),
(923, 447, 860, 3, 4, 64, 6, 2.95),
(924, 448, 296, 3, 4, 26, 2, 18.95),
(925, 449, 833, 2, 1, 53, 5, 2.25),
(926, 450, 613, 3, 4, 51, 3, 1.5),
(927, 450, 613, 3, 4, 51, 7, 3.95),
(928, 450, 613, 3, 4, 51, 2, 18.95),
(929, 451, 494, 3, 4, 32, 6, 2.95),
(930, 452, 2, 3, 1, 78, 7, 3.95),
(931, 453, 907, 3, 4, 6, 7, 3.95),
(932, 453, 907, 3, 4, 6, 6, 2.95),
(933, 453, 907, 3, 4, 6, 8, 4.5),
(934, 454, 383, 3, 3, 35, 3, 1.5),
(935, 454, 383, 3, 3, 35, 4, 6.5),
(936, 454, 383, 3, 3, 35, 4, 6.5),
(937, 455, 737, 3, 5, 4, 4, 6.5),
(938, 455, 737, 3, 5, 4, 7, 3.95),
(939, 455, 737, 3, 5, 4, 1, 12.95),
(940, 456, 931, 4, 2, 62, 3, 1.5),
(941, 457, 342, 2, 2, 86, 7, 3.95),
(942, 458, 534, 2, 2, 43, 8, 4.5),
(943, 458, 534, 2, 2, 43, 3, 1.5),
(944, 459, 214, 4, 3, 67, 4, 6.5),
(945, 460, 856, 4, 1, 72, 4, 6.5),
(946, 460, 856, 4, 1, 72, 8, 4.5),
(947, 460, 856, 4, 1, 72, 2, 18.95),
(948, 461, 193, 4, 2, 91, 2, 18.95),
(949, 461, 193, 4, 2, 91, 7, 3.95),
(950, 461, 193, 4, 2, 91, 6, 2.95),
(951, 462, 936, 2, 1, 12, 1, 12.95),
(952, 462, 936, 2, 1, 12, 1, 12.95),
(953, 462, 936, 2, 1, 12, 6, 2.95),
(954, 463, 746, 1, 5, 9, 5, 2.25),
(955, 464, 366, 1, 3, 63, 8, 4.5),
(956, 464, 366, 1, 3, 63, 2, 18.95),
(957, 465, 597, 2, 2, 22, 7, 3.95),
(958, 466, 904, 4, 1, 10, 3, 1.5),
(959, 466, 904, 4, 1, 10, 7, 3.95),
(960, 466, 904, 4, 1, 10, 3, 1.5),
(961, 467, 710, 3, 4, 43, 1, 12.95),
(962, 467, 710, 3, 4, 43, 3, 1.5),
(963, 468, 802, 4, 3, 85, 4, 6.5),
(964, 469, 245, 4, 1, 48, 8, 4.5),
(965, 470, 943, 1, 5, 54, 7, 3.95),
(966, 470, 943, 1, 5, 54, 6, 2.95),
(967, 471, 338, 3, 5, 96, 7, 3.95),
(968, 471, 338, 3, 5, 96, 7, 3.95),
(969, 471, 338, 3, 5, 96, 3, 1.5),
(970, 472, 405, 1, 5, 28, 2, 18.95),
(971, 472, 405, 1, 5, 28, 7, 3.95),
(972, 472, 405, 1, 5, 28, 3, 1.5),
(973, 473, 489, 2, 4, 59, 4, 6.5),
(974, 473, 489, 2, 4, 59, 1, 12.95),
(975, 473, 489, 2, 4, 59, 7, 3.95),
(976, 474, 807, 1, 3, 92, 7, 3.95),
(977, 474, 807, 1, 3, 92, 7, 3.95),
(978, 474, 807, 1, 3, 92, 8, 4.5),
(979, 475, 139, 2, 5, 62, 8, 4.5),
(980, 476, 591, 4, 1, 35, 4, 6.5),
(981, 477, 970, 3, 1, 87, 4, 6.5),
(982, 477, 970, 3, 1, 87, 3, 1.5),
(983, 477, 970, 3, 1, 87, 5, 2.25),
(984, 478, 519, 4, 1, 43, 4, 6.5),
(985, 478, 519, 4, 1, 43, 7, 3.95),
(986, 478, 519, 4, 1, 43, 8, 4.5),
(987, 479, 474, 3, 3, 71, 6, 2.95),
(988, 479, 474, 3, 3, 71, 7, 3.95),
(989, 480, 954, 3, 2, 33, 6, 2.95),
(990, 481, 809, 4, 2, 27, 3, 1.5),
(991, 481, 809, 4, 2, 27, 3, 1.5),
(992, 482, 827, 4, 1, 96, 7, 3.95),
(993, 482, 827, 4, 1, 96, 7, 3.95),
(994, 482, 827, 4, 1, 96, 8, 4.5),
(995, 483, 77, 3, 3, 40, 6, 2.95),
(996, 484, 716, 4, 4, 95, 2, 18.95),
(997, 484, 716, 4, 4, 95, 5, 2.25),
(998, 484, 716, 4, 4, 95, 5, 2.25),
(999, 485, 438, 2, 3, 84, 1, 12.95),
(1000, 485, 438, 2, 3, 84, 1, 12.95),
(1001, 486, 493, 3, 3, 19, 8, 4.5),
(1002, 486, 493, 3, 3, 19, 1, 12.95),
(1003, 487, 545, 4, 5, 36, 6, 2.95),
(1004, 487, 545, 4, 5, 36, 8, 4.5),
(1005, 488, 581, 1, 3, 77, 8, 4.5),
(1006, 489, 346, 1, 3, 80, 6, 2.95),
(1007, 489, 346, 1, 3, 80, 7, 3.95),
(1008, 490, 818, 1, 2, 58, 4, 6.5),
(1009, 490, 818, 1, 2, 58, 7, 3.95),
(1010, 491, 573, 3, 4, 17, 1, 12.95),
(1011, 492, 394, 3, 4, 9, 1, 12.95),
(1012, 492, 394, 3, 4, 9, 7, 3.95),
(1013, 493, 816, 1, 2, 38, 6, 2.95),
(1014, 493, 816, 1, 2, 38, 5, 2.25),
(1015, 493, 816, 1, 2, 38, 8, 4.5),
(1016, 494, 596, 3, 3, 78, 6, 2.95),
(1017, 494, 596, 3, 3, 78, 7, 3.95),
(1018, 495, 458, 1, 1, 20, 1, 12.95),
(1019, 496, 330, 2, 1, 73, 4, 6.5),
(1020, 496, 330, 2, 1, 73, 1, 12.95),
(1021, 497, 807, 4, 5, 37, 4, 6.5),
(1022, 497, 807, 4, 5, 37, 7, 3.95),
(1023, 497, 807, 4, 5, 37, 7, 3.95),
(1024, 498, 387, 3, 3, 40, 7, 3.95),
(1025, 498, 387, 3, 3, 40, 8, 4.5),
(1026, 499, 525, 1, 2, 62, 6, 2.95),
(1027, 500, 154, 1, 1, 52, 5, 2.25),
(1028, 501, 528, 4, 3, 62, 7, 3.95),
(1029, 502, 45, 1, 3, 36, 7, 3.95),
(1030, 502, 45, 1, 3, 36, 7, 3.95),
(1031, 503, 751, 3, 1, 75, 6, 2.95),
(1032, 503, 751, 3, 1, 75, 3, 1.5),
(1033, 504, 294, 4, 4, 36, 2, 18.95),
(1034, 504, 294, 4, 4, 36, 3, 1.5),
(1035, 505, 830, 1, 2, 24, 3, 1.5),
(1036, 505, 830, 1, 2, 24, 2, 18.95),
(1037, 506, 903, 1, 3, 93, 4, 6.5),
(1038, 507, 804, 1, 2, 11, 8, 4.5),
(1039, 508, 422, 3, 1, 49, 3, 1.5),
(1040, 508, 422, 3, 1, 49, 7, 3.95),
(1041, 508, 422, 3, 1, 49, 6, 2.95),
(1042, 509, 486, 2, 5, 29, 5, 2.25),
(1043, 509, 486, 2, 5, 29, 6, 2.95),
(1044, 509, 486, 2, 5, 29, 1, 12.95),
(1045, 510, 358, 2, 2, 77, 1, 12.95),
(1046, 510, 358, 2, 2, 77, 8, 4.5),
(1047, 510, 358, 2, 2, 77, 4, 6.5),
(1048, 511, 507, 1, 4, 61, 4, 6.5),
(1049, 511, 507, 1, 4, 61, 7, 3.95),
(1050, 512, 141, 1, 4, 30, 5, 2.25),
(1051, 513, 113, 2, 2, 7, 8, 4.5),
(1052, 514, 962, 4, 5, 91, 4, 6.5),
(1053, 514, 962, 4, 5, 91, 6, 2.95),
(1054, 515, 228, 4, 1, 51, 8, 4.5),
(1055, 515, 228, 4, 1, 51, 5, 2.25),
(1056, 516, 358, 3, 3, 14, 5, 2.25),
(1057, 517, 971, 1, 4, 85, 2, 18.95),
(1058, 518, 606, 1, 4, 50, 8, 4.5),
(1059, 518, 606, 1, 4, 50, 1, 12.95),
(1060, 518, 606, 1, 4, 50, 6, 2.95),
(1061, 519, 698, 4, 2, 51, 1, 12.95),
(1062, 519, 698, 4, 2, 51, 1, 12.95),
(1063, 519, 698, 4, 2, 51, 8, 4.5),
(1064, 520, 710, 1, 3, 25, 6, 2.95),
(1065, 520, 710, 1, 3, 25, 6, 2.95),
(1066, 521, 803, 2, 1, 87, 4, 6.5),
(1067, 521, 803, 2, 1, 87, 6, 2.95),
(1068, 521, 803, 2, 1, 87, 8, 4.5),
(1069, 522, 444, 2, 2, 33, 3, 1.5),
(1070, 523, 359, 4, 2, 35, 8, 4.5),
(1071, 524, 308, 4, 1, 56, 1, 12.95),
(1072, 524, 308, 4, 1, 56, 1, 12.95),
(1073, 524, 308, 4, 1, 56, 2, 18.95),
(1074, 525, 51, 4, 2, 81, 6, 2.95),
(1075, 526, 565, 4, 4, 24, 6, 2.95),
(1076, 527, 21, 2, 4, 61, 2, 18.95),
(1077, 527, 21, 2, 4, 61, 8, 4.5),
(1078, 528, 865, 1, 5, 2, 1, 12.95),
(1079, 528, 865, 1, 5, 2, 7, 3.95),
(1080, 528, 865, 1, 5, 2, 6, 2.95),
(1081, 529, 496, 2, 4, 84, 5, 2.25),
(1082, 529, 496, 2, 4, 84, 8, 4.5),
(1083, 529, 496, 2, 4, 84, 7, 3.95),
(1084, 530, 925, 3, 5, 48, 2, 18.95),
(1085, 531, 232, 1, 1, 21, 5, 2.25),
(1086, 531, 232, 1, 1, 21, 6, 2.95),
(1087, 532, 453, 2, 1, 60, 6, 2.95),
(1088, 532, 453, 2, 1, 60, 6, 2.95),
(1089, 533, 703, 1, 4, 93, 6, 2.95),
(1090, 533, 703, 1, 4, 93, 5, 2.25),
(1091, 534, 458, 3, 5, 73, 6, 2.95),
(1092, 535, 821, 3, 5, 71, 5, 2.25),
(1093, 535, 821, 3, 5, 71, 4, 6.5),
(1094, 535, 821, 3, 5, 71, 1, 12.95),
(1095, 536, 311, 3, 4, 57, 6, 2.95),
(1096, 536, 311, 3, 4, 57, 7, 3.95),
(1097, 536, 311, 3, 4, 57, 7, 3.95),
(1098, 537, 329, 3, 3, 96, 6, 2.95),
(1099, 537, 329, 3, 3, 96, 8, 4.5),
(1100, 538, 310, 2, 3, 2, 4, 6.5),
(1101, 538, 310, 2, 3, 2, 2, 18.95),
(1102, 538, 310, 2, 3, 2, 7, 3.95),
(1103, 539, 784, 2, 5, 50, 4, 6.5),
(1104, 539, 784, 2, 5, 50, 4, 6.5),
(1105, 540, 758, 3, 4, 32, 3, 1.5),
(1106, 540, 758, 3, 4, 32, 3, 1.5),
(1107, 541, 385, 2, 2, 9, 6, 2.95),
(1108, 541, 385, 2, 2, 9, 6, 2.95),
(1109, 542, 183, 4, 3, 22, 1, 12.95),
(1110, 542, 183, 4, 3, 22, 6, 2.95),
(1111, 543, 53, 2, 5, 17, 1, 12.95),
(1112, 544, 174, 2, 3, 65, 3, 1.5),
(1113, 544, 174, 2, 3, 65, 8, 4.5),
(1114, 545, 627, 1, 5, 73, 7, 3.95),
(1115, 545, 627, 1, 5, 73, 7, 3.95),
(1116, 545, 627, 1, 5, 73, 2, 18.95),
(1117, 546, 295, 2, 1, 87, 3, 1.5),
(1118, 547, 874, 1, 3, 23, 7, 3.95),
(1119, 547, 874, 1, 3, 23, 7, 3.95),
(1120, 548, 678, 2, 2, 32, 4, 6.5),
(1121, 548, 678, 2, 2, 32, 6, 2.95),
(1122, 548, 678, 2, 2, 32, 6, 2.95),
(1123, 549, 265, 1, 1, 54, 6, 2.95),
(1124, 549, 265, 1, 1, 54, 7, 3.95),
(1125, 550, 69, 2, 2, 28, 1, 12.95),
(1126, 550, 69, 2, 2, 28, 5, 2.25),
(1127, 551, 707, 3, 2, 43, 8, 4.5),
(1128, 552, 739, 3, 1, 20, 8, 4.5),
(1129, 552, 739, 3, 1, 20, 2, 18.95),
(1130, 552, 739, 3, 1, 20, 6, 2.95),
(1131, 553, 541, 2, 3, 55, 3, 1.5),
(1132, 554, 849, 3, 4, 65, 1, 12.95),
(1133, 555, 766, 4, 1, 83, 3, 1.5),
(1134, 555, 766, 4, 1, 83, 5, 2.25),
(1135, 555, 766, 4, 1, 83, 1, 12.95),
(1136, 556, 935, 4, 1, 77, 5, 2.25),
(1137, 557, 19, 2, 4, 40, 2, 18.95),
(1138, 557, 19, 2, 4, 40, 8, 4.5),
(1139, 557, 19, 2, 4, 40, 3, 1.5),
(1140, 558, 343, 4, 4, 74, 1, 12.95),
(1141, 558, 343, 4, 4, 74, 2, 18.95),
(1142, 559, 575, 4, 2, 91, 5, 2.25),
(1143, 559, 575, 4, 2, 91, 8, 4.5),
(1144, 560, 923, 2, 3, 49, 1, 12.95),
(1145, 560, 923, 2, 3, 49, 2, 18.95),
(1146, 561, 263, 1, 3, 25, 2, 18.95),
(1147, 562, 180, 2, 1, 83, 3, 1.5),
(1148, 562, 180, 2, 1, 83, 6, 2.95),
(1149, 562, 180, 2, 1, 83, 7, 3.95),
(1150, 563, 207, 1, 3, 40, 6, 2.95),
(1151, 563, 207, 1, 3, 40, 5, 2.25),
(1152, 564, 2, 1, 3, 24, 5, 2.25),
(1153, 564, 2, 1, 3, 24, 8, 4.5),
(1154, 564, 2, 1, 3, 24, 7, 3.95),
(1155, 565, 290, 3, 3, 96, 5, 2.25),
(1156, 565, 290, 3, 3, 96, 4, 6.5),
(1157, 565, 290, 3, 3, 96, 8, 4.5),
(1158, 566, 494, 2, 3, 81, 3, 1.5),
(1159, 566, 494, 2, 3, 81, 2, 18.95),
(1160, 567, 122, 3, 1, 80, 2, 18.95),
(1161, 567, 122, 3, 1, 80, 2, 18.95),
(1162, 567, 122, 3, 1, 80, 1, 12.95),
(1163, 568, 788, 2, 5, 87, 2, 18.95),
(1164, 568, 788, 2, 5, 87, 5, 2.25),
(1165, 569, 696, 2, 2, 3, 5, 2.25),
(1166, 569, 696, 2, 2, 3, 8, 4.5),
(1167, 569, 696, 2, 2, 3, 2, 18.95),
(1168, 570, 852, 3, 1, 1, 8, 4.5),
(1169, 571, 554, 4, 5, 56, 7, 3.95),
(1170, 571, 554, 4, 5, 56, 7, 3.95),
(1171, 572, 480, 4, 5, 92, 6, 2.95),
(1172, 572, 480, 4, 5, 92, 2, 18.95),
(1173, 573, 396, 4, 2, 72, 3, 1.5),
(1174, 573, 396, 4, 2, 72, 4, 6.5),
(1175, 573, 396, 4, 2, 72, 4, 6.5),
(1176, 574, 241, 4, 5, 96, 6, 2.95),
(1177, 574, 241, 4, 5, 96, 4, 6.5),
(1178, 574, 241, 4, 5, 96, 8, 4.5),
(1179, 575, 907, 3, 2, 4, 7, 3.95),
(1180, 576, 271, 1, 2, 10, 3, 1.5),
(1181, 577, 593, 1, 1, 84, 3, 1.5),
(1182, 577, 593, 1, 1, 84, 3, 1.5),
(1183, 577, 593, 1, 1, 84, 2, 18.95),
(1184, 578, 944, 2, 3, 27, 5, 2.25),
(1185, 578, 944, 2, 3, 27, 5, 2.25),
(1186, 579, 108, 3, 3, 26, 3, 1.5),
(1187, 580, 484, 2, 4, 41, 1, 12.95),
(1188, 580, 484, 2, 4, 41, 4, 6.5),
(1189, 580, 484, 2, 4, 41, 6, 2.95),
(1190, 581, 872, 4, 3, 57, 7, 3.95),
(1191, 581, 872, 4, 3, 57, 2, 18.95),
(1192, 581, 872, 4, 3, 57, 1, 12.95),
(1193, 582, 365, 1, 5, 38, 8, 4.5),
(1194, 582, 365, 1, 5, 38, 7, 3.95),
(1195, 583, 399, 4, 4, 78, 5, 2.25),
(1196, 584, 642, 2, 1, 21, 8, 4.5),
(1197, 584, 642, 2, 1, 21, 6, 2.95),
(1198, 584, 642, 2, 1, 21, 2, 18.95),
(1199, 585, 694, 1, 2, 40, 8, 4.5),
(1200, 586, 138, 1, 4, 73, 2, 18.95),
(1201, 586, 138, 1, 4, 73, 7, 3.95),
(1202, 586, 138, 1, 4, 73, 4, 6.5),
(1203, 587, 12, 3, 3, 83, 8, 4.5),
(1204, 587, 12, 3, 3, 83, 1, 12.95),
(1205, 587, 12, 3, 3, 83, 7, 3.95),
(1206, 588, 881, 4, 5, 35, 4, 6.5),
(1207, 588, 881, 4, 5, 35, 2, 18.95),
(1208, 589, 905, 1, 3, 5, 1, 12.95),
(1209, 590, 115, 2, 5, 32, 7, 3.95),
(1210, 591, 65, 2, 1, 76, 2, 18.95),
(1211, 592, 714, 1, 3, 14, 4, 6.5),
(1212, 592, 714, 1, 3, 14, 2, 18.95),
(1213, 593, 98, 1, 2, 60, 2, 18.95),
(1214, 593, 98, 1, 2, 60, 6, 2.95),
(1215, 594, 479, 4, 4, 26, 7, 3.95),
(1216, 594, 479, 4, 4, 26, 4, 6.5),
(1217, 595, 391, 1, 3, 42, 7, 3.95),
(1218, 595, 391, 1, 3, 42, 5, 2.25),
(1219, 596, 859, 2, 2, 34, 8, 4.5),
(1220, 596, 859, 2, 2, 34, 2, 18.95),
(1221, 596, 859, 2, 2, 34, 2, 18.95),
(1222, 597, 25, 4, 3, 56, 1, 12.95),
(1223, 597, 25, 4, 3, 56, 7, 3.95),
(1224, 597, 25, 4, 3, 56, 5, 2.25),
(1225, 598, 49, 2, 4, 3, 6, 2.95),
(1226, 598, 49, 2, 4, 3, 8, 4.5),
(1227, 599, 421, 4, 1, 37, 1, 12.95),
(1228, 599, 421, 4, 1, 37, 6, 2.95),
(1229, 600, 664, 3, 4, 65, 6, 2.95),
(1230, 601, 834, 4, 1, 61, 4, 6.5),
(1231, 601, 834, 4, 1, 61, 3, 1.5),
(1232, 602, 122, 1, 2, 11, 5, 2.25),
(1233, 602, 122, 1, 2, 11, 3, 1.5),
(1234, 603, 522, 2, 1, 20, 4, 6.5),
(1235, 604, 458, 1, 5, 90, 2, 18.95),
(1236, 604, 458, 1, 5, 90, 7, 3.95),
(1237, 604, 458, 1, 5, 90, 4, 6.5),
(1238, 605, 812, 3, 3, 25, 4, 6.5),
(1239, 605, 812, 3, 3, 25, 6, 2.95),
(1240, 605, 812, 3, 3, 25, 6, 2.95),
(1241, 606, 49, 2, 3, 78, 5, 2.25),
(1242, 606, 49, 2, 3, 78, 7, 3.95),
(1243, 607, 640, 3, 5, 32, 5, 2.25),
(1244, 608, 924, 4, 2, 23, 4, 6.5),
(1245, 608, 924, 4, 2, 23, 3, 1.5),
(1246, 608, 924, 4, 2, 23, 4, 6.5),
(1247, 609, 983, 4, 5, 72, 2, 18.95),
(1248, 610, 942, 1, 2, 24, 7, 3.95),
(1249, 610, 942, 1, 2, 24, 2, 18.95),
(1250, 610, 942, 1, 2, 24, 5, 2.25),
(1251, 611, 863, 3, 3, 35, 8, 4.5),
(1252, 611, 863, 3, 3, 35, 6, 2.95),
(1253, 611, 863, 3, 3, 35, 7, 3.95),
(1254, 612, 265, 2, 1, 78, 7, 3.95),
(1255, 612, 265, 2, 1, 78, 4, 6.5),
(1256, 613, 427, 3, 1, 32, 6, 2.95),
(1257, 613, 427, 3, 1, 32, 5, 2.25),
(1258, 613, 427, 3, 1, 32, 1, 12.95),
(1259, 614, 151, 3, 3, 9, 7, 3.95),
(1260, 615, 140, 2, 4, 32, 6, 2.95),
(1261, 615, 140, 2, 4, 32, 3, 1.5),
(1262, 616, 247, 1, 4, 60, 3, 1.5),
(1263, 616, 247, 1, 4, 60, 5, 2.25),
(1264, 617, 807, 4, 4, 37, 6, 2.95),
(1265, 618, 400, 1, 5, 1, 6, 2.95),
(1266, 619, 509, 2, 2, 45, 4, 6.5),
(1267, 619, 509, 2, 2, 45, 4, 6.5),
(1268, 620, 631, 4, 3, 81, 6, 2.95),
(1269, 620, 631, 4, 3, 81, 6, 2.95),
(1270, 621, 559, 2, 2, 71, 1, 12.95),
(1271, 621, 559, 2, 2, 71, 8, 4.5),
(1272, 621, 559, 2, 2, 71, 8, 4.5),
(1273, 622, 887, 4, 4, 87, 2, 18.95),
(1274, 622, 887, 4, 4, 87, 4, 6.5),
(1275, 622, 887, 4, 4, 87, 1, 12.95),
(1276, 623, 435, 1, 4, 35, 2, 18.95),
(1277, 624, 910, 4, 5, 72, 5, 2.25),
(1278, 625, 52, 1, 3, 52, 7, 3.95),
(1279, 625, 52, 1, 3, 52, 7, 3.95),
(1280, 625, 52, 1, 3, 52, 4, 6.5),
(1281, 626, 611, 2, 2, 92, 2, 18.95),
(1282, 626, 611, 2, 2, 92, 6, 2.95),
(1283, 627, 823, 1, 1, 52, 2, 18.95),
(1284, 627, 823, 1, 1, 52, 3, 1.5),
(1285, 628, 354, 3, 4, 34, 8, 4.5),
(1286, 628, 354, 3, 4, 34, 1, 12.95),
(1287, 629, 661, 4, 3, 64, 4, 6.5),
(1288, 629, 661, 4, 3, 64, 1, 12.95),
(1289, 629, 661, 4, 3, 64, 1, 12.95),
(1290, 630, 627, 2, 1, 44, 8, 4.5),
(1291, 630, 627, 2, 1, 44, 3, 1.5),
(1292, 630, 627, 2, 1, 44, 3, 1.5),
(1293, 631, 973, 3, 3, 14, 7, 3.95),
(1294, 632, 666, 3, 5, 19, 4, 6.5),
(1295, 632, 666, 3, 5, 19, 6, 2.95),
(1296, 632, 666, 3, 5, 19, 5, 2.25),
(1297, 633, 540, 3, 5, 14, 3, 1.5),
(1298, 633, 540, 3, 5, 14, 5, 2.25),
(1299, 634, 285, 1, 1, 67, 2, 18.95),
(1300, 635, 43, 2, 4, 29, 2, 18.95),
(1301, 636, 419, 4, 2, 10, 3, 1.5),
(1302, 636, 419, 4, 2, 10, 2, 18.95),
(1303, 637, 215, 1, 2, 9, 3, 1.5),
(1304, 637, 215, 1, 2, 9, 8, 4.5),
(1305, 637, 215, 1, 2, 9, 5, 2.25),
(1306, 638, 568, 3, 4, 73, 2, 18.95),
(1307, 638, 568, 3, 4, 73, 2, 18.95),
(1308, 638, 568, 3, 4, 73, 2, 18.95),
(1309, 639, 79, 1, 2, 23, 1, 12.95),
(1310, 639, 79, 1, 2, 23, 5, 2.25),
(1311, 640, 891, 3, 3, 69, 4, 6.5),
(1312, 641, 803, 2, 4, 59, 5, 2.25),
(1313, 641, 803, 2, 4, 59, 1, 12.95),
(1314, 642, 659, 4, 2, 10, 7, 3.95),
(1315, 642, 659, 4, 2, 10, 1, 12.95),
(1316, 642, 659, 4, 2, 10, 6, 2.95),
(1317, 643, 201, 1, 5, 42, 4, 6.5),
(1318, 643, 201, 1, 5, 42, 4, 6.5),
(1319, 643, 201, 1, 5, 42, 2, 18.95),
(1320, 644, 525, 1, 3, 95, 3, 1.5),
(1321, 644, 525, 1, 3, 95, 6, 2.95),
(1322, 644, 525, 1, 3, 95, 1, 12.95),
(1323, 645, 612, 2, 1, 74, 7, 3.95),
(1324, 645, 612, 2, 1, 74, 1, 12.95),
(1325, 646, 292, 2, 4, 25, 5, 2.25),
(1326, 646, 292, 2, 4, 25, 6, 2.95),
(1327, 646, 292, 2, 4, 25, 4, 6.5),
(1328, 647, 721, 3, 2, 46, 1, 12.95),
(1329, 647, 721, 3, 2, 46, 3, 1.5),
(1330, 648, 981, 2, 3, 73, 6, 2.95),
(1331, 649, 65, 3, 2, 86, 6, 2.95),
(1332, 650, 82, 3, 5, 28, 7, 3.95),
(1333, 650, 82, 3, 5, 28, 6, 2.95),
(1334, 651, 456, 3, 2, 52, 6, 2.95),
(1335, 652, 352, 2, 4, 87, 2, 18.95),
(1336, 653, 652, 1, 2, 74, 1, 12.95),
(1337, 653, 652, 1, 2, 74, 8, 4.5),
(1338, 654, 606, 1, 2, 17, 7, 3.95),
(1339, 655, 892, 1, 4, 95, 6, 2.95),
(1340, 655, 892, 1, 4, 95, 1, 12.95),
(1341, 655, 892, 1, 4, 95, 4, 6.5),
(1342, 656, 646, 1, 4, 32, 1, 12.95),
(1343, 657, 863, 4, 2, 22, 3, 1.5),
(1344, 658, 556, 1, 4, 90, 7, 3.95),
(1345, 658, 556, 1, 4, 90, 8, 4.5),
(1346, 659, 678, 4, 4, 82, 5, 2.25),
(1347, 660, 248, 1, 1, 29, 8, 4.5),
(1348, 661, 530, 1, 5, 49, 8, 4.5),
(1349, 662, 50, 4, 1, 18, 6, 2.95),
(1350, 663, 732, 2, 4, 55, 1, 12.95),
(1351, 664, 827, 1, 4, 23, 8, 4.5),
(1352, 664, 827, 1, 4, 23, 1, 12.95),
(1353, 664, 827, 1, 4, 23, 3, 1.5),
(1354, 665, 762, 2, 2, 6, 5, 2.25),
(1355, 665, 762, 2, 2, 6, 8, 4.5),
(1356, 665, 762, 2, 2, 6, 6, 2.95),
(1357, 666, 135, 1, 2, 11, 8, 4.5),
(1358, 666, 135, 1, 2, 11, 1, 12.95),
(1359, 666, 135, 1, 2, 11, 4, 6.5),
(1360, 667, 799, 2, 5, 91, 3, 1.5),
(1361, 668, 424, 3, 1, 20, 5, 2.25),
(1362, 669, 89, 4, 3, 81, 1, 12.95),
(1363, 669, 89, 4, 3, 81, 3, 1.5),
(1364, 669, 89, 4, 3, 81, 4, 6.5),
(1365, 670, 962, 3, 5, 55, 8, 4.5),
(1366, 670, 962, 3, 5, 55, 3, 1.5),
(1367, 670, 962, 3, 5, 55, 7, 3.95),
(1368, 671, 718, 3, 4, 31, 7, 3.95),
(1369, 671, 718, 3, 4, 31, 7, 3.95),
(1370, 671, 718, 3, 4, 31, 4, 6.5),
(1371, 672, 729, 2, 3, 86, 7, 3.95),
(1372, 673, 375, 2, 3, 36, 7, 3.95),
(1373, 674, 792, 1, 2, 65, 2, 18.95),
(1374, 675, 852, 2, 1, 33, 7, 3.95),
(1375, 675, 852, 2, 1, 33, 5, 2.25),
(1376, 675, 852, 2, 1, 33, 1, 12.95),
(1377, 676, 358, 2, 2, 15, 8, 4.5),
(1378, 676, 358, 2, 2, 15, 4, 6.5),
(1379, 676, 358, 2, 2, 15, 2, 18.95),
(1380, 677, 138, 2, 3, 44, 3, 1.5),
(1381, 677, 138, 2, 3, 44, 1, 12.95),
(1382, 677, 138, 2, 3, 44, 8, 4.5),
(1383, 678, 696, 2, 2, 68, 3, 1.5),
(1384, 678, 696, 2, 2, 68, 5, 2.25),
(1385, 678, 696, 2, 2, 68, 1, 12.95),
(1386, 679, 636, 3, 4, 43, 4, 6.5),
(1387, 680, 76, 1, 4, 7, 5, 2.25),
(1388, 680, 76, 1, 4, 7, 3, 1.5),
(1389, 680, 76, 1, 4, 7, 1, 12.95),
(1390, 681, 850, 1, 4, 67, 4, 6.5),
(1391, 681, 850, 1, 4, 67, 6, 2.95),
(1392, 682, 550, 3, 4, 42, 5, 2.25),
(1393, 682, 550, 3, 4, 42, 6, 2.95),
(1394, 683, 24, 2, 4, 2, 5, 2.25),
(1395, 683, 24, 2, 4, 2, 6, 2.95),
(1396, 683, 24, 2, 4, 2, 8, 4.5),
(1397, 684, 128, 2, 3, 10, 4, 6.5),
(1398, 685, 531, 3, 5, 84, 4, 6.5),
(1399, 685, 531, 3, 5, 84, 2, 18.95),
(1400, 686, 505, 1, 3, 19, 4, 6.5),
(1401, 686, 505, 1, 3, 19, 7, 3.95),
(1402, 686, 505, 1, 3, 19, 7, 3.95),
(1403, 687, 338, 3, 4, 79, 2, 18.95),
(1404, 688, 721, 1, 3, 65, 4, 6.5),
(1405, 688, 721, 1, 3, 65, 7, 3.95),
(1406, 689, 32, 4, 4, 94, 2, 18.95),
(1407, 689, 32, 4, 4, 94, 5, 2.25),
(1408, 690, 948, 4, 4, 52, 6, 2.95),
(1409, 690, 948, 4, 4, 52, 7, 3.95),
(1410, 690, 948, 4, 4, 52, 5, 2.25),
(1411, 691, 437, 4, 5, 68, 3, 1.5),
(1412, 691, 437, 4, 5, 68, 2, 18.95),
(1413, 691, 437, 4, 5, 68, 5, 2.25),
(1414, 692, 397, 4, 4, 36, 7, 3.95),
(1415, 692, 397, 4, 4, 36, 4, 6.5),
(1416, 692, 397, 4, 4, 36, 1, 12.95),
(1417, 693, 789, 2, 5, 41, 7, 3.95),
(1418, 693, 789, 2, 5, 41, 7, 3.95),
(1419, 694, 8, 4, 2, 65, 1, 12.95),
(1420, 695, 419, 3, 5, 83, 6, 2.95),
(1421, 695, 419, 3, 5, 83, 6, 2.95),
(1422, 695, 419, 3, 5, 83, 6, 2.95),
(1423, 696, 116, 1, 2, 41, 8, 4.5),
(1424, 697, 236, 3, 5, 20, 3, 1.5),
(1425, 697, 236, 3, 5, 20, 7, 3.95),
(1426, 698, 649, 2, 4, 16, 5, 2.25),
(1427, 698, 649, 2, 4, 16, 1, 12.95),
(1428, 699, 724, 1, 5, 81, 6, 2.95),
(1429, 699, 724, 1, 5, 81, 7, 3.95),
(1430, 699, 724, 1, 5, 81, 8, 4.5),
(1431, 700, 185, 2, 5, 30, 4, 6.5),
(1432, 701, 178, 2, 2, 82, 8, 4.5),
(1433, 701, 178, 2, 2, 82, 4, 6.5),
(1434, 702, 892, 4, 2, 6, 4, 6.5),
(1435, 703, 439, 1, 1, 62, 5, 2.25),
(1436, 703, 439, 1, 1, 62, 6, 2.95),
(1437, 703, 439, 1, 1, 62, 3, 1.5),
(1438, 704, 341, 3, 3, 42, 6, 2.95),
(1439, 705, 412, 1, 3, 94, 3, 1.5),
(1440, 705, 412, 1, 3, 94, 8, 4.5),
(1441, 706, 470, 3, 3, 92, 1, 12.95),
(1442, 706, 470, 3, 3, 92, 3, 1.5),
(1443, 706, 470, 3, 3, 92, 7, 3.95),
(1444, 707, 538, 1, 1, 19, 5, 2.25),
(1445, 707, 538, 1, 1, 19, 3, 1.5),
(1446, 708, 452, 3, 1, 33, 5, 2.25),
(1447, 708, 452, 3, 1, 33, 8, 4.5),
(1448, 709, 407, 2, 4, 59, 6, 2.95),
(1449, 709, 407, 2, 4, 59, 3, 1.5),
(1450, 710, 978, 4, 4, 24, 8, 4.5),
(1451, 710, 978, 4, 4, 24, 3, 1.5),
(1452, 710, 978, 4, 4, 24, 3, 1.5),
(1453, 711, 717, 1, 4, 89, 2, 18.95),
(1454, 712, 209, 2, 1, 59, 5, 2.25),
(1455, 712, 209, 2, 1, 59, 8, 4.5),
(1456, 712, 209, 2, 1, 59, 1, 12.95),
(1457, 713, 308, 1, 2, 95, 3, 1.5),
(1458, 713, 308, 1, 2, 95, 4, 6.5),
(1459, 713, 308, 1, 2, 95, 3, 1.5),
(1460, 714, 372, 4, 1, 65, 8, 4.5),
(1461, 714, 372, 4, 1, 65, 3, 1.5),
(1462, 715, 773, 1, 3, 52, 8, 4.5),
(1463, 715, 773, 1, 3, 52, 5, 2.25),
(1464, 715, 773, 1, 3, 52, 7, 3.95),
(1465, 716, 681, 4, 1, 52, 1, 12.95),
(1466, 717, 220, 3, 2, 87, 3, 1.5),
(1467, 717, 220, 3, 2, 87, 7, 3.95),
(1468, 718, 741, 3, 3, 11, 7, 3.95),
(1469, 718, 741, 3, 3, 11, 5, 2.25),
(1470, 719, 412, 2, 3, 40, 8, 4.5),
(1471, 720, 337, 3, 4, 83, 2, 18.95),
(1472, 720, 337, 3, 4, 83, 6, 2.95),
(1473, 721, 587, 3, 3, 65, 1, 12.95),
(1474, 721, 587, 3, 3, 65, 8, 4.5),
(1475, 721, 587, 3, 3, 65, 1, 12.95),
(1476, 722, 459, 3, 1, 73, 2, 18.95);
INSERT INTO `fact_order_items` (`id`, `order_id`, `customer_id`, `staff_id`, `table_number`, `date_id`, `menu_item_id`, `price`) VALUES
(1477, 722, 459, 3, 1, 73, 7, 3.95),
(1478, 722, 459, 3, 1, 73, 8, 4.5),
(1479, 723, 637, 1, 3, 86, 8, 4.5),
(1480, 723, 637, 1, 3, 86, 6, 2.95),
(1481, 723, 637, 1, 3, 86, 2, 18.95),
(1482, 724, 807, 2, 2, 4, 8, 4.5),
(1483, 724, 807, 2, 2, 4, 7, 3.95),
(1484, 725, 486, 4, 3, 76, 8, 4.5),
(1485, 725, 486, 4, 3, 76, 5, 2.25),
(1486, 725, 486, 4, 3, 76, 5, 2.25),
(1487, 726, 31, 3, 1, 93, 8, 4.5),
(1488, 726, 31, 3, 1, 93, 5, 2.25),
(1489, 726, 31, 3, 1, 93, 3, 1.5),
(1490, 727, 103, 4, 1, 87, 7, 3.95),
(1491, 727, 103, 4, 1, 87, 7, 3.95),
(1492, 727, 103, 4, 1, 87, 6, 2.95),
(1493, 728, 822, 1, 5, 18, 7, 3.95),
(1494, 728, 822, 1, 5, 18, 5, 2.25),
(1495, 729, 923, 3, 3, 2, 5, 2.25),
(1496, 729, 923, 3, 3, 2, 7, 3.95),
(1497, 730, 429, 1, 3, 31, 1, 12.95),
(1498, 730, 429, 1, 3, 31, 7, 3.95),
(1499, 730, 429, 1, 3, 31, 2, 18.95),
(1500, 731, 212, 3, 4, 16, 2, 18.95),
(1501, 731, 212, 3, 4, 16, 8, 4.5),
(1502, 731, 212, 3, 4, 16, 2, 18.95),
(1503, 732, 421, 2, 4, 16, 1, 12.95),
(1504, 732, 421, 2, 4, 16, 1, 12.95),
(1505, 732, 421, 2, 4, 16, 5, 2.25),
(1506, 733, 562, 3, 4, 10, 8, 4.5),
(1507, 734, 458, 3, 5, 25, 6, 2.95),
(1508, 735, 565, 1, 2, 81, 6, 2.95),
(1509, 736, 330, 4, 1, 48, 5, 2.25),
(1510, 737, 379, 3, 4, 38, 1, 12.95),
(1511, 738, 34, 1, 5, 5, 2, 18.95),
(1512, 739, 379, 3, 2, 56, 1, 12.95),
(1513, 739, 379, 3, 2, 56, 3, 1.5),
(1514, 739, 379, 3, 2, 56, 4, 6.5),
(1515, 740, 18, 1, 1, 59, 4, 6.5),
(1516, 740, 18, 1, 1, 59, 6, 2.95),
(1517, 741, 8, 1, 5, 43, 7, 3.95),
(1518, 741, 8, 1, 5, 43, 3, 1.5),
(1519, 741, 8, 1, 5, 43, 6, 2.95),
(1520, 742, 34, 2, 4, 27, 8, 4.5),
(1521, 743, 625, 1, 1, 31, 5, 2.25),
(1522, 743, 625, 1, 1, 31, 1, 12.95),
(1523, 743, 625, 1, 1, 31, 4, 6.5),
(1524, 744, 804, 2, 3, 61, 5, 2.25),
(1525, 744, 804, 2, 3, 61, 7, 3.95),
(1526, 744, 804, 2, 3, 61, 5, 2.25),
(1527, 745, 807, 4, 1, 67, 6, 2.95),
(1528, 745, 807, 4, 1, 67, 4, 6.5),
(1529, 745, 807, 4, 1, 67, 3, 1.5),
(1530, 746, 941, 3, 5, 20, 3, 1.5),
(1531, 746, 941, 3, 5, 20, 7, 3.95),
(1532, 747, 815, 3, 3, 84, 6, 2.95),
(1533, 747, 815, 3, 3, 84, 1, 12.95),
(1534, 747, 815, 3, 3, 84, 7, 3.95),
(1535, 748, 505, 1, 3, 79, 7, 3.95),
(1536, 748, 505, 1, 3, 79, 4, 6.5),
(1537, 749, 424, 1, 3, 84, 5, 2.25),
(1538, 749, 424, 1, 3, 84, 8, 4.5),
(1539, 749, 424, 1, 3, 84, 6, 2.95),
(1540, 750, 923, 3, 3, 67, 8, 4.5),
(1541, 750, 923, 3, 3, 67, 8, 4.5),
(1542, 750, 923, 3, 3, 67, 2, 18.95),
(1543, 751, 638, 1, 3, 48, 7, 3.95),
(1544, 751, 638, 1, 3, 48, 1, 12.95),
(1545, 752, 315, 1, 2, 31, 4, 6.5),
(1546, 752, 315, 1, 2, 31, 1, 12.95),
(1547, 752, 315, 1, 2, 31, 7, 3.95),
(1548, 753, 921, 3, 3, 95, 5, 2.25),
(1549, 753, 921, 3, 3, 95, 2, 18.95),
(1550, 753, 921, 3, 3, 95, 6, 2.95),
(1551, 754, 699, 1, 2, 46, 3, 1.5),
(1552, 755, 351, 3, 1, 68, 4, 6.5),
(1553, 756, 47, 1, 5, 89, 1, 12.95),
(1554, 757, 81, 1, 3, 7, 7, 3.95),
(1555, 758, 334, 4, 4, 91, 7, 3.95),
(1556, 759, 733, 3, 3, 94, 1, 12.95),
(1557, 759, 733, 3, 3, 94, 3, 1.5),
(1558, 759, 733, 3, 3, 94, 7, 3.95),
(1559, 760, 191, 1, 1, 17, 7, 3.95),
(1560, 760, 191, 1, 1, 17, 5, 2.25),
(1561, 760, 191, 1, 1, 17, 7, 3.95),
(1562, 761, 985, 3, 5, 15, 1, 12.95),
(1563, 762, 750, 4, 1, 59, 5, 2.25),
(1564, 763, 297, 2, 4, 79, 4, 6.5),
(1565, 764, 34, 2, 2, 26, 5, 2.25),
(1566, 764, 34, 2, 2, 26, 2, 18.95),
(1567, 764, 34, 2, 2, 26, 3, 1.5),
(1568, 765, 988, 2, 2, 51, 1, 12.95),
(1569, 766, 649, 3, 5, 19, 3, 1.5),
(1570, 766, 649, 3, 5, 19, 3, 1.5),
(1571, 766, 649, 3, 5, 19, 8, 4.5),
(1572, 767, 646, 3, 5, 51, 7, 3.95),
(1573, 767, 646, 3, 5, 51, 4, 6.5),
(1574, 768, 737, 3, 2, 33, 1, 12.95),
(1575, 768, 737, 3, 2, 33, 8, 4.5),
(1576, 769, 72, 3, 4, 4, 4, 6.5),
(1577, 769, 72, 3, 4, 4, 8, 4.5),
(1578, 769, 72, 3, 4, 4, 5, 2.25),
(1579, 770, 296, 2, 5, 9, 5, 2.25),
(1580, 771, 865, 2, 3, 53, 2, 18.95),
(1581, 771, 865, 2, 3, 53, 6, 2.95),
(1582, 772, 241, 1, 3, 44, 3, 1.5),
(1583, 772, 241, 1, 3, 44, 4, 6.5),
(1584, 772, 241, 1, 3, 44, 8, 4.5),
(1585, 773, 591, 2, 3, 34, 3, 1.5),
(1586, 774, 454, 4, 5, 80, 2, 18.95),
(1587, 775, 37, 1, 2, 68, 4, 6.5),
(1588, 776, 487, 2, 1, 92, 1, 12.95),
(1589, 776, 487, 2, 1, 92, 2, 18.95),
(1590, 777, 865, 2, 2, 52, 7, 3.95),
(1591, 778, 899, 3, 2, 50, 1, 12.95),
(1592, 778, 899, 3, 2, 50, 1, 12.95),
(1593, 779, 586, 4, 2, 90, 5, 2.25),
(1594, 779, 586, 4, 2, 90, 2, 18.95),
(1595, 780, 940, 4, 1, 79, 8, 4.5),
(1596, 780, 940, 4, 1, 79, 8, 4.5),
(1597, 781, 886, 4, 5, 48, 8, 4.5),
(1598, 781, 886, 4, 5, 48, 6, 2.95),
(1599, 781, 886, 4, 5, 48, 1, 12.95),
(1600, 782, 221, 1, 3, 21, 3, 1.5),
(1601, 783, 135, 2, 5, 33, 7, 3.95),
(1602, 783, 135, 2, 5, 33, 4, 6.5),
(1603, 784, 348, 2, 4, 96, 4, 6.5),
(1604, 784, 348, 2, 4, 96, 4, 6.5),
(1605, 784, 348, 2, 4, 96, 2, 18.95),
(1606, 785, 256, 3, 1, 60, 7, 3.95),
(1607, 785, 256, 3, 1, 60, 4, 6.5),
(1608, 786, 174, 1, 2, 58, 7, 3.95),
(1609, 787, 966, 3, 5, 27, 4, 6.5),
(1610, 788, 206, 4, 4, 32, 5, 2.25),
(1611, 789, 385, 4, 3, 80, 7, 3.95),
(1612, 789, 385, 4, 3, 80, 1, 12.95),
(1613, 789, 385, 4, 3, 80, 7, 3.95),
(1614, 790, 844, 1, 2, 44, 6, 2.95),
(1615, 790, 844, 1, 2, 44, 3, 1.5),
(1616, 791, 931, 2, 1, 66, 1, 12.95),
(1617, 791, 931, 2, 1, 66, 2, 18.95),
(1618, 792, 277, 1, 5, 64, 3, 1.5),
(1619, 793, 862, 4, 3, 49, 5, 2.25),
(1620, 793, 862, 4, 3, 49, 2, 18.95),
(1621, 793, 862, 4, 3, 49, 4, 6.5),
(1622, 794, 395, 2, 5, 36, 6, 2.95),
(1623, 794, 395, 2, 5, 36, 8, 4.5),
(1624, 795, 728, 4, 4, 12, 3, 1.5),
(1625, 795, 728, 4, 4, 12, 1, 12.95),
(1626, 795, 728, 4, 4, 12, 2, 18.95),
(1627, 796, 495, 1, 3, 81, 4, 6.5),
(1628, 796, 495, 1, 3, 81, 1, 12.95),
(1629, 797, 600, 2, 4, 18, 7, 3.95),
(1630, 798, 323, 2, 3, 55, 7, 3.95),
(1631, 799, 640, 3, 4, 89, 6, 2.95),
(1632, 800, 154, 3, 5, 66, 1, 12.95),
(1633, 801, 307, 2, 5, 10, 7, 3.95),
(1634, 801, 307, 2, 5, 10, 2, 18.95),
(1635, 802, 976, 2, 5, 68, 1, 12.95),
(1636, 803, 860, 4, 4, 4, 3, 1.5),
(1637, 803, 860, 4, 4, 4, 7, 3.95),
(1638, 803, 860, 4, 4, 4, 8, 4.5),
(1639, 804, 799, 4, 4, 58, 8, 4.5),
(1640, 804, 799, 4, 4, 58, 2, 18.95),
(1641, 804, 799, 4, 4, 58, 2, 18.95),
(1642, 805, 881, 4, 5, 60, 3, 1.5),
(1643, 806, 725, 3, 5, 90, 3, 1.5),
(1644, 806, 725, 3, 5, 90, 8, 4.5),
(1645, 806, 725, 3, 5, 90, 3, 1.5),
(1646, 807, 647, 1, 5, 91, 8, 4.5),
(1647, 807, 647, 1, 5, 91, 6, 2.95),
(1648, 807, 647, 1, 5, 91, 2, 18.95),
(1649, 808, 132, 3, 3, 8, 4, 6.5),
(1650, 808, 132, 3, 3, 8, 6, 2.95),
(1651, 809, 650, 4, 1, 52, 2, 18.95),
(1652, 809, 650, 4, 1, 52, 8, 4.5),
(1653, 809, 650, 4, 1, 52, 4, 6.5),
(1654, 810, 973, 3, 1, 41, 3, 1.5),
(1655, 810, 973, 3, 1, 41, 4, 6.5),
(1656, 810, 973, 3, 1, 41, 2, 18.95),
(1657, 811, 642, 4, 4, 96, 7, 3.95),
(1658, 811, 642, 4, 4, 96, 8, 4.5),
(1659, 811, 642, 4, 4, 96, 7, 3.95),
(1660, 812, 667, 3, 5, 92, 8, 4.5),
(1661, 812, 667, 3, 5, 92, 1, 12.95),
(1662, 812, 667, 3, 5, 92, 5, 2.25),
(1663, 813, 649, 1, 1, 93, 5, 2.25),
(1664, 813, 649, 1, 1, 93, 4, 6.5),
(1665, 814, 89, 3, 2, 36, 1, 12.95),
(1666, 814, 89, 3, 2, 36, 8, 4.5),
(1667, 815, 711, 4, 1, 29, 3, 1.5),
(1668, 815, 711, 4, 1, 29, 2, 18.95),
(1669, 816, 754, 3, 4, 64, 4, 6.5),
(1670, 817, 968, 2, 3, 48, 2, 18.95),
(1671, 817, 968, 2, 3, 48, 1, 12.95),
(1672, 818, 931, 1, 1, 86, 5, 2.25),
(1673, 818, 931, 1, 1, 86, 1, 12.95),
(1674, 818, 931, 1, 1, 86, 5, 2.25),
(1675, 819, 260, 2, 4, 78, 1, 12.95),
(1676, 819, 260, 2, 4, 78, 3, 1.5),
(1677, 820, 688, 2, 2, 54, 8, 4.5),
(1678, 820, 688, 2, 2, 54, 7, 3.95),
(1679, 820, 688, 2, 2, 54, 4, 6.5),
(1680, 821, 660, 1, 2, 13, 2, 18.95),
(1681, 821, 660, 1, 2, 13, 6, 2.95),
(1682, 822, 433, 4, 3, 49, 5, 2.25),
(1683, 822, 433, 4, 3, 49, 6, 2.95),
(1684, 822, 433, 4, 3, 49, 8, 4.5),
(1685, 823, 678, 1, 2, 21, 3, 1.5),
(1686, 823, 678, 1, 2, 21, 2, 18.95),
(1687, 823, 678, 1, 2, 21, 5, 2.25),
(1688, 824, 541, 1, 2, 86, 3, 1.5),
(1689, 825, 654, 3, 1, 5, 2, 18.95),
(1690, 826, 962, 2, 3, 83, 6, 2.95),
(1691, 827, 13, 1, 1, 49, 7, 3.95),
(1692, 827, 13, 1, 1, 49, 8, 4.5),
(1693, 828, 959, 4, 3, 58, 3, 1.5),
(1694, 828, 959, 4, 3, 58, 2, 18.95),
(1695, 829, 474, 1, 1, 53, 3, 1.5),
(1696, 830, 902, 4, 2, 44, 5, 2.25),
(1697, 830, 902, 4, 2, 44, 8, 4.5),
(1698, 830, 902, 4, 2, 44, 3, 1.5),
(1699, 831, 595, 2, 3, 43, 6, 2.95),
(1700, 832, 651, 3, 5, 79, 1, 12.95),
(1701, 832, 651, 3, 5, 79, 6, 2.95),
(1702, 832, 651, 3, 5, 79, 1, 12.95),
(1703, 833, 201, 1, 3, 40, 6, 2.95),
(1704, 834, 872, 2, 5, 48, 4, 6.5),
(1705, 834, 872, 2, 5, 48, 2, 18.95),
(1706, 834, 872, 2, 5, 48, 2, 18.95),
(1707, 835, 43, 4, 2, 7, 4, 6.5),
(1708, 835, 43, 4, 2, 7, 7, 3.95),
(1709, 836, 357, 3, 2, 39, 4, 6.5),
(1710, 836, 357, 3, 2, 39, 5, 2.25),
(1711, 837, 254, 4, 3, 39, 3, 1.5),
(1712, 837, 254, 4, 3, 39, 6, 2.95),
(1713, 838, 581, 3, 2, 54, 1, 12.95),
(1714, 838, 581, 3, 2, 54, 3, 1.5),
(1715, 839, 434, 1, 2, 30, 7, 3.95),
(1716, 839, 434, 1, 2, 30, 1, 12.95),
(1717, 839, 434, 1, 2, 30, 5, 2.25),
(1718, 840, 98, 3, 2, 50, 3, 1.5),
(1719, 840, 98, 3, 2, 50, 5, 2.25),
(1720, 841, 842, 2, 5, 81, 5, 2.25),
(1721, 842, 955, 2, 3, 68, 3, 1.5),
(1722, 842, 955, 2, 3, 68, 8, 4.5),
(1723, 843, 147, 2, 2, 34, 8, 4.5),
(1724, 843, 147, 2, 2, 34, 6, 2.95),
(1725, 843, 147, 2, 2, 34, 3, 1.5),
(1726, 844, 152, 3, 2, 28, 8, 4.5),
(1727, 845, 626, 1, 2, 26, 3, 1.5),
(1728, 846, 362, 4, 4, 1, 4, 6.5),
(1729, 846, 362, 4, 4, 1, 1, 12.95),
(1730, 846, 362, 4, 4, 1, 2, 18.95),
(1731, 847, 228, 1, 2, 47, 4, 6.5),
(1732, 847, 228, 1, 2, 47, 6, 2.95),
(1733, 848, 543, 1, 1, 91, 1, 12.95),
(1734, 848, 543, 1, 1, 91, 5, 2.25),
(1735, 849, 290, 3, 5, 69, 8, 4.5),
(1736, 850, 880, 2, 5, 40, 7, 3.95),
(1737, 850, 880, 2, 5, 40, 3, 1.5),
(1738, 850, 880, 2, 5, 40, 3, 1.5),
(1739, 851, 779, 2, 3, 10, 1, 12.95),
(1740, 852, 559, 1, 1, 81, 3, 1.5),
(1741, 852, 559, 1, 1, 81, 2, 18.95),
(1742, 853, 955, 2, 4, 1, 6, 2.95),
(1743, 853, 955, 2, 4, 1, 8, 4.5),
(1744, 854, 657, 1, 2, 32, 4, 6.5),
(1745, 855, 893, 3, 5, 83, 1, 12.95),
(1746, 855, 893, 3, 5, 83, 4, 6.5),
(1747, 856, 225, 1, 5, 69, 6, 2.95),
(1748, 856, 225, 1, 5, 69, 8, 4.5),
(1749, 857, 414, 3, 3, 68, 5, 2.25),
(1750, 857, 414, 3, 3, 68, 3, 1.5),
(1751, 858, 962, 4, 4, 12, 8, 4.5),
(1752, 858, 962, 4, 4, 12, 4, 6.5),
(1753, 859, 925, 1, 4, 62, 4, 6.5),
(1754, 859, 925, 1, 4, 62, 5, 2.25),
(1755, 859, 925, 1, 4, 62, 3, 1.5),
(1756, 860, 336, 1, 2, 90, 2, 18.95),
(1757, 861, 711, 2, 1, 10, 3, 1.5),
(1758, 861, 711, 2, 1, 10, 7, 3.95),
(1759, 861, 711, 2, 1, 10, 8, 4.5),
(1760, 862, 932, 4, 2, 57, 1, 12.95),
(1761, 862, 932, 4, 2, 57, 6, 2.95),
(1762, 862, 932, 4, 2, 57, 8, 4.5),
(1763, 863, 297, 3, 2, 55, 4, 6.5),
(1764, 864, 474, 1, 1, 22, 4, 6.5),
(1765, 865, 40, 4, 1, 29, 7, 3.95),
(1766, 866, 429, 4, 2, 71, 7, 3.95),
(1767, 866, 429, 4, 2, 71, 3, 1.5),
(1768, 867, 437, 3, 1, 78, 2, 18.95),
(1769, 867, 437, 3, 1, 78, 5, 2.25),
(1770, 868, 942, 4, 2, 13, 1, 12.95),
(1771, 869, 577, 2, 5, 96, 6, 2.95),
(1772, 870, 121, 2, 4, 42, 3, 1.5),
(1773, 871, 38, 1, 1, 18, 6, 2.95),
(1774, 872, 495, 2, 3, 85, 6, 2.95),
(1775, 872, 495, 2, 3, 85, 2, 18.95),
(1776, 872, 495, 2, 3, 85, 7, 3.95),
(1777, 873, 502, 3, 3, 87, 4, 6.5),
(1778, 874, 54, 4, 4, 93, 4, 6.5),
(1779, 874, 54, 4, 4, 93, 2, 18.95),
(1780, 875, 944, 3, 5, 59, 2, 18.95),
(1781, 875, 944, 3, 5, 59, 7, 3.95),
(1782, 875, 944, 3, 5, 59, 2, 18.95),
(1783, 876, 161, 2, 5, 91, 5, 2.25),
(1784, 876, 161, 2, 5, 91, 6, 2.95),
(1785, 877, 405, 3, 3, 28, 6, 2.95),
(1786, 877, 405, 3, 3, 28, 1, 12.95),
(1787, 877, 405, 3, 3, 28, 6, 2.95),
(1788, 878, 526, 2, 4, 57, 3, 1.5),
(1789, 878, 526, 2, 4, 57, 4, 6.5),
(1790, 878, 526, 2, 4, 57, 6, 2.95),
(1791, 879, 283, 3, 5, 74, 7, 3.95),
(1792, 880, 827, 4, 4, 68, 1, 12.95),
(1793, 880, 827, 4, 4, 68, 5, 2.25),
(1794, 881, 437, 1, 4, 4, 6, 2.95),
(1795, 882, 85, 1, 4, 64, 8, 4.5),
(1796, 882, 85, 1, 4, 64, 3, 1.5),
(1797, 882, 85, 1, 4, 64, 2, 18.95),
(1798, 883, 473, 3, 1, 92, 2, 18.95),
(1799, 883, 473, 3, 1, 92, 8, 4.5),
(1800, 883, 473, 3, 1, 92, 4, 6.5),
(1801, 884, 603, 1, 1, 16, 5, 2.25),
(1802, 884, 603, 1, 1, 16, 6, 2.95),
(1803, 885, 218, 4, 3, 87, 7, 3.95),
(1804, 886, 560, 1, 2, 38, 1, 12.95),
(1805, 886, 560, 1, 2, 38, 2, 18.95),
(1806, 887, 221, 3, 5, 51, 3, 1.5),
(1807, 888, 939, 3, 1, 7, 5, 2.25),
(1808, 889, 158, 4, 2, 29, 4, 6.5),
(1809, 889, 158, 4, 2, 29, 2, 18.95),
(1810, 889, 158, 4, 2, 29, 7, 3.95),
(1811, 890, 413, 3, 1, 68, 7, 3.95),
(1812, 890, 413, 3, 1, 68, 7, 3.95),
(1813, 890, 413, 3, 1, 68, 2, 18.95),
(1814, 891, 318, 2, 4, 81, 6, 2.95),
(1815, 891, 318, 2, 4, 81, 3, 1.5),
(1816, 891, 318, 2, 4, 81, 7, 3.95),
(1817, 892, 942, 3, 3, 13, 4, 6.5),
(1818, 893, 529, 4, 5, 41, 5, 2.25),
(1819, 893, 529, 4, 5, 41, 7, 3.95),
(1820, 894, 598, 2, 1, 69, 2, 18.95),
(1821, 894, 598, 2, 1, 69, 5, 2.25),
(1822, 894, 598, 2, 1, 69, 2, 18.95),
(1823, 895, 403, 3, 2, 1, 7, 3.95),
(1824, 896, 55, 1, 4, 47, 8, 4.5),
(1825, 896, 55, 1, 4, 47, 8, 4.5),
(1826, 896, 55, 1, 4, 47, 4, 6.5),
(1827, 897, 84, 3, 4, 64, 1, 12.95),
(1828, 897, 84, 3, 4, 64, 4, 6.5),
(1829, 897, 84, 3, 4, 64, 3, 1.5),
(1830, 898, 235, 4, 3, 12, 2, 18.95),
(1831, 898, 235, 4, 3, 12, 7, 3.95),
(1832, 899, 834, 2, 1, 47, 5, 2.25),
(1833, 900, 485, 3, 2, 17, 1, 12.95),
(1834, 901, 495, 1, 2, 78, 1, 12.95),
(1835, 902, 501, 4, 3, 59, 7, 3.95),
(1836, 902, 501, 4, 3, 59, 7, 3.95),
(1837, 903, 98, 4, 4, 32, 1, 12.95),
(1838, 904, 403, 1, 3, 83, 8, 4.5),
(1839, 904, 403, 1, 3, 83, 2, 18.95),
(1840, 904, 403, 1, 3, 83, 6, 2.95),
(1841, 905, 819, 3, 5, 18, 7, 3.95),
(1842, 905, 819, 3, 5, 18, 2, 18.95),
(1843, 905, 819, 3, 5, 18, 3, 1.5),
(1844, 906, 124, 1, 1, 18, 3, 1.5),
(1845, 906, 124, 1, 1, 18, 1, 12.95),
(1846, 907, 702, 1, 1, 19, 8, 4.5),
(1847, 907, 702, 1, 1, 19, 1, 12.95),
(1848, 907, 702, 1, 1, 19, 3, 1.5),
(1849, 908, 581, 3, 5, 35, 4, 6.5),
(1850, 909, 838, 1, 5, 37, 4, 6.5),
(1851, 909, 838, 1, 5, 37, 6, 2.95),
(1852, 910, 45, 4, 2, 19, 5, 2.25),
(1853, 910, 45, 4, 2, 19, 5, 2.25),
(1854, 910, 45, 4, 2, 19, 8, 4.5),
(1855, 911, 383, 4, 5, 30, 8, 4.5),
(1856, 911, 383, 4, 5, 30, 5, 2.25),
(1857, 911, 383, 4, 5, 30, 2, 18.95),
(1858, 912, 883, 2, 4, 82, 8, 4.5),
(1859, 913, 564, 3, 5, 34, 3, 1.5),
(1860, 913, 564, 3, 5, 34, 8, 4.5),
(1861, 913, 564, 3, 5, 34, 2, 18.95),
(1862, 914, 507, 2, 3, 72, 5, 2.25),
(1863, 915, 265, 1, 5, 21, 7, 3.95),
(1864, 915, 265, 1, 5, 21, 4, 6.5),
(1865, 916, 664, 2, 5, 31, 6, 2.95),
(1866, 916, 664, 2, 5, 31, 8, 4.5),
(1867, 917, 342, 2, 5, 82, 5, 2.25),
(1868, 917, 342, 2, 5, 82, 5, 2.25),
(1869, 917, 342, 2, 5, 82, 1, 12.95),
(1870, 918, 119, 2, 1, 21, 1, 12.95),
(1871, 918, 119, 2, 1, 21, 3, 1.5),
(1872, 919, 243, 3, 2, 10, 7, 3.95),
(1873, 920, 882, 2, 2, 52, 5, 2.25),
(1874, 921, 2, 3, 2, 86, 8, 4.5),
(1875, 921, 2, 3, 2, 86, 4, 6.5),
(1876, 921, 2, 3, 2, 86, 8, 4.5),
(1877, 922, 218, 2, 4, 38, 6, 2.95),
(1878, 922, 218, 2, 4, 38, 1, 12.95),
(1879, 922, 218, 2, 4, 38, 7, 3.95),
(1880, 923, 115, 1, 1, 13, 2, 18.95),
(1881, 924, 860, 3, 4, 52, 8, 4.5),
(1882, 924, 860, 3, 4, 52, 3, 1.5),
(1883, 924, 860, 3, 4, 52, 8, 4.5),
(1884, 925, 193, 4, 1, 19, 8, 4.5),
(1885, 925, 193, 4, 1, 19, 6, 2.95),
(1886, 925, 193, 4, 1, 19, 6, 2.95),
(1887, 926, 71, 2, 4, 47, 3, 1.5),
(1888, 926, 71, 2, 4, 47, 2, 18.95),
(1889, 927, 534, 3, 5, 21, 6, 2.95),
(1890, 927, 534, 3, 5, 21, 6, 2.95),
(1891, 927, 534, 3, 5, 21, 8, 4.5),
(1892, 928, 781, 2, 1, 59, 7, 3.95),
(1893, 928, 781, 2, 1, 59, 5, 2.25),
(1894, 929, 208, 2, 4, 48, 2, 18.95),
(1895, 929, 208, 2, 4, 48, 8, 4.5),
(1896, 930, 860, 2, 5, 90, 6, 2.95),
(1897, 931, 345, 3, 3, 4, 8, 4.5),
(1898, 931, 345, 3, 3, 4, 8, 4.5),
(1899, 932, 780, 1, 4, 86, 8, 4.5),
(1900, 932, 780, 1, 4, 86, 3, 1.5),
(1901, 933, 827, 2, 1, 58, 3, 1.5),
(1902, 933, 827, 2, 1, 58, 3, 1.5),
(1903, 934, 859, 3, 5, 94, 8, 4.5),
(1904, 934, 859, 3, 5, 94, 3, 1.5),
(1905, 935, 564, 1, 3, 87, 2, 18.95),
(1906, 936, 169, 3, 3, 76, 2, 18.95),
(1907, 936, 169, 3, 3, 76, 6, 2.95),
(1908, 937, 558, 4, 5, 46, 5, 2.25),
(1909, 937, 558, 4, 5, 46, 8, 4.5),
(1910, 938, 165, 3, 2, 4, 5, 2.25),
(1911, 938, 165, 3, 2, 4, 4, 6.5),
(1912, 939, 318, 1, 4, 57, 2, 18.95),
(1913, 940, 775, 1, 4, 82, 7, 3.95),
(1914, 940, 775, 1, 4, 82, 5, 2.25),
(1915, 940, 775, 1, 4, 82, 5, 2.25),
(1916, 941, 321, 3, 4, 59, 1, 12.95),
(1917, 941, 321, 3, 4, 59, 7, 3.95),
(1918, 942, 442, 3, 5, 29, 4, 6.5),
(1919, 942, 442, 3, 5, 29, 1, 12.95),
(1920, 943, 497, 2, 4, 93, 6, 2.95),
(1921, 943, 497, 2, 4, 93, 8, 4.5),
(1922, 943, 497, 2, 4, 93, 7, 3.95),
(1923, 944, 129, 4, 3, 61, 5, 2.25),
(1924, 944, 129, 4, 3, 61, 2, 18.95),
(1925, 945, 470, 4, 5, 54, 5, 2.25),
(1926, 945, 470, 4, 5, 54, 3, 1.5),
(1927, 945, 470, 4, 5, 54, 1, 12.95),
(1928, 946, 277, 1, 4, 3, 7, 3.95),
(1929, 946, 277, 1, 4, 3, 7, 3.95),
(1930, 947, 482, 3, 4, 46, 8, 4.5),
(1931, 947, 482, 3, 4, 46, 3, 1.5),
(1932, 948, 971, 1, 1, 4, 7, 3.95),
(1933, 949, 656, 4, 3, 31, 5, 2.25),
(1934, 950, 366, 1, 3, 3, 6, 2.95),
(1935, 951, 806, 3, 1, 67, 8, 4.5),
(1936, 952, 662, 2, 2, 67, 8, 4.5),
(1937, 952, 662, 2, 2, 67, 2, 18.95),
(1938, 952, 662, 2, 2, 67, 3, 1.5),
(1939, 953, 985, 3, 4, 31, 3, 1.5),
(1940, 953, 985, 3, 4, 31, 6, 2.95),
(1941, 954, 143, 4, 4, 79, 2, 18.95),
(1942, 955, 522, 2, 2, 91, 1, 12.95),
(1943, 955, 522, 2, 2, 91, 8, 4.5),
(1944, 956, 1, 1, 3, 60, 3, 1.5),
(1945, 957, 786, 3, 5, 84, 3, 1.5),
(1946, 957, 786, 3, 5, 84, 8, 4.5),
(1947, 958, 69, 4, 3, 6, 7, 3.95),
(1948, 958, 69, 4, 3, 6, 6, 2.95),
(1949, 958, 69, 4, 3, 6, 8, 4.5),
(1950, 959, 626, 4, 2, 34, 5, 2.25),
(1951, 960, 398, 2, 4, 42, 4, 6.5),
(1952, 960, 398, 2, 4, 42, 6, 2.95),
(1953, 961, 490, 2, 3, 35, 1, 12.95),
(1954, 961, 490, 2, 3, 35, 5, 2.25),
(1955, 961, 490, 2, 3, 35, 2, 18.95),
(1956, 962, 821, 2, 5, 89, 5, 2.25),
(1957, 963, 790, 4, 2, 34, 6, 2.95),
(1958, 963, 790, 4, 2, 34, 3, 1.5),
(1959, 964, 102, 4, 3, 29, 7, 3.95),
(1960, 964, 102, 4, 3, 29, 3, 1.5),
(1961, 964, 102, 4, 3, 29, 2, 18.95),
(1962, 965, 610, 3, 1, 36, 8, 4.5),
(1963, 965, 610, 3, 1, 36, 7, 3.95),
(1964, 965, 610, 3, 1, 36, 2, 18.95),
(1965, 966, 806, 4, 4, 41, 8, 4.5),
(1966, 967, 815, 3, 2, 29, 4, 6.5),
(1967, 967, 815, 3, 2, 29, 5, 2.25),
(1968, 968, 718, 3, 4, 76, 4, 6.5),
(1969, 968, 718, 3, 4, 76, 2, 18.95),
(1970, 968, 718, 3, 4, 76, 6, 2.95),
(1971, 969, 658, 3, 2, 21, 6, 2.95),
(1972, 970, 753, 4, 3, 94, 1, 12.95),
(1973, 971, 272, 4, 1, 15, 1, 12.95),
(1974, 971, 272, 4, 1, 15, 5, 2.25),
(1975, 971, 272, 4, 1, 15, 5, 2.25),
(1976, 972, 166, 2, 5, 49, 3, 1.5),
(1977, 973, 390, 3, 3, 30, 4, 6.5),
(1978, 973, 390, 3, 3, 30, 3, 1.5),
(1979, 973, 390, 3, 3, 30, 1, 12.95),
(1980, 974, 832, 4, 3, 29, 4, 6.5),
(1981, 974, 832, 4, 3, 29, 3, 1.5),
(1982, 975, 809, 2, 3, 34, 8, 4.5),
(1983, 976, 458, 2, 1, 30, 6, 2.95),
(1984, 976, 458, 2, 1, 30, 8, 4.5),
(1985, 976, 458, 2, 1, 30, 1, 12.95),
(1986, 977, 600, 4, 4, 54, 3, 1.5),
(1987, 977, 600, 4, 4, 54, 8, 4.5),
(1988, 978, 1, 3, 5, 57, 2, 18.95),
(1989, 979, 42, 2, 3, 53, 7, 3.95),
(1990, 980, 801, 1, 5, 10, 6, 2.95),
(1991, 980, 801, 1, 5, 10, 5, 2.25),
(1992, 981, 162, 4, 1, 79, 1, 12.95),
(1993, 982, 276, 4, 1, 44, 8, 4.5),
(1994, 982, 276, 4, 1, 44, 5, 2.25),
(1995, 982, 276, 4, 1, 44, 2, 18.95),
(1996, 983, 87, 4, 4, 1, 6, 2.95),
(1997, 983, 87, 4, 4, 1, 1, 12.95),
(1998, 983, 87, 4, 4, 1, 6, 2.95),
(1999, 984, 626, 1, 4, 31, 5, 2.25),
(2000, 984, 626, 1, 4, 31, 5, 2.25),
(2001, 984, 626, 1, 4, 31, 4, 6.5),
(2002, 985, 509, 2, 2, 50, 1, 12.95),
(2003, 985, 509, 2, 2, 50, 1, 12.95),
(2004, 986, 873, 2, 2, 73, 8, 4.5),
(2005, 986, 873, 2, 2, 73, 1, 12.95),
(2006, 986, 873, 2, 2, 73, 2, 18.95),
(2007, 987, 359, 4, 1, 10, 8, 4.5),
(2008, 988, 317, 4, 4, 55, 8, 4.5),
(2009, 989, 500, 3, 3, 89, 6, 2.95),
(2010, 989, 500, 3, 3, 89, 7, 3.95),
(2011, 990, 543, 1, 2, 44, 8, 4.5),
(2012, 990, 543, 1, 2, 44, 5, 2.25),
(2013, 991, 804, 1, 3, 35, 1, 12.95),
(2014, 991, 804, 1, 3, 35, 5, 2.25),
(2015, 991, 804, 1, 3, 35, 7, 3.95),
(2016, 992, 247, 4, 4, 53, 4, 6.5),
(2017, 992, 247, 4, 4, 53, 8, 4.5),
(2018, 993, 989, 3, 1, 65, 6, 2.95),
(2019, 993, 989, 3, 1, 65, 1, 12.95),
(2020, 994, 645, 1, 4, 15, 4, 6.5),
(2021, 995, 637, 1, 3, 77, 2, 18.95),
(2022, 995, 637, 1, 3, 77, 1, 12.95),
(2023, 995, 637, 1, 3, 77, 2, 18.95),
(2024, 996, 199, 4, 5, 75, 7, 3.95),
(2025, 996, 199, 4, 5, 75, 7, 3.95),
(2026, 996, 199, 4, 5, 75, 6, 2.95),
(2027, 997, 10, 2, 3, 67, 7, 3.95),
(2028, 997, 10, 2, 3, 67, 4, 6.5),
(2029, 997, 10, 2, 3, 67, 6, 2.95),
(2030, 998, 861, 1, 3, 17, 7, 3.95),
(2031, 999, 118, 3, 1, 38, 6, 2.95),
(2032, 999, 118, 3, 1, 38, 6, 2.95),
(2033, 999, 118, 3, 1, 38, 3, 1.5),
(2034, 1000, 413, 2, 4, 92, 8, 4.5),
(2035, 1000, 413, 2, 4, 92, 4, 6.5),
(2036, 1000, 413, 2, 4, 92, 6, 2.95),
(2037, 1001, 927, 1, 3, 9, 4, 6.5),
(2038, 1002, 496, 4, 3, 43, 1, 12.95),
(2039, 1002, 496, 4, 3, 43, 3, 1.5),
(2040, 1003, 308, 4, 3, 79, 2, 18.95),
(2041, 1004, 612, 1, 5, 24, 4, 6.5),
(2042, 1004, 612, 1, 5, 24, 8, 4.5),
(2043, 1004, 612, 1, 5, 24, 1, 12.95),
(2044, 1005, 472, 1, 4, 64, 6, 2.95),
(2045, 1005, 472, 1, 4, 64, 2, 18.95),
(2046, 1006, 242, 2, 4, 8, 3, 1.5),
(2047, 1006, 242, 2, 4, 8, 7, 3.95),
(2048, 1006, 242, 2, 4, 8, 6, 2.95),
(2049, 1007, 974, 4, 4, 21, 3, 1.5),
(2050, 1007, 974, 4, 4, 21, 2, 18.95),
(2051, 1008, 547, 2, 2, 25, 5, 2.25),
(2052, 1008, 547, 2, 2, 25, 2, 18.95),
(2053, 1008, 547, 2, 2, 25, 3, 1.5),
(2054, 1009, 264, 4, 2, 35, 1, 12.95),
(2055, 1009, 264, 4, 2, 35, 5, 2.25),
(2056, 1009, 264, 4, 2, 35, 1, 12.95),
(2057, 1010, 988, 1, 2, 26, 3, 1.5),
(2058, 1010, 988, 1, 2, 26, 6, 2.95),
(2059, 1011, 725, 2, 3, 75, 3, 1.5),
(2060, 1011, 725, 2, 3, 75, 3, 1.5),
(2061, 1011, 725, 2, 3, 75, 6, 2.95),
(2062, 1012, 717, 2, 5, 1, 4, 6.5),
(2063, 1012, 717, 2, 5, 1, 4, 6.5),
(2064, 1012, 717, 2, 5, 1, 3, 1.5),
(2065, 1013, 158, 2, 2, 77, 7, 3.95),
(2066, 1014, 783, 1, 2, 85, 3, 1.5),
(2067, 1014, 783, 1, 2, 85, 3, 1.5),
(2068, 1015, 801, 3, 5, 50, 7, 3.95),
(2069, 1015, 801, 3, 5, 50, 5, 2.25),
(2070, 1016, 117, 2, 2, 20, 1, 12.95),
(2071, 1016, 117, 2, 2, 20, 4, 6.5),
(2072, 1017, 464, 4, 4, 37, 1, 12.95),
(2073, 1018, 505, 4, 3, 14, 5, 2.25),
(2074, 1018, 505, 4, 3, 14, 2, 18.95),
(2075, 1019, 491, 1, 5, 77, 1, 12.95),
(2076, 1020, 545, 2, 1, 1, 4, 6.5),
(2077, 1021, 200, 3, 2, 7, 8, 4.5),
(2078, 1022, 638, 4, 5, 90, 6, 2.95),
(2079, 1022, 638, 4, 5, 90, 8, 4.5),
(2080, 1023, 861, 2, 5, 6, 1, 12.95),
(2081, 1023, 861, 2, 5, 6, 5, 2.25),
(2082, 1024, 551, 1, 4, 90, 5, 2.25),
(2083, 1024, 551, 1, 4, 90, 2, 18.95),
(2084, 1025, 11, 4, 4, 22, 4, 6.5),
(2085, 1025, 11, 4, 4, 22, 2, 18.95),
(2086, 1025, 11, 4, 4, 22, 4, 6.5),
(2087, 1026, 871, 3, 4, 94, 5, 2.25),
(2088, 1026, 871, 3, 4, 94, 7, 3.95),
(2089, 1027, 67, 3, 3, 24, 3, 1.5),
(2090, 1027, 67, 3, 3, 24, 6, 2.95),
(2091, 1028, 604, 1, 5, 83, 4, 6.5),
(2092, 1029, 397, 4, 3, 9, 4, 6.5),
(2093, 1029, 397, 4, 3, 9, 4, 6.5),
(2094, 1029, 397, 4, 3, 9, 3, 1.5),
(2095, 1030, 203, 4, 5, 65, 5, 2.25),
(2096, 1031, 853, 1, 3, 92, 8, 4.5),
(2097, 1031, 853, 1, 3, 92, 8, 4.5),
(2098, 1032, 642, 2, 2, 75, 4, 6.5),
(2099, 1032, 642, 2, 2, 75, 6, 2.95),
(2100, 1033, 886, 1, 1, 41, 8, 4.5),
(2101, 1033, 886, 1, 1, 41, 5, 2.25),
(2102, 1033, 886, 1, 1, 41, 5, 2.25),
(2103, 1034, 810, 4, 2, 56, 6, 2.95),
(2104, 1034, 810, 4, 2, 56, 6, 2.95),
(2105, 1035, 300, 3, 4, 51, 8, 4.5),
(2106, 1035, 300, 3, 4, 51, 1, 12.95),
(2107, 1035, 300, 3, 4, 51, 2, 18.95),
(2108, 1036, 207, 1, 4, 20, 2, 18.95),
(2109, 1036, 207, 1, 4, 20, 5, 2.25),
(2110, 1037, 798, 3, 3, 27, 8, 4.5),
(2111, 1037, 798, 3, 3, 27, 5, 2.25),
(2112, 1037, 798, 3, 3, 27, 3, 1.5),
(2113, 1038, 478, 1, 2, 17, 5, 2.25),
(2114, 1038, 478, 1, 2, 17, 2, 18.95),
(2115, 1039, 474, 4, 2, 38, 8, 4.5),
(2116, 1039, 474, 4, 2, 38, 3, 1.5),
(2117, 1040, 521, 4, 5, 53, 5, 2.25),
(2118, 1041, 47, 4, 2, 71, 4, 6.5),
(2119, 1041, 47, 4, 2, 71, 2, 18.95),
(2120, 1042, 58, 3, 3, 63, 6, 2.95),
(2121, 1043, 247, 3, 4, 48, 6, 2.95),
(2122, 1043, 247, 3, 4, 48, 2, 18.95),
(2123, 1044, 497, 2, 3, 89, 1, 12.95),
(2124, 1045, 849, 1, 3, 25, 5, 2.25),
(2125, 1045, 849, 1, 3, 25, 2, 18.95),
(2126, 1045, 849, 1, 3, 25, 4, 6.5),
(2127, 1046, 119, 2, 5, 40, 2, 18.95),
(2128, 1047, 854, 1, 5, 82, 4, 6.5),
(2129, 1047, 854, 1, 5, 82, 2, 18.95),
(2130, 1047, 854, 1, 5, 82, 4, 6.5),
(2131, 1048, 770, 1, 2, 3, 6, 2.95),
(2132, 1048, 770, 1, 2, 3, 2, 18.95),
(2133, 1049, 590, 2, 5, 37, 6, 2.95),
(2134, 1049, 590, 2, 5, 37, 7, 3.95),
(2135, 1050, 829, 2, 2, 8, 4, 6.5),
(2136, 1050, 829, 2, 2, 8, 7, 3.95),
(2137, 1050, 829, 2, 2, 8, 1, 12.95),
(2138, 1051, 478, 3, 1, 61, 6, 2.95),
(2139, 1052, 113, 2, 1, 96, 1, 12.95),
(2140, 1052, 113, 2, 1, 96, 6, 2.95),
(2141, 1052, 113, 2, 1, 96, 4, 6.5),
(2142, 1053, 374, 1, 5, 52, 4, 6.5),
(2143, 1054, 504, 3, 1, 76, 6, 2.95),
(2144, 1055, 738, 3, 4, 31, 4, 6.5),
(2145, 1056, 193, 1, 5, 82, 2, 18.95),
(2146, 1056, 193, 1, 5, 82, 7, 3.95),
(2147, 1056, 193, 1, 5, 82, 2, 18.95),
(2148, 1057, 689, 2, 2, 77, 2, 18.95),
(2149, 1057, 689, 2, 2, 77, 5, 2.25),
(2150, 1057, 689, 2, 2, 77, 2, 18.95),
(2151, 1058, 101, 4, 5, 90, 6, 2.95),
(2152, 1058, 101, 4, 5, 90, 8, 4.5),
(2153, 1058, 101, 4, 5, 90, 1, 12.95),
(2154, 1059, 528, 3, 1, 35, 2, 18.95),
(2155, 1059, 528, 3, 1, 35, 2, 18.95),
(2156, 1059, 528, 3, 1, 35, 1, 12.95),
(2157, 1060, 216, 3, 5, 86, 6, 2.95),
(2158, 1060, 216, 3, 5, 86, 7, 3.95),
(2159, 1060, 216, 3, 5, 86, 1, 12.95),
(2160, 1061, 417, 3, 4, 63, 5, 2.25),
(2161, 1062, 905, 4, 1, 74, 8, 4.5),
(2162, 1062, 905, 4, 1, 74, 5, 2.25),
(2163, 1063, 240, 2, 4, 8, 4, 6.5),
(2164, 1063, 240, 2, 4, 8, 7, 3.95),
(2165, 1064, 392, 4, 5, 6, 1, 12.95),
(2166, 1064, 392, 4, 5, 6, 1, 12.95),
(2167, 1064, 392, 4, 5, 6, 1, 12.95),
(2168, 1065, 962, 4, 5, 5, 2, 18.95),
(2169, 1065, 962, 4, 5, 5, 1, 12.95),
(2170, 1066, 573, 4, 2, 81, 7, 3.95),
(2171, 1067, 658, 1, 4, 7, 8, 4.5),
(2172, 1067, 658, 1, 4, 7, 7, 3.95),
(2173, 1067, 658, 1, 4, 7, 5, 2.25),
(2174, 1068, 349, 3, 4, 68, 4, 6.5),
(2175, 1068, 349, 3, 4, 68, 4, 6.5),
(2176, 1069, 823, 1, 5, 90, 8, 4.5),
(2177, 1069, 823, 1, 5, 90, 2, 18.95),
(2178, 1070, 490, 2, 5, 82, 7, 3.95),
(2179, 1070, 490, 2, 5, 82, 4, 6.5),
(2180, 1071, 877, 2, 1, 32, 6, 2.95),
(2181, 1071, 877, 2, 1, 32, 8, 4.5),
(2182, 1072, 317, 1, 3, 65, 1, 12.95),
(2183, 1072, 317, 1, 3, 65, 7, 3.95),
(2184, 1072, 317, 1, 3, 65, 7, 3.95),
(2185, 1073, 629, 4, 4, 54, 7, 3.95),
(2186, 1074, 362, 4, 2, 57, 8, 4.5),
(2187, 1074, 362, 4, 2, 57, 8, 4.5),
(2188, 1075, 349, 1, 4, 92, 8, 4.5),
(2189, 1076, 833, 4, 5, 32, 3, 1.5),
(2190, 1076, 833, 4, 5, 32, 6, 2.95),
(2191, 1077, 990, 2, 3, 3, 8, 4.5),
(2192, 1078, 536, 3, 5, 81, 1, 12.95),
(2193, 1079, 56, 3, 2, 24, 1, 12.95),
(2194, 1079, 56, 3, 2, 24, 2, 18.95),
(2195, 1079, 56, 3, 2, 24, 5, 2.25),
(2196, 1080, 767, 1, 3, 17, 3, 1.5),
(2197, 1080, 767, 1, 3, 17, 6, 2.95),
(2198, 1081, 4, 1, 1, 52, 3, 1.5),
(2199, 1081, 4, 1, 1, 52, 1, 12.95),
(2200, 1082, 265, 2, 5, 76, 3, 1.5),
(2201, 1083, 863, 1, 2, 54, 7, 3.95),
(2202, 1083, 863, 1, 2, 54, 6, 2.95),
(2203, 1084, 40, 1, 5, 29, 6, 2.95),
(2204, 1085, 419, 3, 4, 41, 1, 12.95),
(2205, 1085, 419, 3, 4, 41, 7, 3.95),
(2206, 1086, 302, 2, 5, 44, 7, 3.95),
(2207, 1086, 302, 2, 5, 44, 8, 4.5),
(2208, 1086, 302, 2, 5, 44, 8, 4.5),
(2209, 1087, 445, 1, 4, 11, 2, 18.95),
(2210, 1087, 445, 1, 4, 11, 2, 18.95),
(2211, 1088, 93, 4, 2, 90, 7, 3.95),
(2212, 1088, 93, 4, 2, 90, 4, 6.5),
(2213, 1088, 93, 4, 2, 90, 5, 2.25),
(2214, 1089, 278, 2, 3, 4, 3, 1.5),
(2215, 1089, 278, 2, 3, 4, 4, 6.5),
(2216, 1090, 694, 1, 4, 19, 2, 18.95),
(2217, 1090, 694, 1, 4, 19, 1, 12.95),
(2218, 1090, 694, 1, 4, 19, 4, 6.5),
(2219, 1091, 531, 4, 2, 9, 4, 6.5),
(2220, 1092, 879, 2, 1, 69, 2, 18.95),
(2221, 1092, 879, 2, 1, 69, 4, 6.5),
(2222, 1092, 879, 2, 1, 69, 2, 18.95),
(2223, 1093, 778, 1, 3, 34, 2, 18.95),
(2224, 1093, 778, 1, 3, 34, 3, 1.5),
(2225, 1094, 156, 4, 1, 66, 5, 2.25),
(2226, 1094, 156, 4, 1, 66, 4, 6.5),
(2227, 1095, 448, 3, 4, 72, 3, 1.5),
(2228, 1096, 928, 2, 1, 56, 1, 12.95),
(2229, 1097, 593, 1, 1, 12, 3, 1.5),
(2230, 1098, 113, 3, 2, 86, 8, 4.5),
(2231, 1098, 113, 3, 2, 86, 2, 18.95),
(2232, 1099, 772, 1, 2, 33, 3, 1.5),
(2233, 1100, 622, 3, 2, 75, 8, 4.5),
(2234, 1100, 622, 3, 2, 75, 1, 12.95),
(2235, 1100, 622, 3, 2, 75, 4, 6.5),
(2236, 1101, 508, 4, 4, 39, 6, 2.95),
(2237, 1101, 508, 4, 4, 39, 6, 2.95),
(2238, 1101, 508, 4, 4, 39, 4, 6.5),
(2239, 1102, 429, 1, 4, 27, 3, 1.5),
(2240, 1103, 695, 4, 3, 9, 7, 3.95),
(2241, 1103, 695, 4, 3, 9, 4, 6.5),
(2242, 1104, 134, 2, 4, 31, 2, 18.95),
(2243, 1105, 551, 2, 4, 82, 2, 18.95),
(2244, 1105, 551, 2, 4, 82, 3, 1.5),
(2245, 1106, 856, 1, 5, 78, 7, 3.95),
(2246, 1107, 781, 4, 4, 22, 4, 6.5),
(2247, 1107, 781, 4, 4, 22, 6, 2.95),
(2248, 1108, 834, 2, 4, 12, 1, 12.95),
(2249, 1109, 230, 4, 4, 30, 7, 3.95),
(2250, 1109, 230, 4, 4, 30, 2, 18.95),
(2251, 1109, 230, 4, 4, 30, 8, 4.5),
(2252, 1110, 424, 4, 4, 17, 1, 12.95),
(2253, 1110, 424, 4, 4, 17, 2, 18.95),
(2254, 1111, 604, 1, 2, 86, 8, 4.5),
(2255, 1111, 604, 1, 2, 86, 2, 18.95),
(2256, 1111, 604, 1, 2, 86, 1, 12.95),
(2257, 1112, 538, 3, 4, 29, 5, 2.25),
(2258, 1112, 538, 3, 4, 29, 8, 4.5),
(2259, 1112, 538, 3, 4, 29, 3, 1.5),
(2260, 1113, 72, 2, 3, 59, 6, 2.95),
(2261, 1113, 72, 2, 3, 59, 6, 2.95),
(2262, 1113, 72, 2, 3, 59, 4, 6.5),
(2263, 1114, 238, 4, 5, 56, 5, 2.25),
(2264, 1114, 238, 4, 5, 56, 5, 2.25),
(2265, 1115, 57, 3, 3, 80, 2, 18.95),
(2266, 1115, 57, 3, 3, 80, 3, 1.5),
(2267, 1115, 57, 3, 3, 80, 4, 6.5),
(2268, 1116, 988, 2, 5, 57, 3, 1.5),
(2269, 1116, 988, 2, 5, 57, 5, 2.25),
(2270, 1117, 285, 3, 1, 13, 8, 4.5),
(2271, 1117, 285, 3, 1, 13, 5, 2.25),
(2272, 1117, 285, 3, 1, 13, 6, 2.95),
(2273, 1118, 57, 1, 5, 36, 1, 12.95),
(2274, 1118, 57, 1, 5, 36, 7, 3.95),
(2275, 1119, 230, 2, 5, 6, 7, 3.95),
(2276, 1120, 366, 4, 1, 49, 6, 2.95),
(2277, 1121, 740, 1, 3, 47, 4, 6.5),
(2278, 1122, 652, 1, 3, 35, 2, 18.95),
(2279, 1122, 652, 1, 3, 35, 4, 6.5),
(2280, 1122, 652, 1, 3, 35, 4, 6.5),
(2281, 1123, 62, 2, 5, 87, 4, 6.5),
(2282, 1123, 62, 2, 5, 87, 1, 12.95),
(2283, 1123, 62, 2, 5, 87, 4, 6.5),
(2284, 1124, 109, 4, 4, 87, 3, 1.5),
(2285, 1125, 721, 2, 4, 12, 2, 18.95),
(2286, 1125, 721, 2, 4, 12, 8, 4.5),
(2287, 1126, 19, 3, 2, 8, 2, 18.95),
(2288, 1127, 504, 1, 2, 65, 1, 12.95),
(2289, 1127, 504, 1, 2, 65, 5, 2.25),
(2290, 1127, 504, 1, 2, 65, 7, 3.95),
(2291, 1128, 527, 3, 5, 7, 7, 3.95),
(2292, 1128, 527, 3, 5, 7, 1, 12.95),
(2293, 1129, 415, 3, 4, 7, 1, 12.95),
(2294, 1129, 415, 3, 4, 7, 4, 6.5),
(2295, 1129, 415, 3, 4, 7, 5, 2.25),
(2296, 1130, 5, 3, 2, 38, 8, 4.5),
(2297, 1130, 5, 3, 2, 38, 7, 3.95),
(2298, 1130, 5, 3, 2, 38, 1, 12.95),
(2299, 1131, 177, 2, 5, 28, 1, 12.95),
(2300, 1131, 177, 2, 5, 28, 6, 2.95),
(2301, 1132, 961, 2, 3, 19, 1, 12.95),
(2302, 1133, 98, 4, 2, 13, 6, 2.95),
(2303, 1133, 98, 4, 2, 13, 4, 6.5),
(2304, 1133, 98, 4, 2, 13, 8, 4.5),
(2305, 1134, 197, 1, 1, 78, 7, 3.95),
(2306, 1134, 197, 1, 1, 78, 4, 6.5),
(2307, 1134, 197, 1, 1, 78, 7, 3.95),
(2308, 1135, 837, 3, 5, 51, 4, 6.5),
(2309, 1135, 837, 3, 5, 51, 3, 1.5),
(2310, 1135, 837, 3, 5, 51, 3, 1.5),
(2311, 1136, 723, 1, 3, 64, 7, 3.95),
(2312, 1137, 336, 1, 3, 7, 4, 6.5),
(2313, 1138, 512, 3, 1, 30, 2, 18.95),
(2314, 1139, 434, 3, 5, 19, 3, 1.5),
(2315, 1139, 434, 3, 5, 19, 7, 3.95),
(2316, 1139, 434, 3, 5, 19, 8, 4.5),
(2317, 1140, 639, 3, 4, 89, 3, 1.5),
(2318, 1140, 639, 3, 4, 89, 3, 1.5),
(2319, 1140, 639, 3, 4, 89, 2, 18.95),
(2320, 1141, 929, 1, 1, 42, 6, 2.95),
(2321, 1141, 929, 1, 1, 42, 3, 1.5),
(2322, 1141, 929, 1, 1, 42, 4, 6.5),
(2323, 1142, 63, 3, 2, 35, 3, 1.5),
(2324, 1142, 63, 3, 2, 35, 4, 6.5),
(2325, 1142, 63, 3, 2, 35, 8, 4.5),
(2326, 1143, 703, 3, 4, 72, 2, 18.95),
(2327, 1143, 703, 3, 4, 72, 6, 2.95),
(2328, 1143, 703, 3, 4, 72, 4, 6.5),
(2329, 1144, 859, 3, 4, 54, 4, 6.5),
(2330, 1144, 859, 3, 4, 54, 1, 12.95),
(2331, 1144, 859, 3, 4, 54, 8, 4.5),
(2332, 1145, 607, 4, 4, 40, 2, 18.95),
(2333, 1146, 413, 3, 4, 71, 6, 2.95),
(2334, 1146, 413, 3, 4, 71, 3, 1.5),
(2335, 1146, 413, 3, 4, 71, 6, 2.95),
(2336, 1147, 2, 4, 2, 92, 6, 2.95),
(2337, 1148, 221, 3, 3, 23, 8, 4.5),
(2338, 1148, 221, 3, 3, 23, 1, 12.95),
(2339, 1149, 293, 4, 3, 39, 5, 2.25),
(2340, 1149, 293, 4, 3, 39, 5, 2.25),
(2341, 1150, 787, 4, 4, 12, 3, 1.5),
(2342, 1151, 179, 4, 1, 10, 2, 18.95),
(2343, 1151, 179, 4, 1, 10, 6, 2.95),
(2344, 1152, 797, 1, 2, 18, 5, 2.25),
(2345, 1153, 616, 3, 2, 32, 3, 1.5),
(2346, 1154, 987, 2, 5, 11, 5, 2.25),
(2347, 1154, 987, 2, 5, 11, 3, 1.5),
(2348, 1154, 987, 2, 5, 11, 5, 2.25),
(2349, 1155, 242, 2, 4, 78, 1, 12.95),
(2350, 1155, 242, 2, 4, 78, 6, 2.95),
(2351, 1155, 242, 2, 4, 78, 4, 6.5),
(2352, 1156, 763, 1, 1, 64, 3, 1.5),
(2353, 1157, 554, 4, 3, 48, 7, 3.95),
(2354, 1157, 554, 4, 3, 48, 8, 4.5),
(2355, 1157, 554, 4, 3, 48, 7, 3.95),
(2356, 1158, 462, 4, 2, 71, 8, 4.5),
(2357, 1159, 863, 2, 5, 45, 1, 12.95),
(2358, 1160, 822, 4, 1, 45, 6, 2.95),
(2359, 1161, 568, 1, 3, 16, 3, 1.5),
(2360, 1161, 568, 1, 3, 16, 4, 6.5),
(2361, 1162, 60, 1, 5, 91, 4, 6.5),
(2362, 1162, 60, 1, 5, 91, 5, 2.25),
(2363, 1163, 17, 4, 4, 58, 8, 4.5),
(2364, 1163, 17, 4, 4, 58, 1, 12.95),
(2365, 1163, 17, 4, 4, 58, 5, 2.25),
(2366, 1164, 248, 1, 4, 23, 8, 4.5),
(2367, 1164, 248, 1, 4, 23, 7, 3.95),
(2368, 1164, 248, 1, 4, 23, 5, 2.25),
(2369, 1165, 365, 2, 2, 91, 1, 12.95),
(2370, 1165, 365, 2, 2, 91, 5, 2.25),
(2371, 1166, 579, 4, 4, 48, 4, 6.5),
(2372, 1167, 925, 3, 2, 49, 1, 12.95),
(2373, 1167, 925, 3, 2, 49, 2, 18.95),
(2374, 1167, 925, 3, 2, 49, 3, 1.5),
(2375, 1168, 876, 1, 3, 92, 8, 4.5),
(2376, 1169, 728, 4, 5, 60, 2, 18.95),
(2377, 1169, 728, 4, 5, 60, 3, 1.5),
(2378, 1169, 728, 4, 5, 60, 7, 3.95),
(2379, 1170, 768, 3, 5, 82, 1, 12.95),
(2380, 1170, 768, 3, 5, 82, 6, 2.95),
(2381, 1171, 609, 3, 2, 24, 4, 6.5),
(2382, 1171, 609, 3, 2, 24, 1, 12.95),
(2383, 1172, 847, 2, 3, 83, 6, 2.95),
(2384, 1173, 383, 4, 5, 44, 7, 3.95),
(2385, 1173, 383, 4, 5, 44, 6, 2.95),
(2386, 1173, 383, 4, 5, 44, 8, 4.5),
(2387, 1174, 919, 2, 4, 31, 4, 6.5),
(2388, 1174, 919, 2, 4, 31, 2, 18.95),
(2389, 1175, 321, 1, 2, 12, 1, 12.95),
(2390, 1176, 841, 3, 1, 56, 3, 1.5),
(2391, 1177, 729, 2, 1, 30, 2, 18.95),
(2392, 1177, 729, 2, 1, 30, 8, 4.5),
(2393, 1177, 729, 2, 1, 30, 1, 12.95),
(2394, 1178, 511, 2, 1, 79, 3, 1.5),
(2395, 1179, 866, 1, 1, 7, 2, 18.95),
(2396, 1179, 866, 1, 1, 7, 3, 1.5),
(2397, 1180, 866, 4, 4, 84, 4, 6.5),
(2398, 1180, 866, 4, 4, 84, 5, 2.25),
(2399, 1180, 866, 4, 4, 84, 5, 2.25),
(2400, 1181, 918, 4, 5, 93, 8, 4.5),
(2401, 1182, 278, 4, 5, 8, 3, 1.5),
(2402, 1183, 385, 1, 2, 45, 1, 12.95),
(2403, 1183, 385, 1, 2, 45, 7, 3.95),
(2404, 1183, 385, 1, 2, 45, 3, 1.5),
(2405, 1184, 834, 3, 2, 66, 6, 2.95),
(2406, 1184, 834, 3, 2, 66, 8, 4.5),
(2407, 1184, 834, 3, 2, 66, 3, 1.5),
(2408, 1185, 174, 4, 4, 4, 6, 2.95),
(2409, 1185, 174, 4, 4, 4, 3, 1.5),
(2410, 1186, 596, 4, 1, 12, 4, 6.5),
(2411, 1186, 596, 4, 1, 12, 5, 2.25),
(2412, 1187, 843, 4, 3, 91, 7, 3.95),
(2413, 1187, 843, 4, 3, 91, 2, 18.95),
(2414, 1188, 171, 1, 4, 40, 6, 2.95),
(2415, 1189, 937, 4, 5, 79, 4, 6.5),
(2416, 1189, 937, 4, 5, 79, 2, 18.95),
(2417, 1189, 937, 4, 5, 79, 1, 12.95),
(2418, 1190, 164, 2, 3, 15, 7, 3.95),
(2419, 1191, 27, 2, 2, 78, 7, 3.95),
(2420, 1191, 27, 2, 2, 78, 5, 2.25),
(2421, 1191, 27, 2, 2, 78, 5, 2.25),
(2422, 1192, 353, 4, 1, 9, 7, 3.95),
(2423, 1192, 353, 4, 1, 9, 5, 2.25),
(2424, 1193, 406, 1, 4, 66, 5, 2.25),
(2425, 1193, 406, 1, 4, 66, 1, 12.95),
(2426, 1194, 927, 4, 3, 3, 1, 12.95),
(2427, 1194, 927, 4, 3, 3, 7, 3.95),
(2428, 1195, 657, 4, 3, 76, 2, 18.95),
(2429, 1195, 657, 4, 3, 76, 1, 12.95),
(2430, 1195, 657, 4, 3, 76, 5, 2.25),
(2431, 1196, 579, 1, 2, 54, 7, 3.95),
(2432, 1197, 648, 4, 4, 82, 7, 3.95),
(2433, 1197, 648, 4, 4, 82, 8, 4.5),
(2434, 1197, 648, 4, 4, 82, 3, 1.5),
(2435, 1198, 146, 3, 4, 10, 7, 3.95),
(2436, 1198, 146, 3, 4, 10, 6, 2.95),
(2437, 1199, 189, 1, 2, 20, 5, 2.25),
(2438, 1200, 573, 3, 4, 23, 7, 3.95),
(2439, 1200, 573, 3, 4, 23, 4, 6.5),
(2440, 1201, 331, 3, 3, 3, 2, 18.95),
(2441, 1201, 331, 3, 3, 3, 1, 12.95),
(2442, 1201, 331, 3, 3, 3, 4, 6.5),
(2443, 1202, 844, 3, 4, 22, 2, 18.95),
(2444, 1202, 844, 3, 4, 22, 4, 6.5),
(2445, 1203, 242, 4, 5, 82, 5, 2.25),
(2446, 1203, 242, 4, 5, 82, 5, 2.25),
(2447, 1204, 640, 4, 3, 69, 1, 12.95),
(2448, 1204, 640, 4, 3, 69, 7, 3.95),
(2449, 1204, 640, 4, 3, 69, 8, 4.5),
(2450, 1205, 119, 3, 1, 76, 5, 2.25),
(2451, 1205, 119, 3, 1, 76, 6, 2.95),
(2452, 1206, 543, 3, 5, 64, 3, 1.5),
(2453, 1207, 588, 1, 2, 88, 4, 6.5),
(2454, 1207, 588, 1, 2, 88, 5, 2.25),
(2455, 1208, 102, 2, 5, 28, 7, 3.95),
(2456, 1209, 512, 3, 1, 10, 8, 4.5),
(2457, 1209, 512, 3, 1, 10, 7, 3.95),
(2458, 1210, 267, 3, 4, 89, 8, 4.5),
(2459, 1211, 744, 1, 1, 70, 8, 4.5),
(2460, 1211, 744, 1, 1, 70, 4, 6.5),
(2461, 1212, 359, 2, 2, 91, 8, 4.5),
(2462, 1212, 359, 2, 2, 91, 3, 1.5),
(2463, 1212, 359, 2, 2, 91, 8, 4.5),
(2464, 1213, 18, 1, 1, 24, 6, 2.95),
(2465, 1213, 18, 1, 1, 24, 1, 12.95),
(2466, 1214, 260, 2, 5, 56, 6, 2.95),
(2467, 1214, 260, 2, 5, 56, 6, 2.95),
(2468, 1214, 260, 2, 5, 56, 8, 4.5),
(2469, 1215, 842, 1, 5, 55, 1, 12.95),
(2470, 1216, 795, 3, 5, 22, 8, 4.5),
(2471, 1216, 795, 3, 5, 22, 7, 3.95),
(2472, 1217, 857, 2, 3, 42, 3, 1.5),
(2473, 1218, 889, 1, 5, 73, 8, 4.5),
(2474, 1218, 889, 1, 5, 73, 6, 2.95),
(2475, 1218, 889, 1, 5, 73, 2, 18.95),
(2476, 1219, 886, 3, 3, 92, 5, 2.25),
(2477, 1219, 886, 3, 3, 92, 5, 2.25),
(2478, 1219, 886, 3, 3, 92, 1, 12.95),
(2479, 1220, 393, 2, 5, 38, 1, 12.95),
(2480, 1221, 557, 2, 5, 20, 5, 2.25),
(2481, 1222, 287, 4, 5, 78, 7, 3.95),
(2482, 1222, 287, 4, 5, 78, 4, 6.5),
(2483, 1223, 338, 3, 3, 76, 4, 6.5),
(2484, 1224, 717, 1, 5, 40, 7, 3.95),
(2485, 1224, 717, 1, 5, 40, 4, 6.5),
(2486, 1224, 717, 1, 5, 40, 8, 4.5),
(2487, 1225, 892, 2, 5, 55, 2, 18.95),
(2488, 1226, 362, 4, 1, 22, 3, 1.5),
(2489, 1226, 362, 4, 1, 22, 4, 6.5),
(2490, 1227, 397, 2, 1, 29, 3, 1.5),
(2491, 1227, 397, 2, 1, 29, 1, 12.95),
(2492, 1227, 397, 2, 1, 29, 7, 3.95),
(2493, 1228, 725, 3, 1, 21, 8, 4.5),
(2494, 1228, 725, 3, 1, 21, 6, 2.95),
(2495, 1228, 725, 3, 1, 21, 1, 12.95),
(2496, 1229, 192, 2, 3, 67, 7, 3.95),
(2497, 1230, 478, 3, 4, 12, 5, 2.25),
(2498, 1230, 478, 3, 4, 12, 8, 4.5),
(2499, 1230, 478, 3, 4, 12, 1, 12.95),
(2500, 1231, 806, 1, 3, 33, 5, 2.25),
(2501, 1231, 806, 1, 3, 33, 2, 18.95),
(2502, 1232, 978, 3, 4, 74, 2, 18.95),
(2503, 1233, 283, 2, 3, 34, 6, 2.95),
(2504, 1233, 283, 2, 3, 34, 2, 18.95),
(2505, 1234, 236, 1, 2, 16, 5, 2.25),
(2506, 1235, 284, 3, 2, 76, 4, 6.5),
(2507, 1236, 535, 4, 1, 8, 2, 18.95),
(2508, 1236, 535, 4, 1, 8, 8, 4.5),
(2509, 1237, 597, 2, 3, 41, 3, 1.5),
(2510, 1238, 451, 3, 2, 82, 6, 2.95),
(2511, 1238, 451, 3, 2, 82, 8, 4.5),
(2512, 1238, 451, 3, 2, 82, 3, 1.5),
(2513, 1239, 253, 2, 5, 23, 1, 12.95),
(2514, 1239, 253, 2, 5, 23, 6, 2.95),
(2515, 1239, 253, 2, 5, 23, 2, 18.95),
(2516, 1240, 496, 3, 4, 66, 5, 2.25),
(2517, 1240, 496, 3, 4, 66, 5, 2.25),
(2518, 1241, 460, 2, 2, 56, 7, 3.95),
(2519, 1241, 460, 2, 2, 56, 7, 3.95),
(2520, 1241, 460, 2, 2, 56, 3, 1.5),
(2521, 1242, 163, 2, 4, 83, 6, 2.95),
(2522, 1242, 163, 2, 4, 83, 6, 2.95),
(2523, 1243, 472, 1, 5, 63, 1, 12.95),
(2524, 1244, 505, 1, 3, 53, 5, 2.25),
(2525, 1244, 505, 1, 3, 53, 6, 2.95),
(2526, 1244, 505, 1, 3, 53, 3, 1.5),
(2527, 1245, 735, 1, 1, 55, 6, 2.95),
(2528, 1245, 735, 1, 1, 55, 6, 2.95),
(2529, 1245, 735, 1, 1, 55, 3, 1.5),
(2530, 1246, 496, 1, 1, 43, 1, 12.95),
(2531, 1247, 38, 2, 1, 24, 3, 1.5),
(2532, 1247, 38, 2, 1, 24, 5, 2.25),
(2533, 1248, 787, 3, 3, 59, 8, 4.5),
(2534, 1248, 787, 3, 3, 59, 8, 4.5),
(2535, 1248, 787, 3, 3, 59, 6, 2.95),
(2536, 1249, 610, 3, 4, 12, 1, 12.95),
(2537, 1249, 610, 3, 4, 12, 7, 3.95),
(2538, 1250, 578, 2, 3, 45, 5, 2.25),
(2539, 1251, 824, 2, 1, 52, 7, 3.95),
(2540, 1251, 824, 2, 1, 52, 3, 1.5),
(2541, 1251, 824, 2, 1, 52, 8, 4.5),
(2542, 1252, 118, 4, 1, 15, 8, 4.5),
(2543, 1253, 737, 2, 3, 8, 2, 18.95),
(2544, 1253, 737, 2, 3, 8, 1, 12.95),
(2545, 1254, 212, 3, 1, 60, 5, 2.25),
(2546, 1254, 212, 3, 1, 60, 8, 4.5),
(2547, 1254, 212, 3, 1, 60, 3, 1.5),
(2548, 1255, 960, 3, 1, 15, 2, 18.95),
(2549, 1256, 766, 2, 2, 68, 8, 4.5),
(2550, 1257, 27, 4, 1, 66, 6, 2.95),
(2551, 1258, 44, 2, 2, 54, 4, 6.5),
(2552, 1259, 431, 3, 3, 15, 7, 3.95),
(2553, 1259, 431, 3, 3, 15, 3, 1.5),
(2554, 1259, 431, 3, 3, 15, 5, 2.25),
(2555, 1260, 348, 2, 2, 19, 6, 2.95),
(2556, 1260, 348, 2, 2, 19, 5, 2.25),
(2557, 1260, 348, 2, 2, 19, 4, 6.5),
(2558, 1261, 221, 1, 4, 15, 7, 3.95),
(2559, 1262, 731, 4, 4, 45, 2, 18.95),
(2560, 1262, 731, 4, 4, 45, 2, 18.95),
(2561, 1263, 940, 3, 1, 63, 8, 4.5),
(2562, 1263, 940, 3, 1, 63, 2, 18.95),
(2563, 1263, 940, 3, 1, 63, 4, 6.5),
(2564, 1264, 433, 2, 5, 69, 5, 2.25),
(2565, 1264, 433, 2, 5, 69, 6, 2.95),
(2566, 1264, 433, 2, 5, 69, 3, 1.5),
(2567, 1265, 633, 2, 1, 56, 3, 1.5),
(2568, 1265, 633, 2, 1, 56, 8, 4.5),
(2569, 1265, 633, 2, 1, 56, 1, 12.95),
(2570, 1266, 987, 1, 3, 57, 4, 6.5),
(2571, 1266, 987, 1, 3, 57, 3, 1.5),
(2572, 1267, 956, 1, 1, 37, 3, 1.5),
(2573, 1267, 956, 1, 1, 37, 6, 2.95),
(2574, 1268, 527, 2, 4, 83, 5, 2.25),
(2575, 1269, 737, 4, 5, 94, 7, 3.95),
(2576, 1270, 219, 2, 1, 46, 5, 2.25),
(2577, 1270, 219, 2, 1, 46, 2, 18.95),
(2578, 1271, 730, 1, 3, 78, 6, 2.95),
(2579, 1271, 730, 1, 3, 78, 5, 2.25),
(2580, 1271, 730, 1, 3, 78, 8, 4.5),
(2581, 1272, 698, 4, 1, 41, 2, 18.95),
(2582, 1272, 698, 4, 1, 41, 8, 4.5),
(2583, 1273, 793, 1, 3, 51, 4, 6.5),
(2584, 1274, 548, 1, 3, 28, 5, 2.25),
(2585, 1275, 180, 4, 4, 92, 7, 3.95),
(2586, 1275, 180, 4, 4, 92, 5, 2.25),
(2587, 1275, 180, 4, 4, 92, 6, 2.95),
(2588, 1276, 916, 3, 4, 31, 6, 2.95),
(2589, 1276, 916, 3, 4, 31, 5, 2.25),
(2590, 1277, 557, 4, 3, 43, 6, 2.95),
(2591, 1277, 557, 4, 3, 43, 1, 12.95),
(2592, 1278, 897, 3, 5, 82, 2, 18.95),
(2593, 1278, 897, 3, 5, 82, 6, 2.95),
(2594, 1278, 897, 3, 5, 82, 5, 2.25),
(2595, 1279, 450, 4, 2, 70, 1, 12.95),
(2596, 1280, 759, 4, 4, 23, 7, 3.95),
(2597, 1280, 759, 4, 4, 23, 4, 6.5),
(2598, 1281, 772, 1, 1, 93, 2, 18.95),
(2599, 1281, 772, 1, 1, 93, 1, 12.95),
(2600, 1281, 772, 1, 1, 93, 4, 6.5),
(2601, 1282, 503, 1, 4, 71, 5, 2.25),
(2602, 1282, 503, 1, 4, 71, 2, 18.95),
(2603, 1282, 503, 1, 4, 71, 1, 12.95),
(2604, 1283, 187, 1, 3, 81, 1, 12.95),
(2605, 1283, 187, 1, 3, 81, 2, 18.95),
(2606, 1284, 412, 4, 4, 88, 2, 18.95),
(2607, 1284, 412, 4, 4, 88, 6, 2.95),
(2608, 1284, 412, 4, 4, 88, 5, 2.25),
(2609, 1285, 293, 1, 4, 50, 1, 12.95),
(2610, 1285, 293, 1, 4, 50, 2, 18.95),
(2611, 1285, 293, 1, 4, 50, 7, 3.95),
(2612, 1286, 843, 2, 3, 16, 4, 6.5),
(2613, 1287, 818, 1, 1, 94, 5, 2.25),
(2614, 1287, 818, 1, 1, 94, 2, 18.95),
(2615, 1288, 183, 1, 1, 23, 5, 2.25),
(2616, 1288, 183, 1, 1, 23, 8, 4.5),
(2617, 1288, 183, 1, 1, 23, 1, 12.95),
(2618, 1289, 647, 4, 1, 8, 4, 6.5),
(2619, 1289, 647, 4, 1, 8, 2, 18.95),
(2620, 1290, 106, 3, 3, 35, 3, 1.5),
(2621, 1291, 388, 2, 1, 41, 1, 12.95),
(2622, 1291, 388, 2, 1, 41, 4, 6.5),
(2623, 1291, 388, 2, 1, 41, 5, 2.25),
(2624, 1292, 810, 1, 2, 34, 8, 4.5),
(2625, 1292, 810, 1, 2, 34, 2, 18.95),
(2626, 1292, 810, 1, 2, 34, 2, 18.95),
(2627, 1293, 647, 2, 1, 52, 4, 6.5),
(2628, 1294, 871, 1, 2, 56, 2, 18.95),
(2629, 1294, 871, 1, 2, 56, 2, 18.95),
(2630, 1294, 871, 1, 2, 56, 2, 18.95),
(2631, 1295, 669, 3, 2, 45, 2, 18.95),
(2632, 1295, 669, 3, 2, 45, 2, 18.95),
(2633, 1296, 260, 3, 3, 96, 8, 4.5),
(2634, 1296, 260, 3, 3, 96, 2, 18.95),
(2635, 1296, 260, 3, 3, 96, 1, 12.95),
(2636, 1297, 657, 3, 1, 17, 2, 18.95),
(2637, 1297, 657, 3, 1, 17, 3, 1.5),
(2638, 1298, 785, 1, 5, 16, 3, 1.5),
(2639, 1298, 785, 1, 5, 16, 8, 4.5),
(2640, 1299, 279, 1, 4, 35, 2, 18.95),
(2641, 1300, 870, 2, 1, 37, 7, 3.95),
(2642, 1300, 870, 2, 1, 37, 3, 1.5),
(2643, 1300, 870, 2, 1, 37, 5, 2.25),
(2644, 1301, 842, 3, 4, 61, 6, 2.95),
(2645, 1301, 842, 3, 4, 61, 6, 2.95),
(2646, 1302, 652, 1, 2, 73, 1, 12.95),
(2647, 1302, 652, 1, 2, 73, 7, 3.95),
(2648, 1302, 652, 1, 2, 73, 3, 1.5),
(2649, 1303, 959, 2, 5, 17, 4, 6.5),
(2650, 1304, 53, 3, 5, 83, 5, 2.25),
(2651, 1305, 663, 4, 2, 67, 2, 18.95),
(2652, 1305, 663, 4, 2, 67, 2, 18.95),
(2653, 1306, 825, 3, 1, 88, 2, 18.95),
(2654, 1307, 293, 3, 3, 51, 3, 1.5),
(2655, 1308, 469, 1, 2, 72, 6, 2.95),
(2656, 1309, 538, 2, 2, 54, 1, 12.95),
(2657, 1309, 538, 2, 2, 54, 1, 12.95),
(2658, 1309, 538, 2, 2, 54, 7, 3.95),
(2659, 1310, 687, 4, 4, 46, 6, 2.95),
(2660, 1311, 416, 2, 2, 36, 6, 2.95),
(2661, 1311, 416, 2, 2, 36, 1, 12.95),
(2662, 1312, 604, 1, 4, 82, 1, 12.95),
(2663, 1313, 803, 2, 2, 69, 4, 6.5),
(2664, 1313, 803, 2, 2, 69, 6, 2.95),
(2665, 1313, 803, 2, 2, 69, 2, 18.95),
(2666, 1314, 378, 1, 4, 18, 1, 12.95),
(2667, 1314, 378, 1, 4, 18, 6, 2.95),
(2668, 1314, 378, 1, 4, 18, 5, 2.25),
(2669, 1315, 694, 4, 1, 79, 8, 4.5),
(2670, 1316, 268, 3, 2, 74, 5, 2.25),
(2671, 1316, 268, 3, 2, 74, 1, 12.95),
(2672, 1316, 268, 3, 2, 74, 6, 2.95),
(2673, 1317, 426, 2, 3, 50, 4, 6.5),
(2674, 1318, 470, 3, 2, 73, 3, 1.5),
(2675, 1318, 470, 3, 2, 73, 2, 18.95),
(2676, 1318, 470, 3, 2, 73, 2, 18.95),
(2677, 1319, 745, 4, 5, 70, 3, 1.5),
(2678, 1320, 423, 1, 3, 38, 8, 4.5),
(2679, 1320, 423, 1, 3, 38, 5, 2.25),
(2680, 1321, 991, 3, 5, 46, 7, 3.95),
(2681, 1321, 991, 3, 5, 46, 2, 18.95),
(2682, 1322, 181, 4, 4, 79, 4, 6.5),
(2683, 1323, 948, 3, 4, 53, 2, 18.95),
(2684, 1324, 852, 4, 1, 21, 4, 6.5),
(2685, 1325, 514, 3, 5, 57, 7, 3.95),
(2686, 1326, 705, 2, 1, 74, 1, 12.95),
(2687, 1326, 705, 2, 1, 74, 7, 3.95),
(2688, 1326, 705, 2, 1, 74, 7, 3.95),
(2689, 1327, 231, 2, 2, 17, 7, 3.95),
(2690, 1327, 231, 2, 2, 17, 3, 1.5),
(2691, 1327, 231, 2, 2, 17, 2, 18.95),
(2692, 1328, 372, 1, 5, 28, 2, 18.95),
(2693, 1328, 372, 1, 5, 28, 3, 1.5),
(2694, 1329, 366, 2, 5, 12, 4, 6.5),
(2695, 1329, 366, 2, 5, 12, 2, 18.95),
(2696, 1330, 43, 3, 2, 48, 8, 4.5),
(2697, 1330, 43, 3, 2, 48, 1, 12.95),
(2698, 1330, 43, 3, 2, 48, 3, 1.5),
(2699, 1331, 722, 4, 4, 10, 3, 1.5),
(2700, 1331, 722, 4, 4, 10, 7, 3.95),
(2701, 1331, 722, 4, 4, 10, 2, 18.95),
(2702, 1332, 969, 4, 5, 36, 4, 6.5),
(2703, 1333, 822, 1, 4, 64, 6, 2.95),
(2704, 1333, 822, 1, 4, 64, 1, 12.95),
(2705, 1333, 822, 1, 4, 64, 7, 3.95),
(2706, 1334, 76, 1, 2, 26, 1, 12.95),
(2707, 1335, 69, 2, 4, 37, 6, 2.95),
(2708, 1336, 869, 3, 3, 26, 1, 12.95),
(2709, 1336, 869, 3, 3, 26, 4, 6.5),
(2710, 1336, 869, 3, 3, 26, 2, 18.95),
(2711, 1337, 35, 4, 1, 37, 5, 2.25),
(2712, 1337, 35, 4, 1, 37, 5, 2.25),
(2713, 1337, 35, 4, 1, 37, 1, 12.95),
(2714, 1338, 287, 4, 5, 1, 8, 4.5),
(2715, 1339, 426, 4, 2, 66, 7, 3.95),
(2716, 1339, 426, 4, 2, 66, 8, 4.5),
(2717, 1340, 360, 1, 1, 65, 3, 1.5),
(2718, 1340, 360, 1, 1, 65, 3, 1.5),
(2719, 1341, 655, 2, 2, 81, 8, 4.5),
(2720, 1342, 800, 2, 1, 3, 3, 1.5),
(2721, 1342, 800, 2, 1, 3, 5, 2.25),
(2722, 1343, 758, 4, 5, 42, 3, 1.5),
(2723, 1343, 758, 4, 5, 42, 2, 18.95),
(2724, 1343, 758, 4, 5, 42, 5, 2.25),
(2725, 1344, 418, 1, 4, 17, 2, 18.95),
(2726, 1344, 418, 1, 4, 17, 2, 18.95),
(2727, 1345, 604, 1, 3, 46, 5, 2.25),
(2728, 1345, 604, 1, 3, 46, 5, 2.25),
(2729, 1345, 604, 1, 3, 46, 3, 1.5),
(2730, 1346, 162, 2, 4, 49, 6, 2.95),
(2731, 1346, 162, 2, 4, 49, 8, 4.5),
(2732, 1347, 369, 4, 2, 96, 8, 4.5),
(2733, 1347, 369, 4, 2, 96, 2, 18.95),
(2734, 1347, 369, 4, 2, 96, 6, 2.95),
(2735, 1348, 427, 2, 1, 41, 3, 1.5),
(2736, 1349, 147, 1, 3, 41, 8, 4.5),
(2737, 1350, 4, 3, 3, 19, 5, 2.25),
(2738, 1350, 4, 3, 3, 19, 4, 6.5),
(2739, 1351, 326, 4, 1, 44, 6, 2.95),
(2740, 1351, 326, 4, 1, 44, 7, 3.95),
(2741, 1352, 75, 1, 3, 74, 8, 4.5),
(2742, 1353, 389, 4, 1, 71, 1, 12.95),
(2743, 1353, 389, 4, 1, 71, 2, 18.95),
(2744, 1354, 295, 2, 3, 7, 2, 18.95),
(2745, 1354, 295, 2, 3, 7, 4, 6.5),
(2746, 1355, 128, 3, 2, 37, 4, 6.5),
(2747, 1356, 251, 2, 3, 38, 2, 18.95),
(2748, 1356, 251, 2, 3, 38, 7, 3.95),
(2749, 1357, 673, 2, 3, 49, 2, 18.95),
(2750, 1358, 997, 1, 4, 52, 5, 2.25),
(2751, 1358, 997, 1, 4, 52, 5, 2.25),
(2752, 1359, 718, 2, 3, 23, 5, 2.25),
(2753, 1359, 718, 2, 3, 23, 1, 12.95),
(2754, 1360, 718, 1, 2, 75, 4, 6.5),
(2755, 1360, 718, 1, 2, 75, 8, 4.5),
(2756, 1360, 718, 1, 2, 75, 1, 12.95),
(2757, 1361, 789, 2, 5, 59, 3, 1.5),
(2758, 1362, 74, 3, 4, 39, 1, 12.95),
(2759, 1362, 74, 3, 4, 39, 3, 1.5),
(2760, 1362, 74, 3, 4, 39, 5, 2.25),
(2761, 1363, 653, 2, 5, 52, 7, 3.95),
(2762, 1363, 653, 2, 5, 52, 1, 12.95),
(2763, 1363, 653, 2, 5, 52, 2, 18.95),
(2764, 1364, 892, 1, 2, 17, 8, 4.5),
(2765, 1364, 892, 1, 2, 17, 7, 3.95),
(2766, 1364, 892, 1, 2, 17, 5, 2.25),
(2767, 1365, 734, 3, 4, 34, 5, 2.25),
(2768, 1365, 734, 3, 4, 34, 4, 6.5),
(2769, 1366, 61, 3, 4, 84, 2, 18.95),
(2770, 1366, 61, 3, 4, 84, 4, 6.5),
(2771, 1367, 656, 2, 1, 47, 5, 2.25),
(2772, 1368, 161, 2, 4, 72, 2, 18.95),
(2773, 1368, 161, 2, 4, 72, 7, 3.95),
(2774, 1369, 148, 4, 5, 40, 6, 2.95),
(2775, 1370, 501, 3, 3, 64, 2, 18.95),
(2776, 1370, 501, 3, 3, 64, 8, 4.5),
(2777, 1371, 405, 1, 2, 15, 3, 1.5),
(2778, 1372, 704, 2, 5, 10, 1, 12.95),
(2779, 1372, 704, 2, 5, 10, 7, 3.95),
(2780, 1372, 704, 2, 5, 10, 8, 4.5),
(2781, 1373, 273, 3, 5, 82, 7, 3.95),
(2782, 1373, 273, 3, 5, 82, 8, 4.5),
(2783, 1373, 273, 3, 5, 82, 6, 2.95),
(2784, 1374, 922, 4, 2, 90, 1, 12.95),
(2785, 1375, 73, 4, 5, 63, 8, 4.5),
(2786, 1375, 73, 4, 5, 63, 7, 3.95),
(2787, 1375, 73, 4, 5, 63, 7, 3.95),
(2788, 1376, 229, 1, 3, 15, 5, 2.25),
(2789, 1377, 405, 2, 5, 4, 2, 18.95),
(2790, 1377, 405, 2, 5, 4, 3, 1.5),
(2791, 1377, 405, 2, 5, 4, 8, 4.5),
(2792, 1378, 494, 2, 3, 23, 3, 1.5),
(2793, 1379, 87, 2, 5, 2, 5, 2.25),
(2794, 1380, 965, 3, 3, 65, 5, 2.25),
(2795, 1380, 965, 3, 3, 65, 1, 12.95),
(2796, 1381, 184, 1, 2, 43, 6, 2.95),
(2797, 1381, 184, 1, 2, 43, 6, 2.95),
(2798, 1381, 184, 1, 2, 43, 8, 4.5),
(2799, 1382, 837, 2, 5, 25, 5, 2.25),
(2800, 1382, 837, 2, 5, 25, 7, 3.95),
(2801, 1383, 878, 4, 4, 33, 1, 12.95),
(2802, 1383, 878, 4, 4, 33, 1, 12.95),
(2803, 1383, 878, 4, 4, 33, 7, 3.95),
(2804, 1384, 618, 1, 1, 23, 3, 1.5),
(2805, 1384, 618, 1, 1, 23, 5, 2.25),
(2806, 1385, 474, 2, 4, 35, 1, 12.95),
(2807, 1386, 218, 3, 3, 49, 4, 6.5),
(2808, 1387, 395, 3, 1, 79, 5, 2.25),
(2809, 1388, 622, 4, 3, 19, 7, 3.95),
(2810, 1389, 409, 2, 1, 27, 6, 2.95),
(2811, 1389, 409, 2, 1, 27, 1, 12.95),
(2812, 1390, 738, 4, 5, 36, 1, 12.95),
(2813, 1391, 58, 4, 2, 4, 3, 1.5),
(2814, 1392, 911, 4, 5, 60, 7, 3.95),
(2815, 1392, 911, 4, 5, 60, 2, 18.95),
(2816, 1392, 911, 4, 5, 60, 4, 6.5),
(2817, 1393, 335, 2, 4, 14, 4, 6.5),
(2818, 1393, 335, 2, 4, 14, 3, 1.5),
(2819, 1394, 689, 3, 1, 69, 5, 2.25),
(2820, 1394, 689, 3, 1, 69, 2, 18.95),
(2821, 1394, 689, 3, 1, 69, 4, 6.5),
(2822, 1395, 37, 4, 3, 13, 6, 2.95),
(2823, 1395, 37, 4, 3, 13, 4, 6.5),
(2824, 1396, 387, 2, 4, 43, 2, 18.95),
(2825, 1397, 650, 4, 1, 62, 1, 12.95),
(2826, 1398, 79, 1, 1, 91, 6, 2.95),
(2827, 1399, 684, 3, 5, 32, 6, 2.95),
(2828, 1400, 112, 1, 2, 49, 2, 18.95),
(2829, 1401, 211, 2, 4, 46, 4, 6.5),
(2830, 1401, 211, 2, 4, 46, 1, 12.95),
(2831, 1401, 211, 2, 4, 46, 8, 4.5),
(2832, 1402, 945, 2, 5, 36, 1, 12.95),
(2833, 1403, 572, 1, 2, 18, 1, 12.95),
(2834, 1404, 730, 4, 3, 81, 1, 12.95),
(2835, 1404, 730, 4, 3, 81, 1, 12.95),
(2836, 1405, 221, 1, 3, 52, 6, 2.95),
(2837, 1406, 118, 2, 5, 17, 6, 2.95),
(2838, 1406, 118, 2, 5, 17, 5, 2.25),
(2839, 1406, 118, 2, 5, 17, 3, 1.5),
(2840, 1407, 42, 4, 5, 23, 3, 1.5),
(2841, 1407, 42, 4, 5, 23, 4, 6.5),
(2842, 1407, 42, 4, 5, 23, 7, 3.95),
(2843, 1408, 954, 2, 3, 85, 2, 18.95),
(2844, 1408, 954, 2, 3, 85, 2, 18.95),
(2845, 1408, 954, 2, 3, 85, 2, 18.95),
(2846, 1409, 852, 4, 1, 88, 8, 4.5),
(2847, 1409, 852, 4, 1, 88, 1, 12.95),
(2848, 1409, 852, 4, 1, 88, 8, 4.5),
(2849, 1410, 253, 2, 3, 20, 3, 1.5),
(2850, 1410, 253, 2, 3, 20, 7, 3.95),
(2851, 1410, 253, 2, 3, 20, 4, 6.5),
(2852, 1411, 765, 2, 4, 2, 4, 6.5),
(2853, 1412, 916, 3, 5, 56, 4, 6.5),
(2854, 1412, 916, 3, 5, 56, 3, 1.5),
(2855, 1413, 772, 1, 2, 73, 2, 18.95),
(2856, 1414, 338, 1, 4, 53, 3, 1.5),
(2857, 1415, 776, 2, 3, 86, 6, 2.95),
(2858, 1415, 776, 2, 3, 86, 8, 4.5),
(2859, 1416, 2, 1, 2, 75, 5, 2.25),
(2860, 1416, 2, 1, 2, 75, 4, 6.5),
(2861, 1416, 2, 1, 2, 75, 7, 3.95),
(2862, 1417, 746, 3, 2, 50, 2, 18.95),
(2863, 1417, 746, 3, 2, 50, 1, 12.95),
(2864, 1417, 746, 3, 2, 50, 5, 2.25),
(2865, 1418, 464, 2, 2, 2, 4, 6.5),
(2866, 1418, 464, 2, 2, 2, 1, 12.95),
(2867, 1419, 265, 4, 1, 51, 5, 2.25),
(2868, 1419, 265, 4, 1, 51, 3, 1.5),
(2869, 1419, 265, 4, 1, 51, 5, 2.25),
(2870, 1420, 560, 4, 3, 53, 6, 2.95),
(2871, 1421, 782, 2, 1, 9, 6, 2.95),
(2872, 1422, 623, 4, 1, 81, 2, 18.95),
(2873, 1422, 623, 4, 1, 81, 8, 4.5),
(2874, 1423, 5, 3, 1, 94, 6, 2.95),
(2875, 1424, 47, 4, 1, 26, 8, 4.5),
(2876, 1425, 725, 2, 4, 94, 7, 3.95),
(2877, 1425, 725, 2, 4, 94, 6, 2.95),
(2878, 1426, 85, 3, 4, 63, 2, 18.95),
(2879, 1427, 246, 4, 1, 20, 2, 18.95),
(2880, 1427, 246, 4, 1, 20, 5, 2.25),
(2881, 1428, 647, 4, 2, 54, 1, 12.95),
(2882, 1428, 647, 4, 2, 54, 5, 2.25),
(2883, 1429, 391, 4, 5, 7, 6, 2.95),
(2884, 1429, 391, 4, 5, 7, 6, 2.95),
(2885, 1430, 885, 3, 5, 3, 5, 2.25),
(2886, 1430, 885, 3, 5, 3, 7, 3.95),
(2887, 1431, 674, 3, 3, 9, 4, 6.5),
(2888, 1432, 568, 2, 1, 89, 1, 12.95);
INSERT INTO `fact_order_items` (`id`, `order_id`, `customer_id`, `staff_id`, `table_number`, `date_id`, `menu_item_id`, `price`) VALUES
(2889, 1433, 553, 2, 3, 26, 2, 18.95),
(2890, 1433, 553, 2, 3, 26, 6, 2.95),
(2891, 1434, 470, 2, 5, 45, 2, 18.95),
(2892, 1434, 470, 2, 5, 45, 3, 1.5),
(2893, 1434, 470, 2, 5, 45, 2, 18.95),
(2894, 1435, 399, 1, 3, 32, 5, 2.25),
(2895, 1435, 399, 1, 3, 32, 5, 2.25),
(2896, 1435, 399, 1, 3, 32, 4, 6.5),
(2897, 1436, 7, 3, 4, 3, 5, 2.25),
(2898, 1436, 7, 3, 4, 3, 4, 6.5),
(2899, 1437, 858, 4, 1, 79, 7, 3.95),
(2900, 1437, 858, 4, 1, 79, 3, 1.5),
(2901, 1438, 554, 4, 3, 25, 8, 4.5),
(2902, 1438, 554, 4, 3, 25, 7, 3.95),
(2903, 1439, 698, 3, 4, 71, 1, 12.95),
(2904, 1440, 962, 1, 4, 23, 4, 6.5),
(2905, 1441, 415, 4, 5, 54, 4, 6.5),
(2906, 1441, 415, 4, 5, 54, 5, 2.25),
(2907, 1442, 977, 3, 4, 42, 1, 12.95),
(2908, 1443, 268, 1, 2, 5, 6, 2.95),
(2909, 1443, 268, 1, 2, 5, 8, 4.5),
(2910, 1444, 630, 2, 5, 68, 7, 3.95),
(2911, 1444, 630, 2, 5, 68, 6, 2.95),
(2912, 1444, 630, 2, 5, 68, 6, 2.95),
(2913, 1445, 563, 2, 2, 77, 2, 18.95),
(2914, 1445, 563, 2, 2, 77, 4, 6.5),
(2915, 1445, 563, 2, 2, 77, 1, 12.95),
(2916, 1446, 488, 2, 1, 53, 5, 2.25),
(2917, 1447, 29, 1, 3, 74, 7, 3.95),
(2918, 1447, 29, 1, 3, 74, 6, 2.95),
(2919, 1447, 29, 1, 3, 74, 3, 1.5),
(2920, 1448, 610, 1, 2, 91, 1, 12.95),
(2921, 1448, 610, 1, 2, 91, 8, 4.5),
(2922, 1449, 530, 1, 2, 41, 5, 2.25),
(2923, 1449, 530, 1, 2, 41, 5, 2.25),
(2924, 1450, 178, 3, 2, 66, 6, 2.95),
(2925, 1450, 178, 3, 2, 66, 3, 1.5),
(2926, 1451, 561, 4, 4, 35, 6, 2.95),
(2927, 1451, 561, 4, 4, 35, 5, 2.25),
(2928, 1451, 561, 4, 4, 35, 6, 2.95),
(2929, 1452, 625, 3, 1, 15, 6, 2.95),
(2930, 1453, 25, 3, 4, 82, 4, 6.5),
(2931, 1453, 25, 3, 4, 82, 4, 6.5),
(2932, 1453, 25, 3, 4, 82, 5, 2.25),
(2933, 1454, 21, 2, 2, 64, 7, 3.95),
(2934, 1455, 575, 3, 1, 38, 8, 4.5),
(2935, 1456, 4, 4, 5, 38, 1, 12.95),
(2936, 1457, 270, 1, 3, 54, 7, 3.95),
(2937, 1458, 234, 2, 1, 54, 3, 1.5),
(2938, 1459, 405, 3, 4, 37, 2, 18.95),
(2939, 1460, 482, 3, 2, 45, 6, 2.95),
(2940, 1461, 727, 1, 5, 6, 1, 12.95),
(2941, 1462, 141, 2, 5, 76, 3, 1.5),
(2942, 1462, 141, 2, 5, 76, 1, 12.95),
(2943, 1462, 141, 2, 5, 76, 2, 18.95),
(2944, 1463, 469, 3, 3, 42, 1, 12.95),
(2945, 1463, 469, 3, 3, 42, 5, 2.25),
(2946, 1464, 328, 2, 4, 76, 7, 3.95),
(2947, 1464, 328, 2, 4, 76, 2, 18.95),
(2948, 1464, 328, 2, 4, 76, 3, 1.5),
(2949, 1465, 980, 4, 4, 95, 4, 6.5),
(2950, 1466, 807, 3, 4, 64, 2, 18.95),
(2951, 1467, 94, 3, 5, 78, 5, 2.25),
(2952, 1467, 94, 3, 5, 78, 8, 4.5),
(2953, 1468, 12, 1, 4, 87, 1, 12.95),
(2954, 1469, 963, 4, 3, 27, 5, 2.25),
(2955, 1469, 963, 4, 3, 27, 1, 12.95),
(2956, 1469, 963, 4, 3, 27, 4, 6.5),
(2957, 1470, 368, 3, 2, 48, 2, 18.95),
(2958, 1471, 579, 3, 1, 30, 7, 3.95),
(2959, 1471, 579, 3, 1, 30, 5, 2.25),
(2960, 1472, 955, 4, 5, 41, 1, 12.95),
(2961, 1472, 955, 4, 5, 41, 4, 6.5),
(2962, 1473, 738, 3, 5, 90, 6, 2.95),
(2963, 1474, 726, 3, 3, 68, 3, 1.5),
(2964, 1474, 726, 3, 3, 68, 3, 1.5),
(2965, 1475, 677, 2, 3, 61, 2, 18.95),
(2966, 1475, 677, 2, 3, 61, 8, 4.5),
(2967, 1476, 699, 1, 4, 73, 5, 2.25),
(2968, 1476, 699, 1, 4, 73, 8, 4.5),
(2969, 1477, 150, 3, 3, 24, 4, 6.5),
(2970, 1478, 398, 4, 3, 86, 6, 2.95),
(2971, 1478, 398, 4, 3, 86, 7, 3.95),
(2972, 1478, 398, 4, 3, 86, 3, 1.5),
(2973, 1479, 984, 4, 5, 87, 1, 12.95),
(2974, 1479, 984, 4, 5, 87, 6, 2.95),
(2975, 1479, 984, 4, 5, 87, 8, 4.5),
(2976, 1480, 178, 2, 4, 55, 2, 18.95),
(2977, 1480, 178, 2, 4, 55, 5, 2.25),
(2978, 1481, 764, 1, 5, 7, 8, 4.5),
(2979, 1482, 995, 3, 3, 88, 1, 12.95),
(2980, 1482, 995, 3, 3, 88, 7, 3.95),
(2981, 1482, 995, 3, 3, 88, 7, 3.95),
(2982, 1483, 387, 2, 4, 49, 2, 18.95),
(2983, 1483, 387, 2, 4, 49, 7, 3.95),
(2984, 1484, 27, 3, 3, 35, 5, 2.25),
(2985, 1484, 27, 3, 3, 35, 5, 2.25),
(2986, 1484, 27, 3, 3, 35, 4, 6.5),
(2987, 1485, 235, 2, 3, 4, 4, 6.5),
(2988, 1485, 235, 2, 3, 4, 1, 12.95),
(2989, 1486, 292, 4, 4, 40, 7, 3.95),
(2990, 1487, 405, 3, 4, 76, 7, 3.95),
(2991, 1488, 876, 1, 3, 87, 7, 3.95),
(2992, 1489, 167, 3, 4, 2, 2, 18.95),
(2993, 1489, 167, 3, 4, 2, 2, 18.95),
(2994, 1490, 653, 2, 5, 29, 5, 2.25),
(2995, 1491, 735, 4, 5, 54, 3, 1.5),
(2996, 1491, 735, 4, 5, 54, 3, 1.5),
(2997, 1492, 91, 2, 5, 65, 4, 6.5),
(2998, 1493, 806, 3, 3, 47, 5, 2.25),
(2999, 1493, 806, 3, 3, 47, 1, 12.95),
(3000, 1494, 802, 3, 1, 75, 6, 2.95),
(3001, 1495, 918, 3, 5, 27, 1, 12.95),
(3002, 1496, 775, 1, 3, 44, 7, 3.95),
(3003, 1496, 775, 1, 3, 44, 4, 6.5),
(3004, 1497, 772, 1, 2, 90, 8, 4.5),
(3005, 1497, 772, 1, 2, 90, 1, 12.95),
(3006, 1497, 772, 1, 2, 90, 5, 2.25),
(3007, 1498, 19, 2, 2, 38, 7, 3.95),
(3008, 1498, 19, 2, 2, 38, 3, 1.5),
(3009, 1499, 996, 2, 4, 86, 2, 18.95),
(3010, 1499, 996, 2, 4, 86, 5, 2.25),
(3011, 1500, 894, 2, 1, 1, 7, 3.95),
(3012, 1500, 894, 2, 1, 1, 5, 2.25),
(3013, 1500, 894, 2, 1, 1, 8, 4.5),
(3014, 1501, 775, 1, 4, 84, 3, 1.5),
(3015, 1502, 863, 3, 2, 26, 5, 2.25),
(3016, 1503, 220, 4, 2, 66, 4, 6.5),
(3017, 1503, 220, 4, 2, 66, 3, 1.5),
(3018, 1503, 220, 4, 2, 66, 7, 3.95),
(3019, 1504, 479, 3, 2, 94, 3, 1.5),
(3020, 1504, 479, 3, 2, 94, 6, 2.95),
(3021, 1505, 534, 4, 4, 88, 8, 4.5),
(3022, 1506, 465, 2, 4, 72, 3, 1.5),
(3023, 1506, 465, 2, 4, 72, 5, 2.25),
(3024, 1507, 417, 1, 1, 2, 5, 2.25),
(3025, 1507, 417, 1, 1, 2, 2, 18.95),
(3026, 1507, 417, 1, 1, 2, 7, 3.95),
(3027, 1508, 254, 2, 2, 53, 8, 4.5),
(3028, 1508, 254, 2, 2, 53, 6, 2.95),
(3029, 1509, 559, 3, 4, 40, 5, 2.25),
(3030, 1509, 559, 3, 4, 40, 4, 6.5),
(3031, 1509, 559, 3, 4, 40, 5, 2.25),
(3032, 1510, 409, 1, 3, 25, 4, 6.5),
(3033, 1510, 409, 1, 3, 25, 5, 2.25),
(3034, 1511, 580, 1, 4, 83, 4, 6.5),
(3035, 1512, 845, 2, 2, 93, 2, 18.95),
(3036, 1512, 845, 2, 2, 93, 7, 3.95),
(3037, 1513, 1, 2, 1, 7, 6, 2.95),
(3038, 1513, 1, 2, 1, 7, 1, 12.95),
(3039, 1514, 273, 4, 5, 89, 4, 6.5),
(3040, 1514, 273, 4, 5, 89, 5, 2.25),
(3041, 1515, 117, 1, 5, 62, 2, 18.95),
(3042, 1515, 117, 1, 5, 62, 7, 3.95),
(3043, 1516, 786, 4, 3, 35, 6, 2.95),
(3044, 1516, 786, 4, 3, 35, 1, 12.95),
(3045, 1517, 223, 1, 2, 86, 4, 6.5),
(3046, 1517, 223, 1, 2, 86, 7, 3.95),
(3047, 1518, 491, 2, 5, 69, 5, 2.25),
(3048, 1519, 532, 3, 1, 67, 3, 1.5),
(3049, 1520, 472, 1, 1, 71, 7, 3.95),
(3050, 1520, 472, 1, 1, 71, 3, 1.5),
(3051, 1520, 472, 1, 1, 71, 2, 18.95),
(3052, 1521, 257, 2, 3, 54, 8, 4.5),
(3053, 1521, 257, 2, 3, 54, 4, 6.5),
(3054, 1521, 257, 2, 3, 54, 8, 4.5),
(3055, 1522, 666, 2, 1, 4, 4, 6.5),
(3056, 1522, 666, 2, 1, 4, 2, 18.95),
(3057, 1523, 23, 1, 5, 67, 5, 2.25),
(3058, 1524, 784, 1, 2, 37, 3, 1.5),
(3059, 1525, 20, 3, 1, 47, 5, 2.25),
(3060, 1525, 20, 3, 1, 47, 2, 18.95),
(3061, 1526, 63, 4, 5, 23, 6, 2.95),
(3062, 1527, 631, 4, 1, 41, 8, 4.5),
(3063, 1527, 631, 4, 1, 41, 5, 2.25),
(3064, 1527, 631, 4, 1, 41, 6, 2.95),
(3065, 1528, 950, 2, 3, 48, 4, 6.5),
(3066, 1528, 950, 2, 3, 48, 2, 18.95),
(3067, 1529, 769, 1, 2, 28, 8, 4.5),
(3068, 1530, 17, 4, 4, 5, 1, 12.95),
(3069, 1531, 724, 4, 4, 22, 7, 3.95),
(3070, 1532, 305, 1, 4, 80, 8, 4.5),
(3071, 1532, 305, 1, 4, 80, 5, 2.25),
(3072, 1533, 640, 3, 5, 46, 8, 4.5),
(3073, 1533, 640, 3, 5, 46, 3, 1.5),
(3074, 1534, 943, 2, 3, 10, 3, 1.5),
(3075, 1535, 561, 3, 3, 59, 1, 12.95),
(3076, 1535, 561, 3, 3, 59, 7, 3.95),
(3077, 1536, 498, 2, 2, 22, 3, 1.5),
(3078, 1536, 498, 2, 2, 22, 1, 12.95),
(3079, 1536, 498, 2, 2, 22, 1, 12.95),
(3080, 1537, 167, 3, 5, 35, 8, 4.5),
(3081, 1538, 522, 3, 5, 4, 8, 4.5),
(3082, 1538, 522, 3, 5, 4, 1, 12.95),
(3083, 1538, 522, 3, 5, 4, 4, 6.5),
(3084, 1539, 539, 2, 5, 71, 1, 12.95),
(3085, 1539, 539, 2, 5, 71, 4, 6.5),
(3086, 1540, 419, 1, 3, 76, 2, 18.95),
(3087, 1540, 419, 1, 3, 76, 6, 2.95),
(3088, 1541, 953, 2, 5, 50, 7, 3.95),
(3089, 1541, 953, 2, 5, 50, 6, 2.95),
(3090, 1541, 953, 2, 5, 50, 5, 2.25),
(3091, 1542, 537, 1, 2, 7, 4, 6.5),
(3092, 1543, 856, 1, 5, 14, 8, 4.5),
(3093, 1544, 16, 1, 5, 52, 6, 2.95),
(3094, 1545, 985, 4, 3, 4, 3, 1.5),
(3095, 1545, 985, 4, 3, 4, 4, 6.5),
(3096, 1546, 868, 4, 4, 66, 8, 4.5),
(3097, 1547, 710, 1, 4, 72, 1, 12.95),
(3098, 1547, 710, 1, 4, 72, 1, 12.95),
(3099, 1548, 600, 4, 5, 55, 3, 1.5),
(3100, 1549, 246, 2, 1, 51, 4, 6.5),
(3101, 1549, 246, 2, 1, 51, 8, 4.5),
(3102, 1549, 246, 2, 1, 51, 2, 18.95),
(3103, 1550, 958, 3, 3, 36, 8, 4.5),
(3104, 1550, 958, 3, 3, 36, 5, 2.25),
(3105, 1551, 643, 4, 5, 10, 8, 4.5),
(3106, 1552, 286, 1, 1, 14, 5, 2.25),
(3107, 1552, 286, 1, 1, 14, 2, 18.95),
(3108, 1553, 876, 3, 1, 66, 8, 4.5),
(3109, 1553, 876, 3, 1, 66, 4, 6.5),
(3110, 1554, 722, 2, 1, 90, 1, 12.95),
(3111, 1554, 722, 2, 1, 90, 7, 3.95),
(3112, 1555, 571, 4, 1, 49, 7, 3.95),
(3113, 1555, 571, 4, 1, 49, 3, 1.5),
(3114, 1556, 762, 4, 4, 89, 6, 2.95),
(3115, 1556, 762, 4, 4, 89, 6, 2.95),
(3116, 1556, 762, 4, 4, 89, 2, 18.95),
(3117, 1557, 31, 1, 5, 63, 1, 12.95),
(3118, 1557, 31, 1, 5, 63, 5, 2.25),
(3119, 1557, 31, 1, 5, 63, 4, 6.5),
(3120, 1558, 392, 4, 1, 17, 6, 2.95),
(3121, 1558, 392, 4, 1, 17, 3, 1.5),
(3122, 1558, 392, 4, 1, 17, 6, 2.95),
(3123, 1559, 908, 4, 5, 92, 4, 6.5),
(3124, 1559, 908, 4, 5, 92, 7, 3.95),
(3125, 1559, 908, 4, 5, 92, 6, 2.95);

-- --------------------------------------------------------

--
-- Table structure for table `menu_items`
--

CREATE TABLE `menu_items` (
  `id` int(11) NOT NULL,
  `description` varchar(64) COLLATE utf8_unicode_ci NOT NULL,
  `price` float NOT NULL DEFAULT '0'
) ENGINE=InnoDB DEFAULT CHARSET=utf8 COLLATE=utf8_unicode_ci;

--
-- Dumping data for table `menu_items`
--

INSERT INTO `menu_items` (`id`, `description`, `price`) VALUES
(1, 'Roasted Beef', 0),
(2, 'Tenderloin', 0),
(3, 'Coca-cola', 0),
(4, 'Chicken drumsticks', 0),
(5, 'Hot coffe', 0),
(6, 'Cake', 0),
(7, 'Salad', 0),
(8, 'Cesar Salad', 0);

-- --------------------------------------------------------

--
-- Table structure for table `menu_item_ingredients`
--

CREATE TABLE `menu_item_ingredients` (
  `id` int(11) NOT NULL,
  `menu_item_id` int(11) NOT NULL,
  `cost` float NOT NULL,
  `name` varchar(64) COLLATE utf8_unicode_ci NOT NULL
) ENGINE=InnoDB DEFAULT CHARSET=utf8 COLLATE=utf8_unicode_ci;

--
-- Dumping data for table `menu_item_ingredients`
--

INSERT INTO `menu_item_ingredients` (`id`, `menu_item_id`, `cost`, `name`) VALUES
(1, 1, 5.95, 'beef'),
(2, 1, 0.3, 'paprika'),
(3, 2, 5.95, 'beef'),
(4, 2, 1.25, 'sauce'),
(5, 3, 0.15, 'coca-cola'),
(6, 3, 0.05, 'plastic cup');

-- --------------------------------------------------------

--
-- Table structure for table `orders`
--

CREATE TABLE `orders` (
  `id` int(11) NOT NULL,
  `details` varchar(128) COLLATE utf8_unicode_ci NOT NULL
) ENGINE=InnoDB DEFAULT CHARSET=utf8 COLLATE=utf8_unicode_ci;

--
-- Dumping data for table `orders`
--

INSERT INTO `orders` (`id`, `details`) VALUES
(1, 'Order no. 1'),
(2, 'Order no. 2'),
(3, 'Order no. 3'),
(4, 'Order no. 4'),
(5, 'Order no. 5'),
(6, 'Order no. 6'),
(7, 'Order no. 7'),
(8, 'Order no. 8'),
(9, 'Order no. 9'),
(10, 'Order no. 10'),
(11, 'Order no. 11'),
(12, 'Order no. 12'),
(13, 'Order no. 13'),
(14, 'Order no. 14'),
(15, 'Order no. 15'),
(16, 'Order no. 16'),
(17, 'Order no. 17'),
(18, 'Order no. 18'),
(19, 'Order no. 19'),
(20, 'Order no. 20'),
(21, 'Order no. 21'),
(22, 'Order no. 22'),
(23, 'Order no. 23'),
(24, 'Order no. 24'),
(25, 'Order no. 25'),
(26, 'Order no. 26'),
(27, 'Order no. 27'),
(28, 'Order no. 28'),
(29, 'Order no. 29'),
(30, 'Order no. 30'),
(31, 'Order no. 31'),
(32, 'Order no. 32'),
(33, 'Order no. 33'),
(34, 'Order no. 34'),
(35, 'Order no. 35'),
(36, 'Order no. 36'),
(37, 'Order no. 37'),
(38, 'Order no. 38'),
(39, 'Order no. 39'),
(40, 'Order no. 40'),
(41, 'Order no. 41'),
(42, 'Order no. 42'),
(43, 'Order no. 43'),
(44, 'Order no. 44'),
(45, 'Order no. 45'),
(46, 'Order no. 46'),
(47, 'Order no. 47'),
(48, 'Order no. 48'),
(49, 'Order no. 49'),
(50, 'Order no. 50'),
(51, 'Order no. 51'),
(52, 'Order no. 52'),
(53, 'Order no. 53'),
(54, 'Order no. 54'),
(55, 'Order no. 55'),
(56, 'Order no. 56'),
(57, 'Order no. 57'),
(58, 'Order no. 58'),
(59, 'Order no. 59'),
(60, 'Order no. 60'),
(61, 'Order no. 61'),
(62, 'Order no. 62'),
(63, 'Order no. 63'),
(64, 'Order no. 64'),
(65, 'Order no. 65'),
(66, 'Order no. 66'),
(67, 'Order no. 67'),
(68, 'Order no. 68'),
(69, 'Order no. 69'),
(70, 'Order no. 70'),
(71, 'Order no. 71'),
(72, 'Order no. 72'),
(73, 'Order no. 73'),
(74, 'Order no. 74'),
(75, 'Order no. 75'),
(76, 'Order no. 76'),
(77, 'Order no. 77'),
(78, 'Order no. 78'),
(79, 'Order no. 79'),
(80, 'Order no. 80'),
(81, 'Order no. 81'),
(82, 'Order no. 82'),
(83, 'Order no. 83'),
(84, 'Order no. 84'),
(85, 'Order no. 85'),
(86, 'Order no. 86'),
(87, 'Order no. 87'),
(88, 'Order no. 88'),
(89, 'Order no. 89'),
(90, 'Order no. 90'),
(91, 'Order no. 91'),
(92, 'Order no. 92'),
(93, 'Order no. 93'),
(94, 'Order no. 94'),
(95, 'Order no. 95'),
(96, 'Order no. 96'),
(97, 'Order no. 97'),
(98, 'Order no. 98'),
(99, 'Order no. 99'),
(100, 'Order no. 100'),
(101, 'Order no. 101'),
(102, 'Order no. 102'),
(103, 'Order no. 103'),
(104, 'Order no. 104'),
(105, 'Order no. 105'),
(106, 'Order no. 106'),
(107, 'Order no. 107'),
(108, 'Order no. 108'),
(109, 'Order no. 109'),
(110, 'Order no. 110'),
(111, 'Order no. 111'),
(112, 'Order no. 112'),
(113, 'Order no. 113'),
(114, 'Order no. 114'),
(115, 'Order no. 115'),
(116, 'Order no. 116'),
(117, 'Order no. 117'),
(118, 'Order no. 118'),
(119, 'Order no. 119'),
(120, 'Order no. 120'),
(121, 'Order no. 121'),
(122, 'Order no. 122'),
(123, 'Order no. 123'),
(124, 'Order no. 124'),
(125, 'Order no. 125'),
(126, 'Order no. 126'),
(127, 'Order no. 127'),
(128, 'Order no. 128'),
(129, 'Order no. 129'),
(130, 'Order no. 130'),
(131, 'Order no. 131'),
(132, 'Order no. 132'),
(133, 'Order no. 133'),
(134, 'Order no. 134'),
(135, 'Order no. 135'),
(136, 'Order no. 136'),
(137, 'Order no. 137'),
(138, 'Order no. 138'),
(139, 'Order no. 139'),
(140, 'Order no. 140'),
(141, 'Order no. 141'),
(142, 'Order no. 142'),
(143, 'Order no. 143'),
(144, 'Order no. 144'),
(145, 'Order no. 145'),
(146, 'Order no. 146'),
(147, 'Order no. 147'),
(148, 'Order no. 148'),
(149, 'Order no. 149'),
(150, 'Order no. 150'),
(151, 'Order no. 151'),
(152, 'Order no. 152'),
(153, 'Order no. 153'),
(154, 'Order no. 154'),
(155, 'Order no. 155'),
(156, 'Order no. 156'),
(157, 'Order no. 157'),
(158, 'Order no. 158'),
(159, 'Order no. 159'),
(160, 'Order no. 160'),
(161, 'Order no. 161'),
(162, 'Order no. 162'),
(163, 'Order no. 163'),
(164, 'Order no. 164'),
(165, 'Order no. 165'),
(166, 'Order no. 166'),
(167, 'Order no. 167'),
(168, 'Order no. 168'),
(169, 'Order no. 169'),
(170, 'Order no. 170'),
(171, 'Order no. 171'),
(172, 'Order no. 172'),
(173, 'Order no. 173'),
(174, 'Order no. 174'),
(175, 'Order no. 175'),
(176, 'Order no. 176'),
(177, 'Order no. 177'),
(178, 'Order no. 178'),
(179, 'Order no. 179'),
(180, 'Order no. 180'),
(181, 'Order no. 181'),
(182, 'Order no. 182'),
(183, 'Order no. 183'),
(184, 'Order no. 184'),
(185, 'Order no. 185'),
(186, 'Order no. 186'),
(187, 'Order no. 187'),
(188, 'Order no. 188'),
(189, 'Order no. 189'),
(190, 'Order no. 190'),
(191, 'Order no. 191'),
(192, 'Order no. 192'),
(193, 'Order no. 193'),
(194, 'Order no. 194'),
(195, 'Order no. 195'),
(196, 'Order no. 196'),
(197, 'Order no. 197'),
(198, 'Order no. 198'),
(199, 'Order no. 199'),
(200, 'Order no. 200'),
(201, 'Order no. 201'),
(202, 'Order no. 202'),
(203, 'Order no. 203'),
(204, 'Order no. 204'),
(205, 'Order no. 205'),
(206, 'Order no. 206'),
(207, 'Order no. 207'),
(208, 'Order no. 208'),
(209, 'Order no. 209'),
(210, 'Order no. 210'),
(211, 'Order no. 211'),
(212, 'Order no. 212'),
(213, 'Order no. 213'),
(214, 'Order no. 214'),
(215, 'Order no. 215'),
(216, 'Order no. 216'),
(217, 'Order no. 217'),
(218, 'Order no. 218'),
(219, 'Order no. 219'),
(220, 'Order no. 220'),
(221, 'Order no. 221'),
(222, 'Order no. 222'),
(223, 'Order no. 223'),
(224, 'Order no. 224'),
(225, 'Order no. 225'),
(226, 'Order no. 226'),
(227, 'Order no. 227'),
(228, 'Order no. 228'),
(229, 'Order no. 229'),
(230, 'Order no. 230'),
(231, 'Order no. 231'),
(232, 'Order no. 232'),
(233, 'Order no. 233'),
(234, 'Order no. 234'),
(235, 'Order no. 235'),
(236, 'Order no. 236'),
(237, 'Order no. 237'),
(238, 'Order no. 238'),
(239, 'Order no. 239'),
(240, 'Order no. 240'),
(241, 'Order no. 241'),
(242, 'Order no. 242'),
(243, 'Order no. 243'),
(244, 'Order no. 244'),
(245, 'Order no. 245'),
(246, 'Order no. 246'),
(247, 'Order no. 247'),
(248, 'Order no. 248'),
(249, 'Order no. 249'),
(250, 'Order no. 250'),
(251, 'Order no. 251'),
(252, 'Order no. 252'),
(253, 'Order no. 253'),
(254, 'Order no. 254'),
(255, 'Order no. 255'),
(256, 'Order no. 256'),
(257, 'Order no. 257'),
(258, 'Order no. 258'),
(259, 'Order no. 259'),
(260, 'Order no. 260'),
(261, 'Order no. 261'),
(262, 'Order no. 262'),
(263, 'Order no. 263'),
(264, 'Order no. 264'),
(265, 'Order no. 265'),
(266, 'Order no. 266'),
(267, 'Order no. 267'),
(268, 'Order no. 268'),
(269, 'Order no. 269'),
(270, 'Order no. 270'),
(271, 'Order no. 271'),
(272, 'Order no. 272'),
(273, 'Order no. 273'),
(274, 'Order no. 274'),
(275, 'Order no. 275'),
(276, 'Order no. 276'),
(277, 'Order no. 277'),
(278, 'Order no. 278'),
(279, 'Order no. 279'),
(280, 'Order no. 280'),
(281, 'Order no. 281'),
(282, 'Order no. 282'),
(283, 'Order no. 283'),
(284, 'Order no. 284'),
(285, 'Order no. 285'),
(286, 'Order no. 286'),
(287, 'Order no. 287'),
(288, 'Order no. 288'),
(289, 'Order no. 289'),
(290, 'Order no. 290'),
(291, 'Order no. 291'),
(292, 'Order no. 292'),
(293, 'Order no. 293'),
(294, 'Order no. 294'),
(295, 'Order no. 295'),
(296, 'Order no. 296'),
(297, 'Order no. 297'),
(298, 'Order no. 298'),
(299, 'Order no. 299'),
(300, 'Order no. 300'),
(301, 'Order no. 301'),
(302, 'Order no. 302'),
(303, 'Order no. 303'),
(304, 'Order no. 304'),
(305, 'Order no. 305'),
(306, 'Order no. 306'),
(307, 'Order no. 307'),
(308, 'Order no. 308'),
(309, 'Order no. 309'),
(310, 'Order no. 310'),
(311, 'Order no. 311'),
(312, 'Order no. 312'),
(313, 'Order no. 313'),
(314, 'Order no. 314'),
(315, 'Order no. 315'),
(316, 'Order no. 316'),
(317, 'Order no. 317'),
(318, 'Order no. 318'),
(319, 'Order no. 319'),
(320, 'Order no. 320'),
(321, 'Order no. 321'),
(322, 'Order no. 322'),
(323, 'Order no. 323'),
(324, 'Order no. 324'),
(325, 'Order no. 325'),
(326, 'Order no. 326'),
(327, 'Order no. 327'),
(328, 'Order no. 328'),
(329, 'Order no. 329'),
(330, 'Order no. 330'),
(331, 'Order no. 331'),
(332, 'Order no. 332'),
(333, 'Order no. 333'),
(334, 'Order no. 334'),
(335, 'Order no. 335'),
(336, 'Order no. 336'),
(337, 'Order no. 337'),
(338, 'Order no. 338'),
(339, 'Order no. 339'),
(340, 'Order no. 340'),
(341, 'Order no. 341'),
(342, 'Order no. 342'),
(343, 'Order no. 343'),
(344, 'Order no. 344'),
(345, 'Order no. 345'),
(346, 'Order no. 346'),
(347, 'Order no. 347'),
(348, 'Order no. 348'),
(349, 'Order no. 349'),
(350, 'Order no. 350'),
(351, 'Order no. 351'),
(352, 'Order no. 352'),
(353, 'Order no. 353'),
(354, 'Order no. 354'),
(355, 'Order no. 355'),
(356, 'Order no. 356'),
(357, 'Order no. 357'),
(358, 'Order no. 358'),
(359, 'Order no. 359'),
(360, 'Order no. 360'),
(361, 'Order no. 361'),
(362, 'Order no. 362'),
(363, 'Order no. 363'),
(364, 'Order no. 364'),
(365, 'Order no. 365'),
(366, 'Order no. 366'),
(367, 'Order no. 367'),
(368, 'Order no. 368'),
(369, 'Order no. 369'),
(370, 'Order no. 370'),
(371, 'Order no. 371'),
(372, 'Order no. 372'),
(373, 'Order no. 373'),
(374, 'Order no. 374'),
(375, 'Order no. 375'),
(376, 'Order no. 376'),
(377, 'Order no. 377'),
(378, 'Order no. 378'),
(379, 'Order no. 379'),
(380, 'Order no. 380'),
(381, 'Order no. 381'),
(382, 'Order no. 382'),
(383, 'Order no. 383'),
(384, 'Order no. 384'),
(385, 'Order no. 385'),
(386, 'Order no. 386'),
(387, 'Order no. 387'),
(388, 'Order no. 388'),
(389, 'Order no. 389'),
(390, 'Order no. 390'),
(391, 'Order no. 391'),
(392, 'Order no. 392'),
(393, 'Order no. 393'),
(394, 'Order no. 394'),
(395, 'Order no. 395'),
(396, 'Order no. 396'),
(397, 'Order no. 397'),
(398, 'Order no. 398'),
(399, 'Order no. 399'),
(400, 'Order no. 400'),
(401, 'Order no. 401'),
(402, 'Order no. 402'),
(403, 'Order no. 403'),
(404, 'Order no. 404'),
(405, 'Order no. 405'),
(406, 'Order no. 406'),
(407, 'Order no. 407'),
(408, 'Order no. 408'),
(409, 'Order no. 409'),
(410, 'Order no. 410'),
(411, 'Order no. 411'),
(412, 'Order no. 412'),
(413, 'Order no. 413'),
(414, 'Order no. 414'),
(415, 'Order no. 415'),
(416, 'Order no. 416'),
(417, 'Order no. 417'),
(418, 'Order no. 418'),
(419, 'Order no. 419'),
(420, 'Order no. 420'),
(421, 'Order no. 421'),
(422, 'Order no. 422'),
(423, 'Order no. 423'),
(424, 'Order no. 424'),
(425, 'Order no. 425'),
(426, 'Order no. 426'),
(427, 'Order no. 427'),
(428, 'Order no. 428'),
(429, 'Order no. 429'),
(430, 'Order no. 430'),
(431, 'Order no. 431'),
(432, 'Order no. 432'),
(433, 'Order no. 433'),
(434, 'Order no. 434'),
(435, 'Order no. 435'),
(436, 'Order no. 436'),
(437, 'Order no. 437'),
(438, 'Order no. 438'),
(439, 'Order no. 439'),
(440, 'Order no. 440'),
(441, 'Order no. 441'),
(442, 'Order no. 442'),
(443, 'Order no. 443'),
(444, 'Order no. 444'),
(445, 'Order no. 445'),
(446, 'Order no. 446'),
(447, 'Order no. 447'),
(448, 'Order no. 448'),
(449, 'Order no. 449'),
(450, 'Order no. 450'),
(451, 'Order no. 451'),
(452, 'Order no. 452'),
(453, 'Order no. 453'),
(454, 'Order no. 454'),
(455, 'Order no. 455'),
(456, 'Order no. 456'),
(457, 'Order no. 457'),
(458, 'Order no. 458'),
(459, 'Order no. 459'),
(460, 'Order no. 460'),
(461, 'Order no. 461'),
(462, 'Order no. 462'),
(463, 'Order no. 463'),
(464, 'Order no. 464'),
(465, 'Order no. 465'),
(466, 'Order no. 466'),
(467, 'Order no. 467'),
(468, 'Order no. 468'),
(469, 'Order no. 469'),
(470, 'Order no. 470'),
(471, 'Order no. 471'),
(472, 'Order no. 472'),
(473, 'Order no. 473'),
(474, 'Order no. 474'),
(475, 'Order no. 475'),
(476, 'Order no. 476'),
(477, 'Order no. 477'),
(478, 'Order no. 478'),
(479, 'Order no. 479'),
(480, 'Order no. 480'),
(481, 'Order no. 481'),
(482, 'Order no. 482'),
(483, 'Order no. 483'),
(484, 'Order no. 484'),
(485, 'Order no. 485'),
(486, 'Order no. 486'),
(487, 'Order no. 487'),
(488, 'Order no. 488'),
(489, 'Order no. 489'),
(490, 'Order no. 490'),
(491, 'Order no. 491'),
(492, 'Order no. 492'),
(493, 'Order no. 493'),
(494, 'Order no. 494'),
(495, 'Order no. 495'),
(496, 'Order no. 496'),
(497, 'Order no. 497'),
(498, 'Order no. 498'),
(499, 'Order no. 499'),
(500, 'Order no. 500'),
(501, 'Order no. 501'),
(502, 'Order no. 502'),
(503, 'Order no. 503'),
(504, 'Order no. 504'),
(505, 'Order no. 505'),
(506, 'Order no. 506'),
(507, 'Order no. 507'),
(508, 'Order no. 508'),
(509, 'Order no. 509'),
(510, 'Order no. 510'),
(511, 'Order no. 511'),
(512, 'Order no. 512'),
(513, 'Order no. 513'),
(514, 'Order no. 514'),
(515, 'Order no. 515'),
(516, 'Order no. 516'),
(517, 'Order no. 517'),
(518, 'Order no. 518'),
(519, 'Order no. 519'),
(520, 'Order no. 520'),
(521, 'Order no. 521'),
(522, 'Order no. 522'),
(523, 'Order no. 523'),
(524, 'Order no. 524'),
(525, 'Order no. 525'),
(526, 'Order no. 526'),
(527, 'Order no. 527'),
(528, 'Order no. 528'),
(529, 'Order no. 529'),
(530, 'Order no. 530'),
(531, 'Order no. 531'),
(532, 'Order no. 532'),
(533, 'Order no. 533'),
(534, 'Order no. 534'),
(535, 'Order no. 535'),
(536, 'Order no. 536'),
(537, 'Order no. 537'),
(538, 'Order no. 538'),
(539, 'Order no. 539'),
(540, 'Order no. 540'),
(541, 'Order no. 541'),
(542, 'Order no. 542'),
(543, 'Order no. 543'),
(544, 'Order no. 544'),
(545, 'Order no. 545'),
(546, 'Order no. 546'),
(547, 'Order no. 547'),
(548, 'Order no. 548'),
(549, 'Order no. 549'),
(550, 'Order no. 550'),
(551, 'Order no. 551'),
(552, 'Order no. 552'),
(553, 'Order no. 553'),
(554, 'Order no. 554'),
(555, 'Order no. 555'),
(556, 'Order no. 556'),
(557, 'Order no. 557'),
(558, 'Order no. 558'),
(559, 'Order no. 559'),
(560, 'Order no. 560'),
(561, 'Order no. 561'),
(562, 'Order no. 562'),
(563, 'Order no. 563'),
(564, 'Order no. 564'),
(565, 'Order no. 565'),
(566, 'Order no. 566'),
(567, 'Order no. 567'),
(568, 'Order no. 568'),
(569, 'Order no. 569'),
(570, 'Order no. 570'),
(571, 'Order no. 571'),
(572, 'Order no. 572'),
(573, 'Order no. 573'),
(574, 'Order no. 574'),
(575, 'Order no. 575'),
(576, 'Order no. 576'),
(577, 'Order no. 577'),
(578, 'Order no. 578'),
(579, 'Order no. 579'),
(580, 'Order no. 580'),
(581, 'Order no. 581'),
(582, 'Order no. 582'),
(583, 'Order no. 583'),
(584, 'Order no. 584'),
(585, 'Order no. 585'),
(586, 'Order no. 586'),
(587, 'Order no. 587'),
(588, 'Order no. 588'),
(589, 'Order no. 589'),
(590, 'Order no. 590'),
(591, 'Order no. 591'),
(592, 'Order no. 592'),
(593, 'Order no. 593'),
(594, 'Order no. 594'),
(595, 'Order no. 595'),
(596, 'Order no. 596'),
(597, 'Order no. 597'),
(598, 'Order no. 598'),
(599, 'Order no. 599'),
(600, 'Order no. 600'),
(601, 'Order no. 601'),
(602, 'Order no. 602'),
(603, 'Order no. 603'),
(604, 'Order no. 604'),
(605, 'Order no. 605'),
(606, 'Order no. 606'),
(607, 'Order no. 607'),
(608, 'Order no. 608'),
(609, 'Order no. 609'),
(610, 'Order no. 610'),
(611, 'Order no. 611'),
(612, 'Order no. 612'),
(613, 'Order no. 613'),
(614, 'Order no. 614'),
(615, 'Order no. 615'),
(616, 'Order no. 616'),
(617, 'Order no. 617'),
(618, 'Order no. 618'),
(619, 'Order no. 619'),
(620, 'Order no. 620'),
(621, 'Order no. 621'),
(622, 'Order no. 622'),
(623, 'Order no. 623'),
(624, 'Order no. 624'),
(625, 'Order no. 625'),
(626, 'Order no. 626'),
(627, 'Order no. 627'),
(628, 'Order no. 628'),
(629, 'Order no. 629'),
(630, 'Order no. 630'),
(631, 'Order no. 631'),
(632, 'Order no. 632'),
(633, 'Order no. 633'),
(634, 'Order no. 634'),
(635, 'Order no. 635'),
(636, 'Order no. 636'),
(637, 'Order no. 637'),
(638, 'Order no. 638'),
(639, 'Order no. 639'),
(640, 'Order no. 640'),
(641, 'Order no. 641'),
(642, 'Order no. 642'),
(643, 'Order no. 643'),
(644, 'Order no. 644'),
(645, 'Order no. 645'),
(646, 'Order no. 646'),
(647, 'Order no. 647'),
(648, 'Order no. 648'),
(649, 'Order no. 649'),
(650, 'Order no. 650'),
(651, 'Order no. 651'),
(652, 'Order no. 652'),
(653, 'Order no. 653'),
(654, 'Order no. 654'),
(655, 'Order no. 655'),
(656, 'Order no. 656'),
(657, 'Order no. 657'),
(658, 'Order no. 658'),
(659, 'Order no. 659'),
(660, 'Order no. 660'),
(661, 'Order no. 661'),
(662, 'Order no. 662'),
(663, 'Order no. 663'),
(664, 'Order no. 664'),
(665, 'Order no. 665'),
(666, 'Order no. 666'),
(667, 'Order no. 667'),
(668, 'Order no. 668'),
(669, 'Order no. 669'),
(670, 'Order no. 670'),
(671, 'Order no. 671'),
(672, 'Order no. 672'),
(673, 'Order no. 673'),
(674, 'Order no. 674'),
(675, 'Order no. 675'),
(676, 'Order no. 676'),
(677, 'Order no. 677'),
(678, 'Order no. 678'),
(679, 'Order no. 679'),
(680, 'Order no. 680'),
(681, 'Order no. 681'),
(682, 'Order no. 682'),
(683, 'Order no. 683'),
(684, 'Order no. 684'),
(685, 'Order no. 685'),
(686, 'Order no. 686'),
(687, 'Order no. 687'),
(688, 'Order no. 688'),
(689, 'Order no. 689'),
(690, 'Order no. 690'),
(691, 'Order no. 691'),
(692, 'Order no. 692'),
(693, 'Order no. 693'),
(694, 'Order no. 694'),
(695, 'Order no. 695'),
(696, 'Order no. 696'),
(697, 'Order no. 697'),
(698, 'Order no. 698'),
(699, 'Order no. 699'),
(700, 'Order no. 700'),
(701, 'Order no. 701'),
(702, 'Order no. 702'),
(703, 'Order no. 703'),
(704, 'Order no. 704'),
(705, 'Order no. 705'),
(706, 'Order no. 706'),
(707, 'Order no. 707'),
(708, 'Order no. 708'),
(709, 'Order no. 709'),
(710, 'Order no. 710'),
(711, 'Order no. 711'),
(712, 'Order no. 712'),
(713, 'Order no. 713'),
(714, 'Order no. 714'),
(715, 'Order no. 715'),
(716, 'Order no. 716'),
(717, 'Order no. 717'),
(718, 'Order no. 718'),
(719, 'Order no. 719'),
(720, 'Order no. 720'),
(721, 'Order no. 721'),
(722, 'Order no. 722'),
(723, 'Order no. 723'),
(724, 'Order no. 724'),
(725, 'Order no. 725'),
(726, 'Order no. 726'),
(727, 'Order no. 727'),
(728, 'Order no. 728'),
(729, 'Order no. 729'),
(730, 'Order no. 730'),
(731, 'Order no. 731'),
(732, 'Order no. 732'),
(733, 'Order no. 733'),
(734, 'Order no. 734'),
(735, 'Order no. 735'),
(736, 'Order no. 736'),
(737, 'Order no. 737'),
(738, 'Order no. 738'),
(739, 'Order no. 739'),
(740, 'Order no. 740'),
(741, 'Order no. 741'),
(742, 'Order no. 742'),
(743, 'Order no. 743'),
(744, 'Order no. 744'),
(745, 'Order no. 745'),
(746, 'Order no. 746'),
(747, 'Order no. 747'),
(748, 'Order no. 748'),
(749, 'Order no. 749'),
(750, 'Order no. 750'),
(751, 'Order no. 751'),
(752, 'Order no. 752'),
(753, 'Order no. 753'),
(754, 'Order no. 754'),
(755, 'Order no. 755'),
(756, 'Order no. 756'),
(757, 'Order no. 757'),
(758, 'Order no. 758'),
(759, 'Order no. 759'),
(760, 'Order no. 760'),
(761, 'Order no. 761'),
(762, 'Order no. 762'),
(763, 'Order no. 763'),
(764, 'Order no. 764'),
(765, 'Order no. 765'),
(766, 'Order no. 766'),
(767, 'Order no. 767'),
(768, 'Order no. 768'),
(769, 'Order no. 769'),
(770, 'Order no. 770'),
(771, 'Order no. 771'),
(772, 'Order no. 772'),
(773, 'Order no. 773'),
(774, 'Order no. 774'),
(775, 'Order no. 775'),
(776, 'Order no. 776'),
(777, 'Order no. 777'),
(778, 'Order no. 778'),
(779, 'Order no. 779'),
(780, 'Order no. 780'),
(781, 'Order no. 781'),
(782, 'Order no. 782'),
(783, 'Order no. 783'),
(784, 'Order no. 784'),
(785, 'Order no. 785'),
(786, 'Order no. 786'),
(787, 'Order no. 787'),
(788, 'Order no. 788'),
(789, 'Order no. 789'),
(790, 'Order no. 790'),
(791, 'Order no. 791'),
(792, 'Order no. 792'),
(793, 'Order no. 793'),
(794, 'Order no. 794'),
(795, 'Order no. 795'),
(796, 'Order no. 796'),
(797, 'Order no. 797'),
(798, 'Order no. 798'),
(799, 'Order no. 799'),
(800, 'Order no. 800'),
(801, 'Order no. 801'),
(802, 'Order no. 802'),
(803, 'Order no. 803'),
(804, 'Order no. 804'),
(805, 'Order no. 805'),
(806, 'Order no. 806'),
(807, 'Order no. 807'),
(808, 'Order no. 808'),
(809, 'Order no. 809'),
(810, 'Order no. 810'),
(811, 'Order no. 811'),
(812, 'Order no. 812'),
(813, 'Order no. 813'),
(814, 'Order no. 814'),
(815, 'Order no. 815'),
(816, 'Order no. 816'),
(817, 'Order no. 817'),
(818, 'Order no. 818'),
(819, 'Order no. 819'),
(820, 'Order no. 820'),
(821, 'Order no. 821'),
(822, 'Order no. 822'),
(823, 'Order no. 823'),
(824, 'Order no. 824'),
(825, 'Order no. 825'),
(826, 'Order no. 826'),
(827, 'Order no. 827'),
(828, 'Order no. 828'),
(829, 'Order no. 829'),
(830, 'Order no. 830'),
(831, 'Order no. 831'),
(832, 'Order no. 832'),
(833, 'Order no. 833'),
(834, 'Order no. 834'),
(835, 'Order no. 835'),
(836, 'Order no. 836'),
(837, 'Order no. 837'),
(838, 'Order no. 838'),
(839, 'Order no. 839'),
(840, 'Order no. 840'),
(841, 'Order no. 841'),
(842, 'Order no. 842'),
(843, 'Order no. 843'),
(844, 'Order no. 844'),
(845, 'Order no. 845'),
(846, 'Order no. 846'),
(847, 'Order no. 847'),
(848, 'Order no. 848'),
(849, 'Order no. 849'),
(850, 'Order no. 850'),
(851, 'Order no. 851'),
(852, 'Order no. 852'),
(853, 'Order no. 853'),
(854, 'Order no. 854'),
(855, 'Order no. 855'),
(856, 'Order no. 856'),
(857, 'Order no. 857'),
(858, 'Order no. 858'),
(859, 'Order no. 859'),
(860, 'Order no. 860'),
(861, 'Order no. 861'),
(862, 'Order no. 862'),
(863, 'Order no. 863'),
(864, 'Order no. 864'),
(865, 'Order no. 865'),
(866, 'Order no. 866'),
(867, 'Order no. 867'),
(868, 'Order no. 868'),
(869, 'Order no. 869'),
(870, 'Order no. 870'),
(871, 'Order no. 871'),
(872, 'Order no. 872'),
(873, 'Order no. 873'),
(874, 'Order no. 874'),
(875, 'Order no. 875'),
(876, 'Order no. 876'),
(877, 'Order no. 877'),
(878, 'Order no. 878'),
(879, 'Order no. 879'),
(880, 'Order no. 880'),
(881, 'Order no. 881'),
(882, 'Order no. 882'),
(883, 'Order no. 883'),
(884, 'Order no. 884'),
(885, 'Order no. 885'),
(886, 'Order no. 886'),
(887, 'Order no. 887'),
(888, 'Order no. 888'),
(889, 'Order no. 889'),
(890, 'Order no. 890'),
(891, 'Order no. 891'),
(892, 'Order no. 892'),
(893, 'Order no. 893'),
(894, 'Order no. 894'),
(895, 'Order no. 895'),
(896, 'Order no. 896'),
(897, 'Order no. 897'),
(898, 'Order no. 898'),
(899, 'Order no. 899'),
(900, 'Order no. 900'),
(901, 'Order no. 901'),
(902, 'Order no. 902'),
(903, 'Order no. 903'),
(904, 'Order no. 904'),
(905, 'Order no. 905'),
(906, 'Order no. 906'),
(907, 'Order no. 907'),
(908, 'Order no. 908'),
(909, 'Order no. 909'),
(910, 'Order no. 910'),
(911, 'Order no. 911'),
(912, 'Order no. 912'),
(913, 'Order no. 913'),
(914, 'Order no. 914'),
(915, 'Order no. 915'),
(916, 'Order no. 916'),
(917, 'Order no. 917'),
(918, 'Order no. 918'),
(919, 'Order no. 919'),
(920, 'Order no. 920'),
(921, 'Order no. 921'),
(922, 'Order no. 922'),
(923, 'Order no. 923'),
(924, 'Order no. 924'),
(925, 'Order no. 925'),
(926, 'Order no. 926'),
(927, 'Order no. 927'),
(928, 'Order no. 928'),
(929, 'Order no. 929'),
(930, 'Order no. 930'),
(931, 'Order no. 931'),
(932, 'Order no. 932'),
(933, 'Order no. 933'),
(934, 'Order no. 934'),
(935, 'Order no. 935'),
(936, 'Order no. 936'),
(937, 'Order no. 937'),
(938, 'Order no. 938'),
(939, 'Order no. 939'),
(940, 'Order no. 940'),
(941, 'Order no. 941'),
(942, 'Order no. 942'),
(943, 'Order no. 943'),
(944, 'Order no. 944'),
(945, 'Order no. 945'),
(946, 'Order no. 946'),
(947, 'Order no. 947'),
(948, 'Order no. 948'),
(949, 'Order no. 949'),
(950, 'Order no. 950'),
(951, 'Order no. 951'),
(952, 'Order no. 952'),
(953, 'Order no. 953'),
(954, 'Order no. 954'),
(955, 'Order no. 955'),
(956, 'Order no. 956'),
(957, 'Order no. 957'),
(958, 'Order no. 958'),
(959, 'Order no. 959'),
(960, 'Order no. 960'),
(961, 'Order no. 961'),
(962, 'Order no. 962'),
(963, 'Order no. 963'),
(964, 'Order no. 964'),
(965, 'Order no. 965'),
(966, 'Order no. 966'),
(967, 'Order no. 967'),
(968, 'Order no. 968'),
(969, 'Order no. 969'),
(970, 'Order no. 970'),
(971, 'Order no. 971'),
(972, 'Order no. 972'),
(973, 'Order no. 973'),
(974, 'Order no. 974'),
(975, 'Order no. 975'),
(976, 'Order no. 976'),
(977, 'Order no. 977'),
(978, 'Order no. 978'),
(979, 'Order no. 979'),
(980, 'Order no. 980'),
(981, 'Order no. 981'),
(982, 'Order no. 982'),
(983, 'Order no. 983'),
(984, 'Order no. 984'),
(985, 'Order no. 985'),
(986, 'Order no. 986'),
(987, 'Order no. 987'),
(988, 'Order no. 988'),
(989, 'Order no. 989'),
(990, 'Order no. 990'),
(991, 'Order no. 991'),
(992, 'Order no. 992'),
(993, 'Order no. 993'),
(994, 'Order no. 994'),
(995, 'Order no. 995'),
(996, 'Order no. 996'),
(997, 'Order no. 997'),
(998, 'Order no. 998'),
(999, 'Order no. 999');

-- --------------------------------------------------------

--
-- Table structure for table `staff`
--

CREATE TABLE `staff` (
  `id` int(11) NOT NULL,
  `name` varchar(64) COLLATE utf8_unicode_ci NOT NULL,
  `staff_role` varchar(32) COLLATE utf8_unicode_ci NOT NULL
) ENGINE=InnoDB DEFAULT CHARSET=utf8 COLLATE=utf8_unicode_ci;

--
-- Dumping data for table `staff`
--

INSERT INTO `staff` (`id`, `name`, `staff_role`) VALUES
(1, 'Bryan Donut', 'waiter'),
(2, 'Tom Scott', 'waiter'),
(3, 'Rena McArthur', 'cashier'),
(4, 'Amy Rhubart', 'waiter');

-- --------------------------------------------------------

--
-- Table structure for table `tables`
--

CREATE TABLE `tables` (
  `number` int(11) NOT NULL,
  `seats` int(11) NOT NULL DEFAULT '2',
  `details` varchar(128) COLLATE utf8_unicode_ci NOT NULL
) ENGINE=InnoDB DEFAULT CHARSET=utf8 COLLATE=utf8_unicode_ci;

--
-- Dumping data for table `tables`
--

INSERT INTO `tables` (`number`, `seats`, `details`) VALUES
(1, 4, 'Next to a window.'),
(2, 2, 'Low light.'),
(3, 6, 'Next to kitchen.'),
(4, 4, 'Too close to bathroom.'),
(5, 2, 'Very romantic.');

--
-- Indexes for dumped tables
--

--
-- Indexes for table `booking_origins`
--
ALTER TABLE `booking_origins`
  ADD PRIMARY KEY (`id`);

--
-- Indexes for table `customers`
--
ALTER TABLE `customers`
  ADD PRIMARY KEY (`id`);

--
-- Indexes for table `dates`
--
ALTER TABLE `dates`
  ADD PRIMARY KEY (`id`),
  ADD KEY `year` (`year`),
  ADD KEY `month` (`month`),
  ADD KEY `day` (`week`),
  ADD KEY `quarter` (`quarter`);

--
-- Indexes for table `fact_bookings`
--
ALTER TABLE `fact_bookings`
  ADD PRIMARY KEY (`id`),
  ADD KEY `customer_id` (`customer_id`),
  ADD KEY `table_number` (`table_number`),
  ADD KEY `date_booked` (`date_booked`),
  ADD KEY `date_booking` (`date_booking`),
  ADD KEY `booking_origin` (`booking_origin`);

--
-- Indexes for table `fact_order_items`
--
ALTER TABLE `fact_order_items`
  ADD PRIMARY KEY (`id`),
  ADD KEY `order_id` (`order_id`),
  ADD KEY `customer_id` (`customer_id`),
  ADD KEY `staff_id` (`staff_id`),
  ADD KEY `table_number` (`table_number`),
  ADD KEY `date_id` (`date_id`),
  ADD KEY `menu_item_id` (`menu_item_id`);

--
-- Indexes for table `menu_items`
--
ALTER TABLE `menu_items`
  ADD PRIMARY KEY (`id`);

--
-- Indexes for table `menu_item_ingredients`
--
ALTER TABLE `menu_item_ingredients`
  ADD PRIMARY KEY (`id`),
  ADD KEY `menu_item` (`menu_item_id`);

--
-- Indexes for table `orders`
--
ALTER TABLE `orders`
  ADD PRIMARY KEY (`id`);

--
-- Indexes for table `staff`
--
ALTER TABLE `staff`
  ADD PRIMARY KEY (`id`);

--
-- Indexes for table `tables`
--
ALTER TABLE `tables`
  ADD PRIMARY KEY (`number`);

--
-- AUTO_INCREMENT for dumped tables
--

--
-- AUTO_INCREMENT for table `booking_origins`
--
ALTER TABLE `booking_origins`
  MODIFY `id` int(11) NOT NULL AUTO_INCREMENT, AUTO_INCREMENT=5;
--
-- AUTO_INCREMENT for table `customers`
--
ALTER TABLE `customers`
  MODIFY `id` int(11) NOT NULL AUTO_INCREMENT, AUTO_INCREMENT=1000;
--
-- AUTO_INCREMENT for table `dates`
--
ALTER TABLE `dates`
  MODIFY `id` int(11) NOT NULL AUTO_INCREMENT, AUTO_INCREMENT=97;
--
-- AUTO_INCREMENT for table `fact_bookings`
--
ALTER TABLE `fact_bookings`
  MODIFY `id` int(11) NOT NULL AUTO_INCREMENT, AUTO_INCREMENT=501;
--
-- AUTO_INCREMENT for table `fact_order_items`
--
ALTER TABLE `fact_order_items`
  MODIFY `id` int(11) NOT NULL AUTO_INCREMENT, AUTO_INCREMENT=3126;
--
-- AUTO_INCREMENT for table `menu_items`
--
ALTER TABLE `menu_items`
  MODIFY `id` int(11) NOT NULL AUTO_INCREMENT, AUTO_INCREMENT=9;
--
-- AUTO_INCREMENT for table `menu_item_ingredients`
--
ALTER TABLE `menu_item_ingredients`
  MODIFY `id` int(11) NOT NULL AUTO_INCREMENT, AUTO_INCREMENT=7;
--
-- AUTO_INCREMENT for table `orders`
--
ALTER TABLE `orders`
  MODIFY `id` int(11) NOT NULL AUTO_INCREMENT, AUTO_INCREMENT=1000;
--
-- AUTO_INCREMENT for table `staff`
--
ALTER TABLE `staff`
  MODIFY `id` int(11) NOT NULL AUTO_INCREMENT, AUTO_INCREMENT=5;
--
-- AUTO_INCREMENT for table `tables`
--
ALTER TABLE `tables`
  MODIFY `number` int(11) NOT NULL AUTO_INCREMENT, AUTO_INCREMENT=6;
--
-- Constraints for dumped tables
--

--
-- Constraints for table `fact_bookings`
--
ALTER TABLE `fact_bookings`
  ADD CONSTRAINT `fact_bookings_ibfk_1` FOREIGN KEY (`customer_id`) REFERENCES `customers` (`id`),
  ADD CONSTRAINT `fact_bookings_ibfk_2` FOREIGN KEY (`table_number`) REFERENCES `tables` (`number`),
  ADD CONSTRAINT `fact_bookings_ibfk_3` FOREIGN KEY (`booking_origin`) REFERENCES `booking_origins` (`id`),
  ADD CONSTRAINT `fact_bookings_ibfk_4` FOREIGN KEY (`date_booked`) REFERENCES `dates` (`id`);

/*!40101 SET CHARACTER_SET_CLIENT=@OLD_CHARACTER_SET_CLIENT */;
/*!40101 SET CHARACTER_SET_RESULTS=@OLD_CHARACTER_SET_RESULTS */;
/*!40101 SET COLLATION_CONNECTION=@OLD_COLLATION_CONNECTION */;
